Commit,Date,Test,Checks,Latency (mean),Latency (median),Latency (min),Latency (max),Latency (stddev),Bandwidth (mean),Bandwidth (median),Bandwidth (min),Bandwidth (max),Bandwidth (stddev),GFLOP/s (mean),GFLOP/s (median),GFLOP/s (min),GFLOP/s (max),GFLOP/s (stddev)
0999a9a053dc7d86a167bb9fd37a2195e3b68022,2025-11-13 20:43:24,axpy_1_cols_2_channels_1024_tile_1024_10.0,5/5,138.8,138.0,130.0,144.0,5.15363949069005,0.041283339999999995,0.0414641,0.0397364,0.0440157,0.0015695340870462164,,,,,
003b49d76a1d174b2f64f504bb20f708c964b4b1,2025-11-14 19:12:15,axpy_1_cols_2_channels_1024_tile_1024_10.0,5/5,161.8,156.0,151.0,180.0,10.533755265810955,0.035508660000000004,0.0366798,0.0317891,0.0378943,0.0022104131293493525,,,,,
0999a9a053dc7d86a167bb9fd37a2195e3b68022,2025-11-13 20:43:24,axpy_1_cols_2_channels_1024_tile_1024_3.0,5/5,120.8,122.0,89.0,153.0,20.34109141614579,0.04880416,0.046902,0.037399,0.0642927,0.00870419900062033,,,,,
003b49d76a1d174b2f64f504bb20f708c964b4b1,2025-11-14 19:12:15,axpy_1_cols_2_channels_1024_tile_1024_3.0,5/5,155.4,158.0,127.0,180.0,22.676860452893386,0.0376396,0.0362155,0.0317891,0.0450555,0.005622727074294109,,,,,
0999a9a053dc7d86a167bb9fd37a2195e3b68022,2025-11-13 20:43:24,axpy_1_cols_2_channels_2048_tile_2048_10.0,5/5,155.8,181.0,101.0,186.0,34.20760149440472,0.07786418,0.063227,0.0615274,0.113308,0.020273249515792974,,,,,
003b49d76a1d174b2f64f504bb20f708c964b4b1,2025-11-14 19:12:15,axpy_1_cols_2_channels_2048_tile_2048_10.0,5/5,148.8,124.0,118.0,221.0,39.816579461324906,0.08165022,0.0922911,0.0517832,0.0969838,0.017924293574520585,,,,,
0999a9a053dc7d86a167bb9fd37a2195e3b68022,2025-11-13 20:43:24,axpy_1_cols_2_channels_2048_tile_2048_3.0,5/5,159.4,170.0,123.0,189.0,25.819372571772536,0.07385196000000001,0.0673182,0.0605508,0.0930414,0.012748499462540678,,,,,
003b49d76a1d174b2f64f504bb20f708c964b4b1,2025-11-14 19:12:15,axpy_1_cols_2_channels_2048_tile_2048_3.0,5/5,122.4,118.0,115.0,139.0,8.708616422830897,0.09393668,0.0969838,0.0823316,0.0995138,0.0061788821339786035,,,,,
0999a9a053dc7d86a167bb9fd37a2195e3b68022,2025-11-13 20:43:24,axpy_1_cols_2_channels_4096_tile_4096_10.0,5/5,176.4,155.0,143.0,260.0,42.603286258221914,0.1357707,0.147666,0.0880315,0.160057,0.02510763210579604,,,,,
003b49d76a1d174b2f64f504bb20f708c964b4b1,2025-11-14 19:12:15,axpy_1_cols_2_channels_4096_tile_4096_10.0,5/5,196.0,180.0,162.0,271.0,38.63159328839544,0.12055584,0.127157,0.0844582,0.141285,0.019323036178157924,,,,,
0999a9a053dc7d86a167bb9fd37a2195e3b68022,2025-11-13 20:43:24,axpy_1_cols_2_channels_4096_tile_4096_3.0,5/5,167.4,159.0,127.0,230.0,33.885690195125136,0.14180675999999998,0.143951,0.0995138,0.180222,0.025651074971439303,,,,,
003b49d76a1d174b2f64f504bb20f708c964b4b1,2025-11-14 19:12:15,axpy_1_cols_2_channels_4096_tile_4096_3.0,5/5,142.6,138.0,122.0,164.0,14.77294825009551,0.1622386,0.165856,0.139562,0.187608,0.016790413831707665,,,,,
0999a9a053dc7d86a167bb9fd37a2195e3b68022,2025-11-13 20:43:24,axpy_1_cols_2_channels_8192_tile_8192_10.0,5/5,154.4,155.0,141.0,165.0,8.187795796183488,0.2973352,0.295331,0.277433,0.324655,0.016165028356300536,,,,,
003b49d76a1d174b2f64f504bb20f708c964b4b1,2025-11-14 19:12:15,axpy_1_cols_2_channels_8192_tile_8192_10.0,5/5,201.6,182.0,162.0,281.0,44.66139272346979,0.2370286,0.251519,0.162905,0.28257,0.0454632229328278,,,,,
0999a9a053dc7d86a167bb9fd37a2195e3b68022,2025-11-13 20:43:24,axpy_1_cols_2_channels_8192_tile_8192_3.0,5/5,159.2,166.0,105.0,193.0,29.075075236360096,0.3001022,0.275761,0.237183,0.435965,0.06958908171660264,,,,,
003b49d76a1d174b2f64f504bb20f708c964b4b1,2025-11-14 19:12:15,axpy_1_cols_2_channels_8192_tile_8192_3.0,5/5,189.8,177.0,157.0,257.0,35.88537306480176,0.2486792,0.258624,0.178118,0.291569,0.040014885717192805,,,,,
0999a9a053dc7d86a167bb9fd37a2195e3b68022,2025-11-13 20:43:24,axpy_2_cols_2_channels_1024_tile_512_10.0,5/5,142.8,147.0,116.0,157.0,15.065191668213185,0.040568719999999996,0.0389255,0.0364462,0.049328,0.004740163147993959,,,,,
003b49d76a1d174b2f64f504bb20f708c964b4b1,2025-11-14 19:12:15,axpy_2_cols_2_channels_1024_tile_512_10.0,5/5,166.0,172.0,131.0,182.0,18.231840280125315,0.034959439999999994,0.0332677,0.0314398,0.0436797,0.004465212094223522,,,,,
0999a9a053dc7d86a167bb9fd37a2195e3b68022,2025-11-13 20:43:24,axpy_2_cols_2_channels_1024_tile_512_3.0,5/5,134.2,123.0,113.0,164.0,21.103554203024665,0.04365864,0.0465207,0.0348905,0.0506376,0.006501953432807711,,,,,
003b49d76a1d174b2f64f504bb20f708c964b4b1,2025-11-14 19:12:15,axpy_2_cols_2_channels_1024_tile_512_3.0,5/5,153.6,159.0,138.0,167.0,11.128342194594845,0.037454100000000004,0.0359877,0.0342637,0.0414641,0.0027793813959224806,,,,,
0999a9a053dc7d86a167bb9fd37a2195e3b68022,2025-11-13 20:43:24,axpy_2_cols_2_channels_2048_tile_1024_10.0,5/5,143.8,143.0,118.0,171.0,17.61135997020105,0.08079962,0.0800286,0.0669245,0.0969838,0.010011678911631156,,,,,
003b49d76a1d174b2f64f504bb20f708c964b4b1,2025-11-14 19:12:15,axpy_2_cols_2_channels_2048_tile_1024_10.0,5/5,168.2,154.0,138.0,242.0,37.6956230880987,0.07079912,0.0743123,0.0472896,0.0829282,0.012407800853882205,,,,,
0999a9a053dc7d86a167bb9fd37a2195e3b68022,2025-11-13 20:43:24,axpy_2_cols_2_channels_2048_tile_1024_3.0,5/5,167.0,166.0,157.0,186.0,10.430723848324238,0.06878212,0.0689403,0.0615274,0.0728923,0.004081735435522491,,,,,
003b49d76a1d174b2f64f504bb20f708c964b4b1,2025-11-14 19:12:15,axpy_2_cols_2_channels_2048_tile_1024_3.0,5/5,150.4,153.0,128.0,170.0,14.178857499812882,0.07679656,0.074798,0.0673182,0.089407,0.007514797988395964,,,,,
0999a9a053dc7d86a167bb9fd37a2195e3b68022,2025-11-13 20:43:24,axpy_2_cols_2_channels_4096_tile_2048_10.0,5/5,168.2,160.0,148.0,194.0,19.518196638009364,0.1378742,0.143051,0.11798,0.15465,0.015503602941252078,,,,,
003b49d76a1d174b2f64f504bb20f708c964b4b1,2025-11-14 19:12:15,axpy_2_cols_2_channels_4096_tile_2048_10.0,5/5,163.6,167.0,138.0,181.0,14.136477637657833,0.1410432,0.137055,0.126454,0.165856,0.013238510179019388,,,,,
0999a9a053dc7d86a167bb9fd37a2195e3b68022,2025-11-13 20:43:24,axpy_2_cols_2_channels_4096_tile_2048_3.0,5/5,176.2,164.0,127.0,270.0,49.101527471149,0.13831301999999998,0.139562,0.0847711,0.180222,0.031012537573078404,,,,,
003b49d76a1d174b2f64f504bb20f708c964b4b1,2025-11-14 19:12:15,axpy_2_cols_2_channels_4096_tile_2048_3.0,5/5,155.4,153.0,123.0,180.0,19.458674158328463,0.1498098,0.149596,0.127157,0.186083,0.020309147194306314,,,,,
0999a9a053dc7d86a167bb9fd37a2195e3b68022,2025-11-13 20:43:24,axpy_2_cols_2_channels_8192_tile_4096_10.0,5/5,154.6,153.0,141.0,172.0,9.971960689854328,0.297296,0.299192,0.266142,0.324655,0.01866265326259909,,,,,
003b49d76a1d174b2f64f504bb20f708c964b4b1,2025-11-14 19:12:15,axpy_2_cols_2_channels_8192_tile_4096_10.0,5/5,191.2,165.0,136.0,268.0,52.15898772023859,0.25687859999999996,0.277433,0.170807,0.336591,0.06462974353840498,,,,,
0999a9a053dc7d86a167bb9fd37a2195e3b68022,2025-11-13 20:43:24,axpy_2_cols_2_channels_8192_tile_4096_3.0,5/5,169.0,153.0,142.0,252.0,41.727688649145186,0.2836208,0.299192,0.181652,0.322369,0.05179381165892312,,,,,
003b49d76a1d174b2f64f504bb20f708c964b4b1,2025-11-14 19:12:15,axpy_2_cols_2_channels_8192_tile_4096_3.0,5/5,190.6,170.0,154.0,262.0,38.92351474366106,0.248949,0.269273,0.174719,0.297249,0.043415724469367076,,,,,
0999a9a053dc7d86a167bb9fd37a2195e3b68022,2025-11-13 20:43:24,axpy_4_cols_2_channels_1024_tile_256_10.0,5/5,137.0,141.0,104.0,154.0,17.854971296532515,0.0426075,0.0405819,0.0371561,0.0550197,0.006483009554211686,,,,,
003b49d76a1d174b2f64f504bb20f708c964b4b1,2025-11-14 19:12:15,axpy_4_cols_2_channels_1024_tile_256_10.0,5/5,191.8,184.0,158.0,220.0,24.20247921184935,0.03031946,0.0310981,0.0260093,0.0362155,0.003869157277547657,,,,,
0999a9a053dc7d86a167bb9fd37a2195e3b68022,2025-11-13 20:43:24,axpy_4_cols_2_channels_1024_tile_256_3.0,5/5,130.2,118.0,116.0,158.0,17.255723688098392,0.04467554,0.0484919,0.0362155,0.049328,0.00549826894380404,,,,,
003b49d76a1d174b2f64f504bb20f708c964b4b1,2025-11-14 19:12:15,axpy_4_cols_2_channels_1024_tile_256_3.0,5/5,218.8,185.0,166.0,362.0,72.59586765098962,0.02830814,0.03093,0.0158068,0.0344702,0.006570763813012913,,,,,
0999a9a053dc7d86a167bb9fd37a2195e3b68022,2025-11-13 20:43:24,axpy_4_cols_2_channels_2048_tile_512_10.0,5/5,128.6,131.0,117.0,134.0,6.019966777316964,0.08919752,0.0873595,0.0854037,0.0978128,0.004437959565566142,,,,,
003b49d76a1d174b2f64f504bb20f708c964b4b1,2025-11-14 19:12:15,axpy_4_cols_2_channels_2048_tile_512_10.0,5/5,189.0,175.0,123.0,298.0,58.20309270133332,0.06563716,0.0653948,0.038403,0.0930414,0.017347748896222818,,,,,
0999a9a053dc7d86a167bb9fd37a2195e3b68022,2025-11-13 20:43:24,axpy_4_cols_2_channels_2048_tile_512_3.0,5/5,170.2,155.0,117.0,237.0,44.35493208201316,0.07185826,0.0738329,0.0482873,0.0978128,0.01803613358617639,,,,,
003b49d76a1d174b2f64f504bb20f708c964b4b1,2025-11-14 19:12:15,axpy_4_cols_2_channels_2048_tile_512_3.0,5/5,150.0,142.0,126.0,195.0,23.55419283269966,0.0779401,0.0805922,0.0586877,0.0908261,0.010566090351118527,,,,,
0999a9a053dc7d86a167bb9fd37a2195e3b68022,2025-11-13 20:43:24,axpy_4_cols_2_channels_4096_tile_1024_10.0,5/5,148.8,125.0,111.0,233.0,43.938138331067236,0.1646461,0.183105,0.0982325,0.2062,0.03732118064638362,,,,,
003b49d76a1d174b2f64f504bb20f708c964b4b1,2025-11-14 19:12:15,axpy_4_cols_2_channels_4096_tile_1024_10.0,5/5,141.6,136.0,119.0,169.0,16.680527569594435,0.16384400000000002,0.168295,0.135433,0.192338,0.018847097314971348,,,,,
0999a9a053dc7d86a167bb9fd37a2195e3b68022,2025-11-13 20:43:24,axpy_4_cols_2_channels_4096_tile_1024_3.0,5/5,180.2,158.0,124.0,237.0,44.38197832454069,0.13500612,0.144862,0.0965746,0.184582,0.03291153396573304,,,,,
003b49d76a1d174b2f64f504bb20f708c964b4b1,2025-11-14 19:12:15,axpy_4_cols_2_channels_4096_tile_1024_3.0,5/5,138.2,137.0,135.0,145.0,3.7094473981982814,0.16573279999999999,0.167067,0.15785,0.169542,0.00433781296968876,,,,,
0999a9a053dc7d86a167bb9fd37a2195e3b68022,2025-11-13 20:43:24,axpy_4_cols_2_channels_8192_tile_2048_10.0,5/5,168.6,174.0,113.0,192.0,28.945465966192355,0.2821746,0.263083,0.238419,0.405101,0.0624589444726694,,,,,
003b49d76a1d174b2f64f504bb20f708c964b4b1,2025-11-14 19:12:15,axpy_4_cols_2_channels_8192_tile_2048_10.0,5/5,162.4,164.0,119.0,212.0,32.30232189796888,0.2934344,0.279124,0.215926,0.384675,0.059031784803104156,,,,,
0999a9a053dc7d86a167bb9fd37a2195e3b68022,2025-11-13 20:43:24,axpy_4_cols_2_channels_8192_tile_2048_3.0,5/5,207.0,188.0,116.0,284.0,62.353829072479584,0.24549300000000002,0.243491,0.161184,0.394624,0.08401553214495519,,,,,
003b49d76a1d174b2f64f504bb20f708c964b4b1,2025-11-14 19:12:15,axpy_4_cols_2_channels_8192_tile_2048_3.0,5/5,213.4,213.0,183.0,253.0,24.418026128252055,0.21726220000000002,0.214913,0.180934,0.250144,0.024176878701767927,,,,,
0999a9a053dc7d86a167bb9fd37a2195e3b68022,2025-11-13 20:43:24,axpy_8_cols_2_channels_1024_tile_128_10.0,5/5,151.6,148.0,135.0,179.0,16.16910634512619,0.03815384,0.0386625,0.0319667,0.0423855,0.0038520650355880546,,,,,
003b49d76a1d174b2f64f504bb20f708c964b4b1,2025-11-14 19:12:15,axpy_8_cols_2_channels_1024_tile_128_10.0,5/5,195.8,168.0,157.0,315.0,60.08460701377683,0.03128014,0.0340598,0.0181652,0.0364462,0.006737684203819588,,,,,
0999a9a053dc7d86a167bb9fd37a2195e3b68022,2025-11-13 20:43:24,axpy_8_cols_2_channels_1024_tile_128_3.0,5/5,159.0,151.0,140.0,183.0,16.55294535724685,0.03636898,0.0378943,0.031268,0.0408718,0.0036686184557132686,,,,,
003b49d76a1d174b2f64f504bb20f708c964b4b1,2025-11-14 19:12:15,axpy_8_cols_2_channels_1024_tile_128_3.0,5/5,151.4,150.0,139.0,165.0,9.850888284819801,0.037953799999999996,0.038147,0.0346791,0.0411658,0.002454549717565324,,,,,
0999a9a053dc7d86a167bb9fd37a2195e3b68022,2025-11-13 20:43:24,axpy_8_cols_2_channels_2048_tile_256_10.0,5/5,164.6,159.0,132.0,211.0,26.310454196003533,0.07120348,0.0719754,0.0542374,0.0866977,0.01062670435824767,,,,,
003b49d76a1d174b2f64f504bb20f708c964b4b1,2025-11-14 19:12:15,axpy_8_cols_2_channels_2048_tile_256_10.0,5/5,158.2,146.0,136.0,210.0,26.68632608659349,0.07408316000000001,0.0783842,0.0544957,0.0841477,0.010385897126507658,,,,,
0999a9a053dc7d86a167bb9fd37a2195e3b68022,2025-11-13 20:43:24,axpy_8_cols_2_channels_2048_tile_256_3.0,5/5,138.6,136.0,129.0,147.0,6.887670143089026,0.08277358,0.0841477,0.077851,0.0887139,0.00411495186528348,,,,,
003b49d76a1d174b2f64f504bb20f708c964b4b1,2025-11-14 19:12:15,axpy_8_cols_2_channels_2048_tile_256_3.0,5/5,142.2,143.0,124.0,158.0,12.204917041913886,0.08108889999999999,0.0800286,0.072431,0.0922911,0.007124834507832446,,,,,
0999a9a053dc7d86a167bb9fd37a2195e3b68022,2025-11-13 20:43:24,axpy_8_cols_2_channels_4096_tile_512_10.0,5/5,155.4,147.0,132.0,193.0,21.969069165533618,0.1500466,0.155702,0.118592,0.173395,0.019637536328164996,,,,,
003b49d76a1d174b2f64f504bb20f708c964b4b1,2025-11-14 19:12:15,axpy_8_cols_2_channels_4096_tile_512_10.0,5/5,213.2,185.0,183.0,295.0,43.09245873699945,0.11105662000000001,0.12372,0.0775871,0.125072,0.01842642260064606,,,,,
0999a9a053dc7d86a167bb9fd37a2195e3b68022,2025-11-13 20:43:24,axpy_8_cols_2_channels_4096_tile_512_3.0,5/5,181.4,158.0,134.0,269.0,47.939962453051635,0.13386304,0.144862,0.0850862,0.170807,0.029653806275862796,,,,,
003b49d76a1d174b2f64f504bb20f708c964b4b1,2025-11-14 19:12:15,axpy_8_cols_2_channels_4096_tile_512_3.0,5/5,221.4,213.0,190.0,295.0,38.49467495641443,0.10606642,0.107456,0.0775871,0.120464,0.015562557716056826,,,,,
0999a9a053dc7d86a167bb9fd37a2195e3b68022,2025-11-13 20:43:24,axpy_8_cols_2_channels_8192_tile_1024_10.0,5/5,160.0,158.0,155.0,165.0,3.847076812334269,0.2862672,0.289724,0.277433,0.295331,0.0068574018228480735,,,,,
003b49d76a1d174b2f64f504bb20f708c964b4b1,2025-11-14 19:12:15,axpy_8_cols_2_channels_8192_tile_1024_10.0,5/5,224.2,233.0,146.0,283.0,49.166655367230334,0.2159804,0.196465,0.161754,0.313537,0.05478046223828346,,,,,
0999a9a053dc7d86a167bb9fd37a2195e3b68022,2025-11-13 20:43:24,axpy_8_cols_2_channels_8192_tile_1024_3.0,5/5,160.4,162.0,127.0,183.0,20.313542280951395,0.2904094,0.28257,0.250144,0.360444,0.039880916517051106,,,,,
003b49d76a1d174b2f64f504bb20f708c964b4b1,2025-11-14 19:12:15,axpy_8_cols_2_channels_8192_tile_1024_3.0,5/5,207.4,191.0,176.0,281.0,37.65421623138636,0.2267798,0.239667,0.162905,0.260093,0.03357389239513346,,,,,
0999a9a053dc7d86a167bb9fd37a2195e3b68022,2025-11-13 20:43:24,dequant_1_cols_1_channels_1024_tile_1024,5/5,152.8,144.0,133.0,194.0,21.311030007955974,0.01626468,0.0169708,0.0125969,0.0183744,0.001953613987869661,,,,,
003b49d76a1d174b2f64f504bb20f708c964b4b1,2025-11-14 19:12:15,dequant_1_cols_1_channels_1024_tile_1024,5/5,141.0,135.0,119.0,169.0,19.05780679931455,0.01764288,0.0181022,0.0144603,0.0205361,0.0023092973393653753,,,,,
0999a9a053dc7d86a167bb9fd37a2195e3b68022,2025-11-13 20:43:24,dequant_1_cols_1_channels_2048_tile_2048,5/5,182.8,182.0,153.0,223.0,23.016515809305282,0.02714378,0.0268548,0.0219174,0.031945,0.0032571256349118627,,,,,
003b49d76a1d174b2f64f504bb20f708c964b4b1,2025-11-14 19:12:15,dequant_1_cols_1_channels_2048_tile_2048,5/5,175.8,156.0,138.0,278.0,51.57673894305456,0.02961316,0.0313306,0.0175812,0.0354173,0.006218088335364816,,,,,
0999a9a053dc7d86a167bb9fd37a2195e3b68022,2025-11-13 20:43:24,dequant_1_cols_1_channels_4096_tile_4096,5/5,149.2,123.0,109.0,224.0,43.85156781689795,0.07064802,0.0794729,0.0436391,0.0896804,0.01768876253754343,,,,,
003b49d76a1d174b2f64f504bb20f708c964b4b1,2025-11-14 19:12:15,dequant_1_cols_1_channels_4096_tile_4096,5/5,191.0,159.0,127.0,270.0,60.968844502745824,0.056443520000000004,0.061479,0.0362043,0.0769698,0.016643681251141528,,,,,
0999a9a053dc7d86a167bb9fd37a2195e3b68022,2025-11-13 20:43:24,dequant_1_cols_1_channels_8192_tile_8192,5/5,176.0,161.0,116.0,229.0,43.18796128552493,0.11840522,0.121431,0.0853726,0.168537,0.03045792555565135,,,,,
003b49d76a1d174b2f64f504bb20f708c964b4b1,2025-11-14 19:12:15,dequant_1_cols_1_channels_8192_tile_8192,5/5,164.0,157.0,143.0,204.0,22.60088493842664,0.12130118000000001,0.124524,0.0958349,0.136716,0.015258289052498646,,,,,
0999a9a053dc7d86a167bb9fd37a2195e3b68022,2025-11-13 20:43:24,dequant_1_cols_2_channels_1024_tile_512,5/5,161.6,166.0,128.0,188.0,24.113066996962456,0.01548138,0.0147216,0.0129989,0.0190921,0.002415076218590213,,,,,
003b49d76a1d174b2f64f504bb20f708c964b4b1,2025-11-14 19:12:15,dequant_1_cols_2_channels_1024_tile_512,5/5,142.0,154.0,112.0,163.0,20.503658210182884,0.01760324,0.0158688,0.0149926,0.0218196,0.0027311162594074977,,,,,
0999a9a053dc7d86a167bb9fd37a2195e3b68022,2025-11-13 20:43:24,dequant_1_cols_2_channels_2048_tile_1024,5/5,160.4,137.0,122.0,247.0,46.864058723076894,0.03267158,0.0356758,0.0197878,0.0400621,0.007658098600148735,,,,,
003b49d76a1d174b2f64f504bb20f708c964b4b1,2025-11-14 19:12:15,dequant_1_cols_2_channels_2048_tile_1024,5/5,158.0,159.0,150.0,171.0,7.536577472566709,0.031002659999999998,0.0307395,0.0285823,0.0325839,0.0014395412624860727,,,,,
0999a9a053dc7d86a167bb9fd37a2195e3b68022,2025-11-13 20:43:24,dequant_1_cols_2_channels_4096_tile_2048,5/5,135.8,138.0,123.0,146.0,7.807688518377254,0.0722275,0.0708345,0.0669532,0.0794729,0.004274932815846349,,,,,
003b49d76a1d174b2f64f504bb20f708c964b4b1,2025-11-14 19:12:15,dequant_1_cols_2_channels_4096_tile_2048,5/5,143.2,154.0,112.0,168.0,21.414014102918678,0.06992776,0.0634751,0.0581855,0.0872782,0.011178524836775198,,,,,
0999a9a053dc7d86a167bb9fd37a2195e3b68022,2025-11-13 20:43:24,dequant_1_cols_2_channels_8192_tile_4096,5/5,174.6,161.0,142.0,257.0,41.897971311269956,0.11709126,0.121431,0.0760713,0.137678,0.02148861090322965,,,,,
003b49d76a1d174b2f64f504bb20f708c964b4b1,2025-11-14 19:12:15,dequant_1_cols_2_channels_8192_tile_4096,5/5,164.4,151.0,114.0,263.0,51.33264068796773,0.12841655999999999,0.129472,0.0743358,0.171494,0.03142097780614729,,,,,
0999a9a053dc7d86a167bb9fd37a2195e3b68022,2025-11-13 20:43:24,dequant_2_cols_1_channels_1024_tile_512,5/5,136.6,140.0,96.0,154.0,21.181123671797963,0.01844174,0.0174556,0.0158688,0.0254562,0.0035739266839710064,,,,,
003b49d76a1d174b2f64f504bb20f708c964b4b1,2025-11-14 19:12:15,dequant_2_cols_1_channels_1024_tile_512,5/5,151.2,151.0,127.0,181.0,18.269099594670777,0.01639524,0.016184,0.0135016,0.0192424,0.0019386709608388939,,,,,
0999a9a053dc7d86a167bb9fd37a2195e3b68022,2025-11-13 20:43:24,dequant_2_cols_1_channels_2048_tile_1024,5/5,178.4,172.0,141.0,255.0,41.21456053386958,0.028668319999999997,0.0284162,0.019167,0.0346637,0.005592588729881717,,,,,
003b49d76a1d174b2f64f504bb20f708c964b4b1,2025-11-14 19:12:15,dequant_2_cols_1_channels_2048_tile_1024,5/5,161.0,139.0,122.0,268.0,54.596703197171166,0.03300658,0.0351625,0.0182372,0.0400621,0.007929295328438715,,,,,
0999a9a053dc7d86a167bb9fd37a2195e3b68022,2025-11-13 20:43:24,dequant_2_cols_1_channels_4096_tile_2048,5/5,165.2,168.0,144.0,176.0,11.05260150371848,0.05946158,0.0581855,0.0555407,0.0678831,0.004337278574590294,,,,,
003b49d76a1d174b2f64f504bb20f708c964b4b1,2025-11-14 19:12:15,dequant_2_cols_1_channels_4096_tile_2048,5/5,163.2,151.0,125.0,213.0,30.66202863477888,0.06195798,0.0647362,0.0458928,0.0782013,0.0111160587149223,,,,,
0999a9a053dc7d86a167bb9fd37a2195e3b68022,2025-11-13 20:43:24,dequant_2_cols_1_channels_8192_tile_4096,5/5,174.8,178.0,162.0,186.0,10.419213022104884,0.11224819999999999,0.109833,0.105109,0.120681,0.006786358740886017,,,,,
003b49d76a1d174b2f64f504bb20f708c964b4b1,2025-11-14 19:12:15,dequant_2_cols_1_channels_8192_tile_4096,5/5,155.2,154.0,144.0,166.0,9.019977827023745,0.1263942,0.12695,0.117773,0.135766,0.007328833615248746,,,,,
0999a9a053dc7d86a167bb9fd37a2195e3b68022,2025-11-13 20:43:24,dequant_2_cols_2_channels_1024_tile_256,5/5,129.0,127.0,118.0,149.0,10.601886624558858,0.01906282,0.0192424,0.0164013,0.0207101,0.0014476852798864807,,,,,
003b49d76a1d174b2f64f504bb20f708c964b4b1,2025-11-14 19:12:15,dequant_2_cols_2_channels_1024_tile_256,5/5,149.8,151.0,135.0,172.0,13.13620949893842,0.016435079999999998,0.016184,0.0142081,0.0181022,0.0013883518018139353,,,,,
0999a9a053dc7d86a167bb9fd37a2195e3b68022,2025-11-13 20:43:24,dequant_2_cols_2_channels_2048_tile_512,5/5,129.2,133.0,116.0,139.0,9.846826900072937,0.03805602,0.0367487,0.0351625,0.0421343,0.00297264555196209,,,,,
003b49d76a1d174b2f64f504bb20f708c964b4b1,2025-11-14 19:12:15,dequant_2_cols_2_channels_2048_tile_512,5/5,154.6,139.0,138.0,196.0,22.64155471693585,0.0322208,0.0351625,0.0249366,0.0354173,0.0041557897752412835,,,,,
0999a9a053dc7d86a167bb9fd37a2195e3b68022,2025-11-13 20:43:24,dequant_2_cols_2_channels_4096_tile_1024,5/5,180.8,174.0,168.0,211.0,15.509996776273036,0.0544269,0.0561791,0.0463278,0.0581855,0.004209800498360937,,,,,
003b49d76a1d174b2f64f504bb20f708c964b4b1,2025-11-14 19:12:15,dequant_2_cols_2_channels_4096_tile_1024,5/5,204.0,196.0,167.0,239.0,25.635912310662945,0.048694539999999994,0.0498733,0.0409003,0.0585339,0.006220652101379727,,,,,
0999a9a053dc7d86a167bb9fd37a2195e3b68022,2025-11-13 20:43:24,dequant_2_cols_2_channels_8192_tile_2048,5/5,179.0,178.0,145.0,206.0,21.494185260204677,0.11089794,0.109833,0.0949045,0.13483,0.014060283411595943,,,,,
003b49d76a1d174b2f64f504bb20f708c964b4b1,2025-11-14 19:12:15,dequant_2_cols_2_channels_8192_tile_2048,5/5,134.0,132.0,118.0,148.0,10.13903348450926,0.1467562,0.148109,0.132097,0.165681,0.011372457999922444,,,,,
0999a9a053dc7d86a167bb9fd37a2195e3b68022,2025-11-13 20:43:24,dequant_4_cols_1_channels_1024_tile_256,5/5,138.6,127.0,99.0,181.0,29.193149881436227,0.01844438,0.0192424,0.0135016,0.0246848,0.0039215366745193134,,,,,
003b49d76a1d174b2f64f504bb20f708c964b4b1,2025-11-14 19:12:15,dequant_4_cols_1_channels_1024_tile_256,5/5,150.8,154.0,127.0,161.0,12.188519188154071,0.01632516,0.0158688,0.0151788,0.0192424,0.0014817150840833067,,,,,
0999a9a053dc7d86a167bb9fd37a2195e3b68022,2025-11-13 20:43:24,dequant_4_cols_1_channels_2048_tile_512,5/5,144.0,145.0,128.0,160.0,10.936178491593852,0.034139760000000005,0.0337075,0.0305474,0.0381842,0.00261646758863931,,,,,
003b49d76a1d174b2f64f504bb20f708c964b4b1,2025-11-14 19:12:15,dequant_4_cols_1_channels_2048_tile_512,5/5,149.0,151.0,135.0,159.0,9.273618495495704,0.032933119999999996,0.0323681,0.0307395,0.0362043,0.00209940651842372,,,,,
0999a9a053dc7d86a167bb9fd37a2195e3b68022,2025-11-13 20:43:24,dequant_4_cols_1_channels_4096_tile_1024,5/5,184.2,211.0,122.0,230.0,44.22849760052901,0.056723119999999995,0.0463278,0.0425007,0.0801243,0.015301995281321973,,,,,
003b49d76a1d174b2f64f504bb20f708c964b4b1,2025-11-14 19:12:15,dequant_4_cols_1_channels_4096_tile_1024,5/5,169.0,180.0,125.0,213.0,30.32490725459849,0.05984096,0.0543065,0.0458928,0.0782013,0.011289162366730316,,,,,
0999a9a053dc7d86a167bb9fd37a2195e3b68022,2025-11-13 20:43:24,dequant_4_cols_1_channels_8192_tile_2048,5/5,170.0,167.0,152.0,187.0,12.58570617804182,0.11563799999999999,0.117068,0.104547,0.128621,0.008605462265328928,,,,,
003b49d76a1d174b2f64f504bb20f708c964b4b1,2025-11-14 19:12:15,dequant_4_cols_1_channels_8192_tile_2048,5/5,146.8,151.0,136.0,155.0,7.413501197140255,0.1335242,0.129472,0.126131,0.143752,0.006887571223588176,,,,,
0999a9a053dc7d86a167bb9fd37a2195e3b68022,2025-11-13 20:43:24,dequant_4_cols_2_channels_1024_tile_128,5/5,166.6,170.0,137.0,189.0,17.556765077883796,0.01484472,0.0143752,0.0129301,0.0178379,0.0016796937011252977,,,,,
003b49d76a1d174b2f64f504bb20f708c964b4b1,2025-11-14 19:12:15,dequant_4_cols_2_channels_1024_tile_128,5/5,182.0,164.0,132.0,294.0,59.305986207127525,0.014607782,0.0149012,0.00831221,0.0185136,0.0037186375358854214,,,,,
0999a9a053dc7d86a167bb9fd37a2195e3b68022,2025-11-13 20:43:24,dequant_4_cols_2_channels_2048_tile_256,5/5,163.0,148.0,135.0,237.0,37.54996671103717,0.031250480000000004,0.0330242,0.0206227,0.0362043,0.005523103877494972,,,,,
003b49d76a1d174b2f64f504bb20f708c964b4b1,2025-11-14 19:12:15,dequant_4_cols_2_channels_2048_tile_256,5/5,161.0,160.0,139.0,180.0,13.446189051177289,0.030577979999999998,0.0305474,0.0271532,0.0351625,0.002648801802626992,,,,,
0999a9a053dc7d86a167bb9fd37a2195e3b68022,2025-11-13 20:43:24,dequant_4_cols_2_channels_4096_tile_512,5/5,188.0,182.0,149.0,244.0,30.964495797606652,0.05331342,0.0537097,0.0400621,0.0656051,0.008130083991546458,,,,,
003b49d76a1d174b2f64f504bb20f708c964b4b1,2025-11-14 19:12:15,dequant_4_cols_2_channels_4096_tile_512,5/5,174.4,158.0,119.0,248.0,47.19576252165018,0.060149839999999996,0.0618681,0.039416,0.0821442,0.015447664957086556,,,,,
0999a9a053dc7d86a167bb9fd37a2195e3b68022,2025-11-13 20:43:24,dequant_4_cols_2_channels_8192_tile_1024,5/5,202.6,201.0,173.0,245.0,24.08817137102773,0.0977932,0.0972653,0.0797972,0.113008,0.010976175526839937,,,,,
003b49d76a1d174b2f64f504bb20f708c964b4b1,2025-11-14 19:12:15,dequant_4_cols_2_channels_8192_tile_1024,5/5,165.0,162.0,157.0,176.0,7.293833011524188,0.1187146,0.120681,0.111081,0.124524,0.005159992968987457,,,,,
0999a9a053dc7d86a167bb9fd37a2195e3b68022,2025-11-13 20:43:24,dequant_8_cols_1_channels_1024_tile_128,5/5,133.4,130.0,112.0,163.0,16.48757107641996,0.01858452,0.0187984,0.0149926,0.0218196,0.0021662941096720918,,,,,
003b49d76a1d174b2f64f504bb20f708c964b4b1,2025-11-14 19:12:15,dequant_8_cols_1_channels_1024_tile_128,5/5,183.2,173.0,144.0,258.0,38.98409932267257,0.013850992000000001,0.014126,0.00947206,0.0169708,0.002439455643100731,,,,,
0999a9a053dc7d86a167bb9fd37a2195e3b68022,2025-11-13 20:43:24,dequant_8_cols_1_channels_2048_tile_256,5/5,162.2,158.0,157.0,180.0,8.930845424706442,0.0302178,0.0309341,0.0271532,0.0311311,0.001539172733646227,,,,,
003b49d76a1d174b2f64f504bb20f708c964b4b1,2025-11-14 19:12:15,dequant_8_cols_1_channels_2048_tile_256,5/5,146.4,145.0,123.0,163.0,14.164744967700619,0.03371764,0.0337075,0.0299852,0.0397364,0.003450181120231226,,,,,
0999a9a053dc7d86a167bb9fd37a2195e3b68022,2025-11-13 20:43:24,dequant_8_cols_1_channels_4096_tile_512,5/5,153.6,149.0,116.0,226.0,38.7226032182755,0.06712764,0.0656051,0.0432529,0.0842686,0.014118761973430958,,,,,
003b49d76a1d174b2f64f504bb20f708c964b4b1,2025-11-14 19:12:15,dequant_8_cols_1_channels_4096_tile_512,5/5,168.8,185.0,143.0,186.0,20.262280227062305,0.05880094,0.0528387,0.0525546,0.0683578,0.007424920941962949,,,,,
0999a9a053dc7d86a167bb9fd37a2195e3b68022,2025-11-13 20:43:24,dequant_8_cols_1_channels_8192_tile_1024,5/5,188.0,196.0,161.0,205.0,17.181385275931625,0.10491357999999999,0.0997465,0.0953674,0.121431,0.010109397300808785,,,,,
003b49d76a1d174b2f64f504bb20f708c964b4b1,2025-11-14 19:12:15,dequant_8_cols_1_channels_8192_tile_1024,5/5,156.6,166.0,137.0,169.0,13.032267646115928,0.1257522,0.117773,0.115682,0.142703,0.01094056915155697,,,,,
0999a9a053dc7d86a167bb9fd37a2195e3b68022,2025-11-13 20:43:24,dequant_8_cols_2_channels_1024_tile_64,5/5,178.2,180.0,155.0,207.0,19.072493282211425,0.01387052,0.0135766,0.0118058,0.0157664,0.0014694980440953299,,,,,
003b49d76a1d174b2f64f504bb20f708c964b4b1,2025-11-14 19:12:15,dequant_8_cols_2_channels_1024_tile_64,5/5,216.6,191.0,187.0,297.0,41.864543470579015,0.01163607,0.0127947,0.00822825,0.0130684,0.00183899073994406,,,,,
0999a9a053dc7d86a167bb9fd37a2195e3b68022,2025-11-13 20:43:24,dequant_8_cols_2_channels_2048_tile_128,5/5,215.6,218.0,166.0,247.0,27.163210414087654,0.023087459999999997,0.0224201,0.0197878,0.0294433,0.0033365395046964443,,,,,
003b49d76a1d174b2f64f504bb20f708c964b4b1,2025-11-14 19:12:15,dequant_8_cols_2_channels_2048_tile_128,5/5,182.4,188.0,152.0,220.0,26.492263021493653,0.02737498,0.0259978,0.0222163,0.0321551,0.004004083066770718,,,,,
0999a9a053dc7d86a167bb9fd37a2195e3b68022,2025-11-13 20:43:24,dequant_8_cols_2_channels_4096_tile_256,5/5,176.8,170.0,161.0,222.0,22.95560933628206,0.05609298,0.057501,0.0440323,0.0607153,0.0061993020101943725,,,,,
003b49d76a1d174b2f64f504bb20f708c964b4b1,2025-11-14 19:12:15,dequant_8_cols_2_channels_4096_tile_256,5/5,226.2,230.0,155.0,298.0,46.841861619709356,0.04525592,0.0425007,0.0328026,0.0630656,0.010109849356622482,,,,,
0999a9a053dc7d86a167bb9fd37a2195e3b68022,2025-11-13 20:43:24,dequant_8_cols_2_channels_8192_tile_512,5/5,204.6,209.0,175.0,220.0,15.447977213862014,0.09615756,0.0935422,0.0888651,0.111716,0.008006631842816301,,,,,
003b49d76a1d174b2f64f504bb20f708c964b4b1,2025-11-14 19:12:15,dequant_8_cols_2_channels_8192_tile_512,5/5,193.2,187.0,154.0,223.0,26.331729908990027,0.10316882000000001,0.104547,0.0876696,0.12695,0.014597597757494212,,,,,
0999a9a053dc7d86a167bb9fd37a2195e3b68022,2025-11-13 20:43:24,eltwise_add_1_cols_2_channels_1024_tile_1024,5/5,141.6,139.0,124.0,161.0,13.365627557282899,0.04076916,0.0411658,0.0355407,0.0461455,0.0038161254510825503,,,,,
003b49d76a1d174b2f64f504bb20f708c964b4b1,2025-11-14 19:12:15,eltwise_add_1_cols_2_channels_1024_tile_1024,5/5,182.6,179.0,170.0,195.0,9.436100889668358,0.031419960000000004,0.0319667,0.0293438,0.0336591,0.0016164338422589395,,,,,
0999a9a053dc7d86a167bb9fd37a2195e3b68022,2025-11-13 20:43:24,eltwise_add_1_cols_2_channels_2048_tile_2048,5/5,135.4,132.0,119.0,159.0,15.551205741035002,0.08561206,0.0866977,0.0719754,0.0961688,0.009528720590215669,,,,,
003b49d76a1d174b2f64f504bb20f708c964b4b1,2025-11-14 19:12:15,eltwise_add_1_cols_2_channels_2048_tile_2048,5/5,173.2,169.0,143.0,198.0,18.925115587493778,0.06690718,0.0677165,0.0577984,0.0800286,0.007663944663265781,,,,,
0999a9a053dc7d86a167bb9fd37a2195e3b68022,2025-11-13 20:43:24,eltwise_add_1_cols_2_channels_4096_tile_4096,5/5,175.4,155.0,139.0,273.0,49.19593479140324,0.1383025,0.147666,0.0838395,0.164663,0.028021994718435018,,,,,
003b49d76a1d174b2f64f504bb20f708c964b4b1,2025-11-14 19:12:15,eltwise_add_1_cols_2_channels_4096_tile_4096,5/5,151.4,154.0,111.0,213.0,35.20568135968966,0.1589058,0.148625,0.107456,0.2062,0.03398563953436804,,,,,
0999a9a053dc7d86a167bb9fd37a2195e3b68022,2025-11-13 20:43:24,eltwise_add_1_cols_2_channels_8192_tile_8192,5/5,169.2,162.0,143.0,208.0,22.903274875004232,0.2752536,0.28257,0.220079,0.320114,0.034990791374874625,,,,,
003b49d76a1d174b2f64f504bb20f708c964b4b1,2025-11-14 19:12:15,eltwise_add_1_cols_2_channels_8192_tile_8192,5/5,153.2,153.0,139.0,170.0,10.186265262597475,0.3001058,0.299192,0.269273,0.329326,0.01966880547872698,,,,,
0999a9a053dc7d86a167bb9fd37a2195e3b68022,2025-11-13 20:43:24,eltwise_add_2_cols_2_channels_1024_tile_512,5/5,133.8,137.0,103.0,175.0,25.293477420078087,0.04428076,0.0417668,0.0326974,0.0555538,0.008121758847097099,,,,,
003b49d76a1d174b2f64f504bb20f708c964b4b1,2025-11-14 19:12:15,eltwise_add_2_cols_2_channels_1024_tile_512,5/5,167.8,155.0,141.0,223.0,30.42630440917858,0.035099979999999996,0.0369164,0.0256594,0.0405819,0.00555536403538058,,,,,
0999a9a053dc7d86a167bb9fd37a2195e3b68022,2025-11-13 20:43:24,eltwise_add_2_cols_2_channels_2048_tile_1024,5/5,147.4,151.0,115.0,166.0,17.442476888332116,0.07890496,0.0757887,0.0689403,0.0995138,0.010740137813007802,,,,,
003b49d76a1d174b2f64f504bb20f708c964b4b1,2025-11-14 19:12:15,eltwise_add_2_cols_2_channels_2048_tile_1024,5/5,172.2,163.0,143.0,214.0,24.94313532818198,0.06778690000000001,0.0702092,0.0534771,0.0800286,0.00923775147013601,,,,,
0999a9a053dc7d86a167bb9fd37a2195e3b68022,2025-11-13 20:43:24,eltwise_add_2_cols_2_channels_4096_tile_2048,5/5,153.0,143.0,130.0,185.0,21.624060673240816,0.1524906,0.160057,0.12372,0.176063,0.020535466788948336,,,,,
003b49d76a1d174b2f64f504bb20f708c964b4b1,2025-11-14 19:12:15,eltwise_add_2_cols_2_channels_4096_tile_2048,5/5,143.0,143.0,118.0,170.0,20.019990009987517,0.1632588,0.160057,0.134636,0.193968,0.022959116737366003,,,,,
0999a9a053dc7d86a167bb9fd37a2195e3b68022,2025-11-13 20:43:24,eltwise_add_2_cols_2_channels_8192_tile_4096,5/5,143.6,139.0,116.0,166.0,18.423897524682445,0.324273,0.329326,0.275761,0.394624,0.04309690495615665,,,,,
003b49d76a1d174b2f64f504bb20f708c964b4b1,2025-11-14 19:12:15,eltwise_add_2_cols_2_channels_8192_tile_4096,5/5,168.4,169.0,130.0,194.0,22.437468662930762,0.2772632,0.270866,0.235961,0.352126,0.04106996647381148,,,,,
0999a9a053dc7d86a167bb9fd37a2195e3b68022,2025-11-13 20:43:24,eltwise_add_4_cols_2_channels_1024_tile_256,5/5,123.2,117.0,99.0,153.0,19.661129163911212,0.04761274,0.0489064,0.037399,0.0577984,0.007367384331389263,,,,,
003b49d76a1d174b2f64f504bb20f708c964b4b1,2025-11-14 19:12:15,eltwise_add_4_cols_2_channels_1024_tile_256,5/5,133.6,127.0,122.0,154.0,11.46472851837321,0.04312664,0.0450555,0.0371561,0.046902,0.0034671524936754666,,,,,
0999a9a053dc7d86a167bb9fd37a2195e3b68022,2025-11-13 20:43:24,eltwise_add_4_cols_2_channels_2048_tile_512,5/5,121.0,125.0,111.0,128.0,6.418722614352485,0.09485368,0.0915527,0.089407,0.1031,0.005175300800301368,,,,,
003b49d76a1d174b2f64f504bb20f708c964b4b1,2025-11-14 19:12:15,eltwise_add_4_cols_2_channels_2048_tile_512,5/5,148.0,153.0,124.0,166.0,16.769019053003667,0.07837124,0.074798,0.0689403,0.0922911,0.00925380214022323,,,,,
0999a9a053dc7d86a167bb9fd37a2195e3b68022,2025-11-13 20:43:24,eltwise_add_4_cols_2_channels_4096_tile_1024,5/5,181.4,180.0,162.0,199.0,13.078226179417452,0.1268416,0.127157,0.115016,0.141285,0.009261717326716466,,,,,
003b49d76a1d174b2f64f504bb20f708c964b4b1,2025-11-14 19:12:15,eltwise_add_4_cols_2_channels_4096_tile_1024,5/5,154.4,154.0,141.0,172.0,11.637869220780924,0.1490732,0.148625,0.133071,0.162328,0.011074844764600543,,,,,
0999a9a053dc7d86a167bb9fd37a2195e3b68022,2025-11-13 20:43:24,eltwise_add_4_cols_2_channels_8192_tile_2048,5/5,196.4,178.0,129.0,339.0,74.23099083267041,0.2598156,0.257171,0.135034,0.354856,0.07359803549171677,,,,,
003b49d76a1d174b2f64f504bb20f708c964b4b1,2025-11-14 19:12:15,eltwise_add_4_cols_2_channels_8192_tile_2048,5/5,169.6,174.0,159.0,175.0,6.499230723708768,0.27031520000000003,0.263083,0.261579,0.287902,0.010629258758728184,,,,,
0999a9a053dc7d86a167bb9fd37a2195e3b68022,2025-11-13 20:43:24,eltwise_add_8_cols_2_channels_1024_tile_128,5/5,146.6,145.0,127.0,165.0,12.658593918757328,0.03932984,0.0394624,0.0346791,0.0450555,0.0034666681731022374,,,,,
003b49d76a1d174b2f64f504bb20f708c964b4b1,2025-11-14 19:12:15,eltwise_add_8_cols_2_channels_1024_tile_128,5/5,183.4,178.0,152.0,212.0,20.87678136111982,0.03161794,0.0321463,0.0269908,0.037645,0.0036939619627711384,,,,,
0999a9a053dc7d86a167bb9fd37a2195e3b68022,2025-11-13 20:43:24,eltwise_add_8_cols_2_channels_2048_tile_256,5/5,191.8,165.0,117.0,343.0,78.34896297973573,0.0676604,0.0693581,0.0333647,0.0978128,0.020689291865117088,,,,,
003b49d76a1d174b2f64f504bb20f708c964b4b1,2025-11-14 19:12:15,eltwise_add_8_cols_2_channels_2048_tile_256,5/5,224.6,202.0,171.0,347.0,62.47751595574203,0.05405318,0.0566539,0.0329801,0.0669245,0.011304178522015653,,,,,
0999a9a053dc7d86a167bb9fd37a2195e3b68022,2025-11-13 20:43:24,eltwise_add_8_cols_2_channels_4096_tile_512,5/5,181.2,190.0,156.0,202.0,17.915356541246954,0.1276066,0.120464,0.113308,0.146719,0.013087043571410611,,,,,
003b49d76a1d174b2f64f504bb20f708c964b4b1,2025-11-14 19:12:15,eltwise_add_8_cols_2_channels_4096_tile_512,5/5,157.2,157.0,127.0,183.0,18.808508712813996,0.14782,0.145785,0.125072,0.180222,0.018695849411032386,,,,,
0999a9a053dc7d86a167bb9fd37a2195e3b68022,2025-11-13 20:43:24,eltwise_add_8_cols_2_channels_8192_tile_1024,5/5,155.4,140.0,126.0,240.0,42.687703147393634,0.31155900000000003,0.326974,0.190735,0.363305,0.062178607932310614,,,,,
003b49d76a1d174b2f64f504bb20f708c964b4b1,2025-11-14 19:12:15,eltwise_add_8_cols_2_channels_8192_tile_1024,5/5,175.0,180.0,147.0,191.0,15.504837954651444,0.2638384,0.254313,0.239667,0.311404,0.025560394383498865,,,,,
0999a9a053dc7d86a167bb9fd37a2195e3b68022,2025-11-13 20:43:24,eltwise_mul_1_cols_2_channels_1024_tile_1024,5/5,159.4,168.0,97.0,197.0,33.326265917441155,0.03809364,0.0340598,0.0290459,0.0589902,0.010649166550411352,,,,,
003b49d76a1d174b2f64f504bb20f708c964b4b1,2025-11-14 19:12:15,eltwise_mul_1_cols_2_channels_1024_tile_1024,5/5,156.6,153.0,145.0,179.0,11.77454882362802,0.03673098,0.037399,0.0319667,0.0394624,0.0025539382094326405,,,,,
0999a9a053dc7d86a167bb9fd37a2195e3b68022,2025-11-13 20:43:24,eltwise_mul_1_cols_2_channels_2048_tile_2048,5/5,172.0,173.0,167.0,176.0,3.4641016151377544,0.06656256,0.0661508,0.0650232,0.0685275,0.0013487331575964168,,,,,
003b49d76a1d174b2f64f504bb20f708c964b4b1,2025-11-14 19:12:15,eltwise_mul_1_cols_2_channels_2048_tile_2048,5/5,152.8,150.0,132.0,181.0,17.38275007011261,0.07583854,0.0762939,0.063227,0.0866977,0.008322719623440406,,,,,
0999a9a053dc7d86a167bb9fd37a2195e3b68022,2025-11-13 20:43:24,eltwise_mul_1_cols_2_channels_4096_tile_4096,5/5,154.8,156.0,129.0,176.0,15.249918032566601,0.1493872,0.146719,0.130046,0.177428,0.015627537303106977,,,,,
003b49d76a1d174b2f64f504bb20f708c964b4b1,2025-11-14 19:12:15,eltwise_mul_1_cols_2_channels_4096_tile_4096,5/5,174.0,168.0,122.0,213.0,33.027261466854924,0.1369148,0.136239,0.107456,0.187608,0.028745826336357073,,,,,
0999a9a053dc7d86a167bb9fd37a2195e3b68022,2025-11-13 20:43:24,eltwise_mul_2_cols_2_channels_1024_tile_512,5/5,146.4,145.0,114.0,173.0,22.39285600364545,0.04005384,0.0394624,0.0330754,0.0501934,0.006377941356456643,,,,,
003b49d76a1d174b2f64f504bb20f708c964b4b1,2025-11-14 19:12:15,eltwise_mul_2_cols_2_channels_1024_tile_512,5/5,143.6,134.0,118.0,180.0,21.731083728153088,0.04071578,0.0427018,0.0317891,0.0484919,0.005784773870567456,,,,,
0999a9a053dc7d86a167bb9fd37a2195e3b68022,2025-11-13 20:43:24,eltwise_mul_2_cols_2_channels_2048_tile_1024,5/5,182.8,185.0,136.0,224.0,29.198630104852523,0.06436406,0.06186,0.0510897,0.0841477,0.011167229788734538,,,,,
003b49d76a1d174b2f64f504bb20f708c964b4b1,2025-11-14 19:12:15,eltwise_mul_2_cols_2_channels_2048_tile_1024,5/5,147.8,142.0,114.0,206.0,31.776721039150658,0.08062956,0.0805922,0.0555538,0.100387,0.015143017692732188,,,,,
0999a9a053dc7d86a167bb9fd37a2195e3b68022,2025-11-13 20:43:24,eltwise_mul_2_cols_2_channels_4096_tile_2048,5/5,142.0,134.0,125.0,162.0,14.352700094407323,0.1628016,0.170807,0.141285,0.183105,0.01602647878481109,,,,,
003b49d76a1d174b2f64f504bb20f708c964b4b1,2025-11-14 19:12:15,eltwise_mul_2_cols_2_channels_4096_tile_2048,5/5,178.8,181.0,148.0,206.0,22.88580345978703,0.1301892,0.126454,0.111108,0.15465,0.01707581169256677,,,,,
0999a9a053dc7d86a167bb9fd37a2195e3b68022,2025-11-13 20:43:24,eltwise_mul_2_cols_2_channels_8192_tile_4096,5/5,129.8,125.0,111.0,163.0,18.57309882599024,0.3593174,0.366211,0.280837,0.4124,0.04676419454497211,,,,,
003b49d76a1d174b2f64f504bb20f708c964b4b1,2025-11-14 19:12:15,eltwise_mul_2_cols_2_channels_8192_tile_4096,5/5,200.8,192.0,140.0,290.0,48.97917924996294,0.24061,0.238419,0.15785,0.326974,0.05371657942572293,,,,,
0999a9a053dc7d86a167bb9fd37a2195e3b68022,2025-11-13 20:43:24,eltwise_mul_4_cols_2_channels_1024_tile_256,5/5,156.4,140.0,117.0,198.0,33.57737333383896,0.038274,0.0408718,0.0288992,0.0489064,0.007914359566256768,,,,,
003b49d76a1d174b2f64f504bb20f708c964b4b1,2025-11-14 19:12:15,eltwise_mul_4_cols_2_channels_1024_tile_256,5/5,188.2,143.0,128.0,308.0,70.3289414110578,0.03426118,0.0400143,0.0185781,0.0447035,0.010496434939616403,,,,,
0999a9a053dc7d86a167bb9fd37a2195e3b68022,2025-11-13 20:43:24,eltwise_mul_4_cols_2_channels_2048_tile_512,5/5,171.2,179.0,137.0,196.0,20.439178065665946,0.0678945,0.0639335,0.0583882,0.0835335,0.008826174688731238,,,,,
003b49d76a1d174b2f64f504bb20f708c964b4b1,2025-11-14 19:12:15,eltwise_mul_4_cols_2_channels_2048_tile_512,5/5,187.6,172.0,124.0,318.0,68.92778830051056,0.06785396,0.0665354,0.0359877,0.0922911,0.01939911859467847,,,,,
0999a9a053dc7d86a167bb9fd37a2195e3b68022,2025-11-13 20:43:24,eltwise_mul_4_cols_2_channels_4096_tile_1024,5/5,169.8,166.0,148.0,189.0,15.942396306703708,0.1359962,0.137881,0.121102,0.15465,0.012818510075667922,,,,,
003b49d76a1d174b2f64f504bb20f708c964b4b1,2025-11-14 19:12:15,eltwise_mul_4_cols_2_channels_4096_tile_1024,5/5,149.0,146.0,131.0,170.0,12.58570617804182,0.1546942,0.156768,0.134636,0.174719,0.012875184944691087,,,,,
0999a9a053dc7d86a167bb9fd37a2195e3b68022,2025-11-13 20:43:24,eltwise_mul_4_cols_2_channels_8192_tile_2048,5/5,130.0,134.0,115.0,142.0,11.40175425099138,0.3549258,0.341615,0.322369,0.398055,0.031947391545476746,,,,,
003b49d76a1d174b2f64f504bb20f708c964b4b1,2025-11-14 19:12:15,eltwise_mul_4_cols_2_channels_8192_tile_2048,5/5,160.2,157.0,137.0,184.0,17.88183435780569,0.2893298,0.291569,0.248785,0.334134,0.03220293727845334,,,,,
0999a9a053dc7d86a167bb9fd37a2195e3b68022,2025-11-13 20:43:24,eltwise_mul_8_cols_2_channels_1024_tile_128,5/5,159.4,151.0,147.0,181.0,13.35065541462291,0.036138920000000005,0.0378943,0.0316135,0.0389255,0.0028862813115841626,,,,,
003b49d76a1d174b2f64f504bb20f708c964b4b1,2025-11-14 19:12:15,eltwise_mul_8_cols_2_channels_1024_tile_128,5/5,165.6,164.0,142.0,198.0,19.865548066942427,0.035037240000000004,0.0348905,0.0288992,0.0402961,0.004053538399275379,,,,,
0999a9a053dc7d86a167bb9fd37a2195e3b68022,2025-11-13 20:43:24,eltwise_mul_8_cols_2_channels_2048_tile_256,5/5,183.2,185.0,155.0,212.0,19.84338680769994,0.06321573999999999,0.06186,0.0539816,0.0738329,0.006936734761716065,,,,,
003b49d76a1d174b2f64f504bb20f708c964b4b1,2025-11-14 19:12:15,eltwise_mul_8_cols_2_channels_2048_tile_256,5/5,174.2,191.0,144.0,195.0,23.489572154468885,0.06698370000000001,0.0599167,0.0586877,0.0794729,0.009557619716017164,,,,,
0999a9a053dc7d86a167bb9fd37a2195e3b68022,2025-11-13 20:43:24,eltwise_mul_8_cols_2_channels_4096_tile_512,5/5,193.4,171.0,156.0,302.0,55.003999854556035,0.12567514,0.133849,0.0757887,0.146719,0.02595628799575162,,,,,
003b49d76a1d174b2f64f504bb20f708c964b4b1,2025-11-14 19:12:15,eltwise_mul_8_cols_2_channels_4096_tile_512,5/5,183.4,189.0,137.0,223.0,27.659356463952662,0.1279712,0.121102,0.102638,0.167067,0.021326853076813746,,,,,
0999a9a053dc7d86a167bb9fd37a2195e3b68022,2025-11-13 20:43:24,eltwise_mul_8_cols_2_channels_8192_tile_1024,5/5,152.8,152.0,137.0,168.0,12.607934009979589,0.3016376,0.30116,0.272478,0.334134,0.02492358528462549,,,,,
003b49d76a1d174b2f64f504bb20f708c964b4b1,2025-11-14 19:12:15,eltwise_mul_8_cols_2_channels_8192_tile_1024,5/5,156.4,157.0,141.0,170.0,11.53429668423697,0.2943024,0.291569,0.269273,0.324655,0.021915733796521633,,,,,
0999a9a053dc7d86a167bb9fd37a2195e3b68022,2025-11-13 20:43:24,gelu_1_cols_1_channels_1024_tile_1024,5/5,148.4,151.0,141.0,155.0,6.1838499334961226,0.027649639999999996,0.0271258,0.0264258,0.0290496,0.0011661198662230219,,,,,
003b49d76a1d174b2f64f504bb20f708c964b4b1,2025-11-14 19:12:15,gelu_1_cols_1_channels_1024_tile_1024,5/5,153.0,155.0,117.0,194.0,24.971984302413777,0.027496399999999997,0.0264258,0.0211134,0.0350085,0.004519285857300907,,,,,
0999a9a053dc7d86a167bb9fd37a2195e3b68022,2025-11-13 20:43:24,gelu_1_cols_1_channels_2048_tile_2048,5/5,155.6,156.0,109.0,208.0,34.49405745922042,0.05537604,0.0525128,0.0393846,0.075156,0.012544990982156981,,,,,
003b49d76a1d174b2f64f504bb20f708c964b4b1,2025-11-14 19:12:15,gelu_1_cols_1_channels_2048_tile_2048,5/5,127.6,127.0,125.0,132.0,2.4166091947189146,0.06422328000000001,0.0645039,0.0620606,0.065536,0.0011964335826112533,,,,,
0999a9a053dc7d86a167bb9fd37a2195e3b68022,2025-11-13 20:43:24,gelu_1_cols_1_channels_4096_tile_4096,5/5,160.4,162.0,139.0,184.0,17.715529910222838,0.10341068,0.101136,0.0890435,0.117871,0.011487002597266184,,,,,
003b49d76a1d174b2f64f504bb20f708c964b4b1,2025-11-14 19:12:15,gelu_1_cols_1_channels_4096_tile_4096,5/5,180.6,155.0,149.0,241.0,36.21380952067871,0.09407002,0.105703,0.0679834,0.10996,0.016788970654855528,,,,,
0999a9a053dc7d86a167bb9fd37a2195e3b68022,2025-11-13 20:43:24,gelu_1_cols_1_channels_8192_tile_8192,5/5,173.2,172.0,156.0,190.0,10.943491216243563,0.18995639999999997,0.190512,0.172463,0.210051,0.012134268706436325,,,,,
003b49d76a1d174b2f64f504bb20f708c964b4b1,2025-11-14 19:12:15,gelu_1_cols_1_channels_8192_tile_8192,5/5,154.2,150.0,140.0,171.0,13.377593206552515,0.21408519999999998,0.218453,0.191626,0.234057,0.018250551207018375,,,,,
0999a9a053dc7d86a167bb9fd37a2195e3b68022,2025-11-13 20:43:24,gelu_1_cols_2_channels_1024_tile_512,5/5,154.4,151.0,141.0,176.0,12.893409169028958,0.0267065,0.0271258,0.0232727,0.0290496,0.0021358831615984984,,,,,
003b49d76a1d174b2f64f504bb20f708c964b4b1,2025-11-14 19:12:15,gelu_1_cols_2_channels_1024_tile_512,5/5,167.6,168.0,121.0,244.0,45.17787068908848,0.02616508,0.024381,0.0167869,0.0338512,0.006550124699698471,,,,,
0999a9a053dc7d86a167bb9fd37a2195e3b68022,2025-11-13 20:43:24,gelu_1_cols_2_channels_2048_tile_1024,5/5,145.8,148.0,125.0,158.0,11.08873302050329,0.05654302,0.0553514,0.0518481,0.065536,0.004695753172133304,,,,,
003b49d76a1d174b2f64f504bb20f708c964b4b1,2025-11-14 19:12:15,gelu_1_cols_2_channels_2048_tile_1024,5/5,117.6,117.0,108.0,130.0,8.867919710958146,0.07005446,0.0700171,0.0630154,0.0758519,0.0052380695553228395,,,,,
0999a9a053dc7d86a167bb9fd37a2195e3b68022,2025-11-13 20:43:24,gelu_1_cols_2_channels_4096_tile_2048,5/5,176.4,166.0,149.0,231.0,28.786107760515314,0.09503884,0.0986988,0.0709264,0.10996,0.013324027594327477,,,,,
003b49d76a1d174b2f64f504bb20f708c964b4b1,2025-11-14 19:12:15,gelu_1_cols_2_channels_4096_tile_2048,5/5,184.8,175.0,158.0,229.0,25.253910588263356,0.09019862,0.0936229,0.0715459,0.103696,0.011336253515055138,,,,,
0999a9a053dc7d86a167bb9fd37a2195e3b68022,2025-11-13 20:43:24,gelu_1_cols_2_channels_8192_tile_4096,5/5,180.0,170.0,158.0,232.0,26.48018126826174,0.1854024,0.192753,0.141241,0.207392,0.022894531579396856,,,,,
003b49d76a1d174b2f64f504bb20f708c964b4b1,2025-11-14 19:12:15,gelu_1_cols_2_channels_8192_tile_4096,5/5,137.0,131.0,109.0,163.0,19.05780679931455,0.2439956,0.250137,0.201031,0.300624,0.0348724079042443,,,,,
0999a9a053dc7d86a167bb9fd37a2195e3b68022,2025-11-13 20:43:24,gelu_2_cols_1_channels_1024_tile_512,5/5,157.8,164.0,137.0,178.0,15.702229141112417,0.026222139999999998,0.0249756,0.0230112,0.0298978,0.002669988380199434,,,,,
003b49d76a1d174b2f64f504bb20f708c964b4b1,2025-11-14 19:12:15,gelu_2_cols_1_channels_1024_tile_512,5/5,154.6,148.0,131.0,197.0,23.397435756937124,0.02704652,0.0276757,0.0207919,0.0312672,0.003675663102842806,,,,,
0999a9a053dc7d86a167bb9fd37a2195e3b68022,2025-11-13 20:43:24,gelu_2_cols_1_channels_2048_tile_1024,5/5,175.4,184.0,145.0,210.0,25.476263462289754,0.04772916,0.0445217,0.0390095,0.0564966,0.007079330725315775,,,,,
003b49d76a1d174b2f64f504bb20f708c964b4b1,2025-11-14 19:12:15,gelu_2_cols_1_channels_2048_tile_1024,5/5,145.2,129.0,114.0,228.0,42.025706418809904,0.0600483,0.0635039,0.0359298,0.0718596,0.012657749105587455,,,,,
0999a9a053dc7d86a167bb9fd37a2195e3b68022,2025-11-13 20:43:24,gelu_2_cols_1_channels_4096_tile_2048,5/5,175.4,169.0,149.0,202.0,20.04594722132132,0.09463442,0.0969467,0.0811089,0.10996,0.010752539910811773,,,,,
003b49d76a1d174b2f64f504bb20f708c964b4b1,2025-11-14 19:12:15,gelu_2_cols_1_channels_4096_tile_2048,5/5,199.6,227.0,137.0,248.0,47.2211816878824,0.087475,0.0721762,0.0660645,0.119591,0.0228503491254729,,,,,
0999a9a053dc7d86a167bb9fd37a2195e3b68022,2025-11-13 20:43:24,gelu_2_cols_1_channels_8192_tile_4096,5/5,175.4,169.0,163.0,190.0,10.9288608738514,0.187533,0.193893,0.172463,0.201031,0.011468125723063901,,,,,
003b49d76a1d174b2f64f504bb20f708c964b4b1,2025-11-14 19:12:15,gelu_2_cols_1_channels_8192_tile_4096,5/5,164.4,145.0,128.0,252.0,44.77767300787302,0.21095760000000002,0.225986,0.130032,0.256,0.0432255569060712,,,,,
0999a9a053dc7d86a167bb9fd37a2195e3b68022,2025-11-13 20:43:24,gelu_2_cols_2_channels_1024_tile_256,5/5,170.8,178.0,118.0,215.0,33.819520990102745,0.025060759999999998,0.0230112,0.0190512,0.0347119,0.005535958712490546,,,,,
003b49d76a1d174b2f64f504bb20f708c964b4b1,2025-11-14 19:12:15,gelu_2_cols_2_channels_1024_tile_256,5/5,183.8,149.0,124.0,322.0,72.51868724680557,0.025051080000000003,0.0274899,0.0127205,0.0330323,0.007226190977382207,,,,,
0999a9a053dc7d86a167bb9fd37a2195e3b68022,2025-11-13 20:43:24,gelu_2_cols_2_channels_2048_tile_512,5/5,155.4,151.0,138.0,171.0,12.370933675353692,0.05305244,0.0542517,0.0479064,0.0593623,0.004239295247844859,,,,,
003b49d76a1d174b2f64f504bb20f708c964b4b1,2025-11-14 19:12:15,gelu_2_cols_2_channels_2048_tile_512,5/5,163.8,136.0,124.0,254.0,49.08930637114361,0.05381564,0.0602353,0.032252,0.0660645,0.012893479815410577,,,,,
0999a9a053dc7d86a167bb9fd37a2195e3b68022,2025-11-13 20:43:24,gelu_2_cols_2_channels_4096_tile_1024,5/5,145.2,137.0,125.0,175.0,17.37124060048677,0.11436838,0.119591,0.0936229,0.131072,0.012860413805846217,,,,,
003b49d76a1d174b2f64f504bb20f708c964b4b1,2025-11-14 19:12:15,gelu_2_cols_2_channels_4096_tile_1024,5/5,142.8,135.0,134.0,158.0,10.49571341072154,0.1153364,0.121363,0.103696,0.122269,0.008197881521466386,,,,,
0999a9a053dc7d86a167bb9fd37a2195e3b68022,2025-11-13 20:43:24,gelu_2_cols_2_channels_8192_tile_2048,5/5,158.2,166.0,128.0,189.0,24.935115800813918,0.2125852,0.197398,0.173376,0.256,0.03470807234290029,,,,,
003b49d76a1d174b2f64f504bb20f708c964b4b1,2025-11-14 19:12:15,gelu_2_cols_2_channels_8192_tile_2048,5/5,191.2,174.0,128.0,261.0,51.33965329060959,0.1842832,0.188322,0.125548,0.256,0.048833016099356384,,,,,
0999a9a053dc7d86a167bb9fd37a2195e3b68022,2025-11-13 20:43:24,gelu_4_cols_1_channels_1024_tile_256,5/5,157.0,160.0,116.0,186.0,27.46634304016463,0.02697022,0.0256,0.0220215,0.0353103,0.005079071198319631,,,,,
003b49d76a1d174b2f64f504bb20f708c964b4b1,2025-11-14 19:12:15,gelu_4_cols_1_channels_1024_tile_256,5/5,160.8,158.0,134.0,184.0,20.033971149025845,0.0258766,0.0259241,0.0222609,0.0305672,0.003253028336796346,,,,,
0999a9a053dc7d86a167bb9fd37a2195e3b68022,2025-11-13 20:43:24,gelu_4_cols_1_channels_2048_tile_512,5/5,156.6,148.0,140.0,198.0,21.350409832132026,0.05315622,0.0553514,0.0413737,0.0585143,0.006212961858373187,,,,,
003b49d76a1d174b2f64f504bb20f708c964b4b1,2025-11-14 19:12:15,gelu_4_cols_1_channels_2048_tile_512,5/5,174.6,182.0,129.0,204.0,24.9367199126108,0.0480611,0.045011,0.0401569,0.0635039,0.008062877051524475,,,,,
0999a9a053dc7d86a167bb9fd37a2195e3b68022,2025-11-13 20:43:24,gelu_4_cols_1_channels_4096_tile_1024,5/5,183.0,181.0,171.0,202.0,10.601886624558858,0.08981884,0.0905193,0.0811089,0.0958129,0.00499135202188746,,,,,
003b49d76a1d174b2f64f504bb20f708c964b4b1,2025-11-14 19:12:15,gelu_4_cols_1_channels_4096_tile_1024,5/5,144.2,146.0,124.0,161.0,11.855800268223145,0.11442820000000001,0.112219,0.101764,0.132129,0.00987355849529439,,,,,
0999a9a053dc7d86a167bb9fd37a2195e3b68022,2025-11-13 20:43:24,gelu_4_cols_1_channels_8192_tile_2048,5/5,166.8,165.0,154.0,178.0,9.064215354899728,0.1970346,0.198594,0.18409,0.212779,0.010750104178099856,,,,,
003b49d76a1d174b2f64f504bb20f708c964b4b1,2025-11-14 19:12:15,gelu_4_cols_1_channels_8192_tile_2048,5/5,171.0,174.0,132.0,213.0,28.677517326295874,0.1972214,0.188322,0.15384,0.248242,0.03368850126437802,,,,,
0999a9a053dc7d86a167bb9fd37a2195e3b68022,2025-11-13 20:43:24,gelu_4_cols_2_channels_1024_tile_128,5/5,191.8,173.0,146.0,308.0,59.28372457934808,0.02292768,0.0236763,0.0132987,0.0280548,0.005158272340774574,,,,,
003b49d76a1d174b2f64f504bb20f708c964b4b1,2025-11-14 19:12:15,gelu_4_cols_2_channels_1024_tile_128,5/5,154.6,144.0,136.0,197.0,22.096153511414606,0.026965859999999998,0.0284444,0.0207919,0.0301176,0.0033127319490716426,,,,,
0999a9a053dc7d86a167bb9fd37a2195e3b68022,2025-11-13 20:43:24,gelu_4_cols_2_channels_2048_tile_256,5/5,186.4,173.0,152.0,263.0,40.7264042115186,0.04574124,0.0473526,0.0311483,0.0538947,0.008300334700865983,,,,,
003b49d76a1d174b2f64f504bb20f708c964b4b1,2025-11-14 19:12:15,gelu_4_cols_2_channels_2048_tile_256,5/5,210.2,175.0,166.0,358.0,74.0199972980275,0.0424323,0.0468114,0.0228827,0.0493494,0.009844069860377872,,,,,
0999a9a053dc7d86a167bb9fd37a2195e3b68022,2025-11-13 20:43:24,gelu_4_cols_2_channels_4096_tile_512,5/5,218.4,202.0,181.0,260.0,33.42214834507202,0.07674558000000001,0.0811089,0.0630154,0.0905193,0.01131264611899444,,,,,
003b49d76a1d174b2f64f504bb20f708c964b4b1,2025-11-14 19:12:15,gelu_4_cols_2_channels_4096_tile_512,5/5,183.8,175.0,137.0,255.0,38.62848689762518,0.09273055999999999,0.0936229,0.064251,0.119591,0.017516783530385938,,,,,
0999a9a053dc7d86a167bb9fd37a2195e3b68022,2025-11-13 20:43:24,gelu_4_cols_2_channels_8192_tile_1024,5/5,206.6,188.0,142.0,279.0,55.185505343341745,0.17028559999999998,0.174298,0.117448,0.230761,0.044243868350766984,,,,,
003b49d76a1d174b2f64f504bb20f708c964b4b1,2025-11-14 19:12:15,gelu_4_cols_2_channels_8192_tile_1024,5/5,172.4,188.0,131.0,208.0,29.27524551562292,0.1960844,0.174298,0.157538,0.250137,0.03559278568811381,,,,,
0999a9a053dc7d86a167bb9fd37a2195e3b68022,2025-11-13 20:43:24,gelu_8_cols_1_channels_1024_tile_128,5/5,187.6,178.0,142.0,251.0,42.16443999390956,0.02293142,0.0230112,0.0163187,0.0288451,0.004932327391972273,,,,,
003b49d76a1d174b2f64f504bb20f708c964b4b1,2025-11-14 19:12:15,gelu_8_cols_1_channels_1024_tile_128,5/5,181.4,160.0,154.0,278.0,48.388428368774285,0.02379392,0.0256,0.0147338,0.0265974,0.004555865935867736,,,,,
0999a9a053dc7d86a167bb9fd37a2195e3b68022,2025-11-13 20:43:24,gelu_8_cols_1_channels_2048_tile_256,5/5,154.2,140.0,130.0,206.0,27.657910260900046,0.0546108,0.0585143,0.039767,0.0630154,0.00833533079775482,,,,,
003b49d76a1d174b2f64f504bb20f708c964b4b1,2025-11-14 19:12:15,gelu_8_cols_1_channels_2048_tile_256,5/5,229.0,206.0,175.0,285.0,43.51091817004095,0.03707164,0.039767,0.0287439,0.0468114,0.006882967822850838,,,,,
0999a9a053dc7d86a167bb9fd37a2195e3b68022,2025-11-13 20:43:24,gelu_8_cols_1_channels_4096_tile_512,5/5,192.8,184.0,157.0,249.0,30.340731698494025,0.08689496,0.0890435,0.0657992,0.104357,0.012325797545733097,,,,,
003b49d76a1d174b2f64f504bb20f708c964b4b1,2025-11-14 19:12:15,gelu_8_cols_1_channels_4096_tile_512,5/5,158.0,164.0,141.0,175.0,13.221195104830729,0.10444022,0.0999024,0.0936229,0.116199,0.008899810878529948,,,,,
0999a9a053dc7d86a167bb9fd37a2195e3b68022,2025-11-13 20:43:24,gelu_8_cols_1_channels_8192_tile_1024,5/5,176.4,170.0,156.0,209.0,19.49974358805777,0.1879238,0.192753,0.156785,0.210051,0.01963923472439799,,,,,
003b49d76a1d174b2f64f504bb20f708c964b4b1,2025-11-14 19:12:15,gelu_8_cols_1_channels_8192_tile_1024,5/5,173.0,156.0,150.0,246.0,36.747789049138724,0.19619720000000002,0.210051,0.133203,0.218453,0.03201708485418372,,,,,
0999a9a053dc7d86a167bb9fd37a2195e3b68022,2025-11-13 20:43:24,gelu_8_cols_2_channels_1024_tile_64,5/5,192.4,177.0,150.0,236.0,33.31426121047861,0.02193238,0.0231412,0.0173559,0.0273067,0.003740265916428937,,,,,
003b49d76a1d174b2f64f504bb20f708c964b4b1,2025-11-14 19:12:15,gelu_8_cols_2_channels_1024_tile_64,5/5,181.4,166.0,161.0,248.0,33.45205524328812,0.02320198,0.0246747,0.0165161,0.025441,0.003376797047736213,,,,,
0999a9a053dc7d86a167bb9fd37a2195e3b68022,2025-11-13 20:43:24,gelu_8_cols_2_channels_2048_tile_128,5/5,184.2,185.0,154.0,206.0,19.973983077994234,0.045022059999999996,0.0442811,0.039767,0.0531948,0.005077245355347721,,,,,
003b49d76a1d174b2f64f504bb20f708c964b4b1,2025-11-14 19:12:15,gelu_8_cols_2_channels_2048_tile_128,5/5,177.4,171.0,170.0,195.0,9.520504188329525,0.04630448,0.0479064,0.0420103,0.0481882,0.0023558493206485005,,,,,
0999a9a053dc7d86a167bb9fd37a2195e3b68022,2025-11-13 20:43:24,gelu_8_cols_2_channels_4096_tile_256,5/5,227.2,213.0,161.0,361.0,70.13814939104111,0.0777808,0.0769202,0.045385,0.101764,0.018889565234170954,,,,,
003b49d76a1d174b2f64f504bb20f708c964b4b1,2025-11-14 19:12:15,gelu_8_cols_2_channels_4096_tile_256,5/5,181.2,174.0,170.0,202.0,11.923086848631105,0.0907933,0.0941609,0.0811089,0.0963765,0.005686914943271091,,,,,
0999a9a053dc7d86a167bb9fd37a2195e3b68022,2025-11-13 20:43:24,gelu_8_cols_2_channels_8192_tile_512,5/5,205.2,200.0,194.0,219.0,11.05260150371848,0.16014520000000002,0.16384,0.149626,0.168907,0.00848657451272302,,,,,
003b49d76a1d174b2f64f504bb20f708c964b4b1,2025-11-14 19:12:15,gelu_8_cols_2_channels_8192_tile_512,5/5,203.4,205.0,130.0,266.0,43.36173428265987,0.17007060000000002,0.159844,0.123188,0.252062,0.043274550865838,,,,,
0999a9a053dc7d86a167bb9fd37a2195e3b68022,2025-11-13 20:43:24,gemm_2048x2048x2048_64x64x64_8_cols_0_bcolmaj_0_ccolmaj_0,5/5,6697.4,6730.0,6184.0,6951.0,278.03496183034247,3.505796,3.48254,3.37182,3.79002,0.15195226955856897,,,,,
003b49d76a1d174b2f64f504bb20f708c964b4b1,2025-11-14 19:12:15,gemm_2048x2048x2048_64x64x64_8_cols_0_bcolmaj_0_ccolmaj_0,5/5,6343.6,6386.0,6130.0,6441.0,109.34093469510857,3.695792,3.67014,3.6388,3.82341,0.065194661560591,,,,,
0999a9a053dc7d86a167bb9fd37a2195e3b68022,2025-11-13 20:43:24,gemm_2048x2048x8192_64x64x64_8_cols_0_bcolmaj_0_ccolmaj_0,5/5,24613.8,24630.0,24573.0,24649.0,33.065994616826515,2.856634,2.85475,2.85255,2.86137,0.0038387841825244288,,,,,
003b49d76a1d174b2f64f504bb20f708c964b4b1,2025-11-14 19:12:15,gemm_2048x2048x8192_64x64x64_8_cols_0_bcolmaj_0_ccolmaj_0,5/5,24589.2,24621.0,24476.0,24633.0,58.6051192303198,2.859502,2.85579,2.8544,2.87271,0.006835763015201766,,,,,
0999a9a053dc7d86a167bb9fd37a2195e3b68022,2025-11-13 20:43:24,gemm_2048x64x2048_64x64x64_8_cols_0_bcolmaj_0_ccolmaj_0,5/5,473.0,478.0,400.0,576.0,66.15134163416491,17.889519999999997,17.3657,14.4111,20.752,2.4465928998507294,,,,,
003b49d76a1d174b2f64f504bb20f708c964b4b1,2025-11-14 19:12:15,gemm_2048x64x2048_64x64x64_8_cols_0_bcolmaj_0_ccolmaj_0,5/5,476.8,485.0,403.0,585.0,63.625152259149836,17.70706,17.115,14.1894,20.5975,2.246704581915478,,,,,
0999a9a053dc7d86a167bb9fd37a2195e3b68022,2025-11-13 20:43:24,gemm_2048x64x8192_64x64x64_8_cols_0_bcolmaj_0_ccolmaj_0,5/5,1379.6,1370.0,1290.0,1441.0,55.00036363516154,23.57444,23.7012,22.5335,25.1711,0.9568244240193702,,,,,
003b49d76a1d174b2f64f504bb20f708c964b4b1,2025-11-14 19:12:15,gemm_2048x64x8192_64x64x64_8_cols_0_bcolmaj_0_ccolmaj_0,5/5,1422.6,1360.0,1229.0,1812.0,201.01303440324463,23.22186,23.8755,17.9198,26.4204,2.823499637400367,,,,,
0999a9a053dc7d86a167bb9fd37a2195e3b68022,2025-11-13 20:43:24,gemm_2048x8192x2048_64x64x64_8_cols_0_bcolmaj_0_ccolmaj_0,5/5,24537.6,24533.0,24415.0,24631.0,76.22493030498617,2.8655280000000003,2.86604,2.85463,2.87989,0.008913709441080126,,,,,
003b49d76a1d174b2f64f504bb20f708c964b4b1,2025-11-14 19:12:15,gemm_2048x8192x2048_64x64x64_8_cols_0_bcolmaj_0_ccolmaj_0,5/5,24537.0,24482.0,24466.0,24776.0,119.73637709568466,2.8656379999999997,2.87201,2.83793,2.87389,0.013882186283147174,,,,,
0999a9a053dc7d86a167bb9fd37a2195e3b68022,2025-11-13 20:43:24,layer_norm_1_cols_1_channels_1024_tile_1024,5/5,156.0,156.0,138.0,179.0,16.037456157383563,0.039800619999999995,0.0393846,0.034324,0.0445217,0.004055854091261174,,,,,
003b49d76a1d174b2f64f504bb20f708c964b4b1,2025-11-14 19:12:15,layer_norm_1_cols_1_channels_1024_tile_1024,5/5,168.8,169.0,160.0,176.0,6.1773780845922,0.036447219999999995,0.036355,0.0349091,0.0384,0.0013425492682207236,,,,,
0999a9a053dc7d86a167bb9fd37a2195e3b68022,2025-11-13 20:43:24,layer_norm_1_cols_1_channels_2048_tile_2048,5/5,154.8,137.0,103.0,227.0,44.110769660027465,0.08570798,0.0896934,0.0541322,0.119301,0.02279700102946877,,,,,
003b49d76a1d174b2f64f504bb20f708c964b4b1,2025-11-14 19:12:15,layer_norm_1_cols_1_channels_2048_tile_2048,5/5,133.4,148.0,105.0,153.0,21.6573313222105,0.09478916,0.083027,0.0803137,0.117029,0.016486573922874333,,,,,
0999a9a053dc7d86a167bb9fd37a2195e3b68022,2025-11-13 20:43:24,layer_norm_1_cols_1_channels_4096_tile_4096,5/5,166.2,152.0,140.0,211.0,27.830918058878332,0.15178,0.161684,0.116474,0.175543,0.023446572977729608,,,,,
003b49d76a1d174b2f64f504bb20f708c964b4b1,2025-11-14 19:12:15,layer_norm_1_cols_1_channels_4096_tile_4096,5/5,135.0,127.0,119.0,163.0,16.45600194457937,0.1845832,0.193512,0.150773,0.206521,0.020890350120570028,,,,,
0999a9a053dc7d86a167bb9fd37a2195e3b68022,2025-11-13 20:43:24,layer_norm_1_cols_1_channels_8192_tile_8192,5/5,178.0,184.0,128.0,228.0,32.41604540964243,0.2860572,0.26713,0.215579,0.384,0.05562954657158371,,,,,
003b49d76a1d174b2f64f504bb20f708c964b4b1,2025-11-14 19:12:15,layer_norm_1_cols_1_channels_8192_tile_8192,5/5,136.8,132.0,113.0,170.0,20.33125672456083,0.3669578,0.372364,0.289129,0.434973,0.05190039084785392,,,,,
0999a9a053dc7d86a167bb9fd37a2195e3b68022,2025-11-13 20:43:24,layer_norm_1_cols_2_channels_1024_tile_512,5/5,162.4,144.0,129.0,226.0,35.578645280561204,0.03944724,0.0426667,0.0271858,0.0476279,0.007448220116940692,,,,,
003b49d76a1d174b2f64f504bb20f708c964b4b1,2025-11-14 19:12:15,layer_norm_1_cols_2_channels_1024_tile_512,5/5,145.2,137.0,124.0,174.0,17.2673101553195,0.04288964,0.0448467,0.0353103,0.0495484,0.004866352412063886,,,,,
0999a9a053dc7d86a167bb9fd37a2195e3b68022,2025-11-13 20:43:24,layer_norm_1_cols_2_channels_2048_tile_1024,5/5,158.2,134.0,109.0,222.0,45.79257581748378,0.08414864,0.0917015,0.0553514,0.112734,0.02258291601211854,,,,,
003b49d76a1d174b2f64f504bb20f708c964b4b1,2025-11-14 19:12:15,layer_norm_1_cols_2_channels_2048_tile_1024,5/5,157.0,154.0,147.0,172.0,8.579044235810887,0.0784936,0.0797922,0.0714419,0.0835918,0.0041421784437660316,,,,,
0999a9a053dc7d86a167bb9fd37a2195e3b68022,2025-11-13 20:43:24,layer_norm_1_cols_2_channels_4096_tile_2048,5/5,176.6,173.0,161.0,200.0,13.395521639712282,0.1399298,0.142058,0.12288,0.152646,0.010144526374355776,,,,,
003b49d76a1d174b2f64f504bb20f708c964b4b1,2025-11-14 19:12:15,layer_norm_1_cols_2_channels_4096_tile_2048,5/5,168.4,148.0,125.0,232.0,38.598445564556094,0.1532166,0.166054,0.105931,0.196608,0.03220012690409776,,,,,
0999a9a053dc7d86a167bb9fd37a2195e3b68022,2025-11-13 20:43:24,layer_norm_1_cols_2_channels_8192_tile_4096,5/5,147.2,136.0,132.0,179.0,17.904189453868053,0.3384568,0.361412,0.274592,0.372364,0.03745588100365549,,,,,
003b49d76a1d174b2f64f504bb20f708c964b4b1,2025-11-14 19:12:15,layer_norm_1_cols_2_channels_8192_tile_4096,5/5,136.2,131.0,114.0,164.0,16.387800340497197,0.36597460000000004,0.375206,0.299707,0.431158,0.042691272352086196,,,,,
0999a9a053dc7d86a167bb9fd37a2195e3b68022,2025-11-13 20:43:24,layer_norm_2_cols_1_channels_1024_tile_512,5/5,167.0,169.0,148.0,184.0,11.593101396951552,0.03697288,0.036355,0.0333913,0.0415135,0.002636627484799475,,,,,
003b49d76a1d174b2f64f504bb20f708c964b4b1,2025-11-14 19:12:15,layer_norm_2_cols_1_channels_1024_tile_512,5/5,153.8,152.0,130.0,173.0,14.538225476308998,0.0403241,0.0404211,0.0355145,0.0472615,0.003996427234918709,,,,,
0999a9a053dc7d86a167bb9fd37a2195e3b68022,2025-11-13 20:43:24,layer_norm_2_cols_1_channels_2048_tile_1024,5/5,138.4,127.0,111.0,200.0,31.474434069574627,0.09250376,0.0967559,0.06144,0.110703,0.016503309528527906,,,,,
003b49d76a1d174b2f64f504bb20f708c964b4b1,2025-11-14 19:12:15,layer_norm_2_cols_1_channels_2048_tile_1024,5/5,184.8,190.0,155.0,221.0,25.53742351921979,0.06779094,0.0646737,0.0556018,0.0792774,0.009426560857619283,,,,,
0999a9a053dc7d86a167bb9fd37a2195e3b68022,2025-11-13 20:43:24,layer_norm_2_cols_1_channels_4096_tile_2048,5/5,164.6,155.0,130.0,201.0,28.457687889215457,0.1537942,0.158555,0.122269,0.189046,0.026082732198908914,,,,,
003b49d76a1d174b2f64f504bb20f708c964b4b1,2025-11-14 19:12:15,layer_norm_2_cols_1_channels_4096_tile_2048,5/5,151.6,136.0,126.0,224.0,36.95186057561919,0.169769,0.180706,0.109714,0.195048,0.031642851565559,,,,,
0999a9a053dc7d86a167bb9fd37a2195e3b68022,2025-11-13 20:43:24,layer_norm_2_cols_1_channels_8192_tile_4096,5/5,161.2,153.0,130.0,235.0,38.654365859498974,0.319537,0.321255,0.209157,0.378092,0.06183112594478608,,,,,
003b49d76a1d174b2f64f504bb20f708c964b4b1,2025-11-14 19:12:15,layer_norm_2_cols_1_channels_8192_tile_4096,5/5,183.0,181.0,171.0,204.0,11.189280584559492,0.2695398,0.271558,0.240941,0.287439,0.015550755780990203,,,,,
0999a9a053dc7d86a167bb9fd37a2195e3b68022,2025-11-13 20:43:24,layer_norm_2_cols_2_channels_1024_tile_256,5/5,161.8,169.0,131.0,188.0,20.546532554180523,0.0386255,0.036355,0.0326809,0.0469008,0.005163165501899005,,,,,
003b49d76a1d174b2f64f504bb20f708c964b4b1,2025-11-14 19:12:15,layer_norm_2_cols_2_channels_1024_tile_256,5/5,156.6,160.0,130.0,183.0,18.238420984284797,0.0397828,0.0384,0.0335738,0.0472615,0.0047410754556324024,,,,,
0999a9a053dc7d86a167bb9fd37a2195e3b68022,2025-11-13 20:43:24,layer_norm_2_cols_2_channels_2048_tile_512,5/5,156.4,139.0,110.0,233.0,41.81674305825359,0.08358600000000001,0.0884029,0.0527382,0.111709,0.019340240714427526,,,,,
003b49d76a1d174b2f64f504bb20f708c964b4b1,2025-11-14 19:12:15,layer_norm_2_cols_2_channels_2048_tile_512,5/5,144.8,152.0,110.0,171.0,23.28432949431871,0.08728144,0.0808421,0.0718596,0.111709,0.01513257212064096,,,,,
0999a9a053dc7d86a167bb9fd37a2195e3b68022,2025-11-13 20:43:24,layer_norm_2_cols_2_channels_4096_tile_1024,5/5,141.6,128.0,124.0,179.0,21.09597117935081,0.1770586,0.192,0.137296,0.198194,0.023576371269557153,,,,,
003b49d76a1d174b2f64f504bb20f708c964b4b1,2025-11-14 19:12:15,layer_norm_2_cols_2_channels_4096_tile_1024,5/5,153.4,148.0,120.0,207.0,28.79305471810867,0.1652758,0.166054,0.118725,0.2048,0.027470745941091595,,,,,
0999a9a053dc7d86a167bb9fd37a2195e3b68022,2025-11-13 20:43:24,layer_norm_2_cols_2_channels_8192_tile_2048,5/5,130.4,126.0,113.0,148.0,14.568459081179451,0.381617,0.390095,0.332108,0.434973,0.04200523402148832,,,,,
003b49d76a1d174b2f64f504bb20f708c964b4b1,2025-11-14 19:12:15,layer_norm_2_cols_2_channels_8192_tile_2048,5/5,153.0,146.0,126.0,178.0,21.372880011828073,0.3275594,0.336658,0.276135,0.390095,0.045291886410702746,,,,,
0999a9a053dc7d86a167bb9fd37a2195e3b68022,2025-11-13 20:43:24,layer_norm_4_cols_1_channels_1024_tile_256,5/5,152.6,144.0,122.0,206.0,31.544254627427797,0.04187504,0.0426667,0.0298252,0.0503607,0.007889039901179357,,,,,
003b49d76a1d174b2f64f504bb20f708c964b4b1,2025-11-14 19:12:15,layer_norm_4_cols_1_channels_1024_tile_256,5/5,144.6,142.0,135.0,165.0,10.707007051459339,0.0427057,0.0432676,0.0372364,0.0455111,0.0029218023636105156,,,,,
0999a9a053dc7d86a167bb9fd37a2195e3b68022,2025-11-13 20:43:24,layer_norm_4_cols_1_channels_2048_tile_512,5/5,166.0,155.0,138.0,228.0,32.118530476969205,0.0763533,0.0792774,0.0538947,0.0890435,0.012132009200952662,,,,,
003b49d76a1d174b2f64f504bb20f708c964b4b1,2025-11-14 19:12:15,layer_norm_4_cols_1_channels_2048_tile_512,5/5,149.6,134.0,126.0,179.0,23.346091750012462,0.08407758000000001,0.0917015,0.068648,0.0975238,0.01243360819640059,,,,,
0999a9a053dc7d86a167bb9fd37a2195e3b68022,2025-11-13 20:43:24,layer_norm_4_cols_1_channels_4096_tile_1024,5/5,173.0,138.0,113.0,268.0,61.07700058123352,0.1592345,0.178087,0.0917015,0.217487,0.049361170435880064,,,,,
003b49d76a1d174b2f64f504bb20f708c964b4b1,2025-11-14 19:12:15,layer_norm_4_cols_1_channels_4096_tile_1024,5/5,144.6,138.0,110.0,211.0,34.91475332864318,0.17834319999999998,0.178087,0.116474,0.223418,0.03538784119665963,,,,,
0999a9a053dc7d86a167bb9fd37a2195e3b68022,2025-11-13 20:43:24,layer_norm_4_cols_1_channels_8192_tile_2048,5/5,141.2,128.0,115.0,206.0,32.88403868140287,0.3631182,0.384,0.238602,0.427409,0.06490763126289542,,,,,
003b49d76a1d174b2f64f504bb20f708c964b4b1,2025-11-14 19:12:15,layer_norm_4_cols_1_channels_8192_tile_2048,5/5,153.0,150.0,137.0,174.0,13.475904422338413,0.323697,0.32768,0.282483,0.358774,0.027785864211861397,,,,,
0999a9a053dc7d86a167bb9fd37a2195e3b68022,2025-11-13 20:43:24,layer_norm_4_cols_2_channels_1024_tile_128,5/5,147.0,127.0,123.0,206.0,31.413372948475303,0.04341464,0.048378,0.0298252,0.0499512,0.007632044261559283,,,,,
003b49d76a1d174b2f64f504bb20f708c964b4b1,2025-11-14 19:12:15,layer_norm_4_cols_2_channels_1024_tile_128,5/5,177.6,175.0,162.0,203.0,13.632314550361578,0.0347861,0.0351086,0.030266,0.0379259,0.0025013050329777847,,,,,
0999a9a053dc7d86a167bb9fd37a2195e3b68022,2025-11-13 20:43:24,layer_norm_4_cols_2_channels_2048_tile_256,5/5,193.6,172.0,142.0,274.0,49.41902467673761,0.06739754,0.0714419,0.0448467,0.0865352,0.015584911722637379,,,,,
003b49d76a1d174b2f64f504bb20f708c964b4b1,2025-11-14 19:12:15,layer_norm_4_cols_2_channels_2048_tile_256,5/5,158.6,158.0,148.0,177.0,10.725670142233538,0.07782036,0.0777722,0.0694237,0.083027,0.005071474213520167,,,,,
0999a9a053dc7d86a167bb9fd37a2195e3b68022,2025-11-13 20:43:24,layer_norm_4_cols_2_channels_4096_tile_512,5/5,138.8,133.0,120.0,172.0,18.104143172213373,0.1798096,0.184782,0.142884,0.2048,0.021193974441807744,,,,,
003b49d76a1d174b2f64f504bb20f708c964b4b1,2025-11-14 19:12:15,layer_norm_4_cols_2_channels_4096_tile_512,5/5,174.4,175.0,155.0,201.0,15.869467539901898,0.1420516,0.140434,0.122269,0.158555,0.012506915376702604,,,,,
0999a9a053dc7d86a167bb9fd37a2195e3b68022,2025-11-13 20:43:24,layer_norm_4_cols_2_channels_8192_tile_1024,5/5,145.8,145.0,133.0,158.0,7.984985911070852,0.3381438,0.338979,0.311089,0.369564,0.01874575776435831,,,,,
003b49d76a1d174b2f64f504bb20f708c964b4b1,2025-11-14 19:12:15,layer_norm_4_cols_2_channels_8192_tile_1024,5/5,165.0,145.0,123.0,261.0,50.84486208064685,0.32122700000000004,0.338979,0.188322,0.39961,0.07732509326990819,,,,,
0999a9a053dc7d86a167bb9fd37a2195e3b68022,2025-11-13 20:43:24,layer_norm_8_cols_1_channels_1024_tile_128,5/5,158.6,163.0,146.0,166.0,8.138795979750322,0.03884412,0.0376933,0.037012,0.0420822,0.0020498654623169778,,,,,
003b49d76a1d174b2f64f504bb20f708c964b4b1,2025-11-14 19:12:15,layer_norm_8_cols_1_channels_1024_tile_128,5/5,181.2,168.0,142.0,275.0,48.9465014071486,0.03593254,0.0365714,0.0223418,0.0432676,0.007620747880779158,,,,,
0999a9a053dc7d86a167bb9fd37a2195e3b68022,2025-11-13 20:43:24,layer_norm_8_cols_1_channels_2048_tile_256,5/5,184.2,186.0,168.0,195.0,9.368030742904295,0.06688948,0.0660645,0.0630154,0.0731429,0.003530417729617841,,,,,
003b49d76a1d174b2f64f504bb20f708c964b4b1,2025-11-14 19:12:15,layer_norm_8_cols_1_channels_2048_tile_256,5/5,160.2,159.0,130.0,185.0,17.837040113202637,0.07773072,0.077283,0.0664216,0.0945231,0.009287940783489095,,,,,
0999a9a053dc7d86a167bb9fd37a2195e3b68022,2025-11-13 20:43:24,layer_norm_8_cols_1_channels_4096_tile_512,5/5,139.4,142.0,129.0,148.0,6.6513156593263565,0.176708,0.17307,0.166054,0.190512,0.008593825411305486,,,,,
003b49d76a1d174b2f64f504bb20f708c964b4b1,2025-11-14 19:12:15,layer_norm_8_cols_1_channels_4096_tile_512,5/5,155.0,150.0,132.0,175.0,15.401298646542765,0.1601632,0.16384,0.140434,0.186182,0.01624757156500626,,,,,
0999a9a053dc7d86a167bb9fd37a2195e3b68022,2025-11-13 20:43:24,layer_norm_8_cols_1_channels_8192_tile_1024,5/5,152.4,133.0,129.0,226.0,37.26446028054076,0.3376152,0.369564,0.217487,0.381023,0.06200297478153769,,,,,
003b49d76a1d174b2f64f504bb20f708c964b4b1,2025-11-14 19:12:15,layer_norm_8_cols_1_channels_8192_tile_1024,5/5,209.8,174.0,139.0,371.0,86.46710357124263,0.2676238,0.282483,0.132485,0.353612,0.08397733983736327,,,,,
0999a9a053dc7d86a167bb9fd37a2195e3b68022,2025-11-13 20:43:24,layer_norm_8_cols_2_channels_1024_tile_64,5/5,197.0,199.0,150.0,237.0,28.44644090215857,0.0319047,0.0308744,0.0259241,0.04096,0.00502396633229165,,,,,
003b49d76a1d174b2f64f504bb20f708c964b4b1,2025-11-14 19:12:15,layer_norm_8_cols_2_channels_1024_tile_64,5/5,167.2,153.0,134.0,235.0,35.09643856575764,0.03809986,0.0401569,0.0261447,0.0458507,0.006521521327297796,,,,,
0999a9a053dc7d86a167bb9fd37a2195e3b68022,2025-11-13 20:43:24,layer_norm_8_cols_2_channels_2048_tile_128,5/5,183.6,168.0,155.0,219.0,26.11972434770321,0.06824791999999999,0.0731429,0.0561096,0.0792774,0.009294250652828337,,,,,
003b49d76a1d174b2f64f504bb20f708c964b4b1,2025-11-14 19:12:15,layer_norm_8_cols_2_channels_2048_tile_128,5/5,186.6,187.0,158.0,212.0,18.260339536821323,0.066508,0.0657112,0.0579623,0.0777722,0.006733566775788296,,,,,
0999a9a053dc7d86a167bb9fd37a2195e3b68022,2025-11-13 20:43:24,layer_norm_8_cols_2_channels_4096_tile_256,5/5,169.6,159.0,154.0,205.0,18.7040102651811,0.14649220000000002,0.154566,0.119883,0.159584,0.014419328616825402,,,,,
003b49d76a1d174b2f64f504bb20f708c964b4b1,2025-11-14 19:12:15,layer_norm_8_cols_2_channels_4096_tile_256,5/5,170.0,156.0,139.0,213.0,27.040710049848915,0.1480766,0.157538,0.11538,0.176806,0.022212988521133303,,,,,
0999a9a053dc7d86a167bb9fd37a2195e3b68022,2025-11-13 20:43:24,layer_norm_8_cols_2_channels_8192_tile_512,5/5,180.8,158.0,153.0,240.0,33.937589778886775,0.2804992,0.311089,0.2048,0.321255,0.046277462347885934,,,,,
003b49d76a1d174b2f64f504bb20f708c964b4b1,2025-11-14 19:12:15,layer_norm_8_cols_2_channels_8192_tile_512,5/5,185.6,165.0,139.0,297.0,56.58126898541601,0.28370419999999996,0.297891,0.165495,0.353612,0.06281177006071394,,,,,
0999a9a053dc7d86a167bb9fd37a2195e3b68022,2025-11-13 20:43:24,matrix_vector_mul_128x128_32_1col,5/5,772.8,795.0,712.0,827.0,44.04270654716851,0.043206800000000004,0.0418616,0.0402418,0.0467416,0.0025040879441425375,0.0425421,0.0412176,0.0396227,0.0460225,0.0024655733832112977
003b49d76a1d174b2f64f504bb20f708c964b4b1,2025-11-14 19:12:15,matrix_vector_mul_128x128_32_1col,5/5,662.0,659.0,639.0,703.0,22.995651762887697,0.050331060000000004,0.0505008,0.04734,0.0520814,0.0017029310609651823,0.049556699999999995,0.0497238,0.0466117,0.0512801,0.0016767239426930135
0999a9a053dc7d86a167bb9fd37a2195e3b68022,2025-11-13 20:43:24,matrix_vector_mul_2048x8192_1_1col,5/5,3399.8,3600.0,3036.0,3672.0,286.6722170005318,9.948718,9.32636,9.14349,11.0589,0.867782322438064,9.942658,9.32068,9.13792,11.0522,0.8672589011454424
003b49d76a1d174b2f64f504bb20f708c964b4b1,2025-11-14 19:12:15,matrix_vector_mul_2048x8192_1_1col,5/5,3244.0,3194.0,2964.0,3598.0,255.55977774289914,10.413528,10.5119,9.33155,11.3276,0.8090540640377502,10.407192,10.5055,9.32586,11.3207,0.808573962637927
0999a9a053dc7d86a167bb9fd37a2195e3b68022,2025-11-13 20:43:24,matrix_vector_mul_2048x8192_1_2col,5/5,2119.4,2033.0,1916.0,2496.0,200.464061617039,15.97202,16.515,13.4515,17.5234,1.381333931241827,15.962279999999998,16.5049,13.4433,17.5128,1.3805019701543342
003b49d76a1d174b2f64f504bb20f708c964b4b1,2025-11-14 19:12:15,matrix_vector_mul_2048x8192_1_2col,5/5,2185.6,2023.0,1989.0,2489.0,219.78316587036414,15.512260000000001,16.5966,13.4893,16.8803,1.495829886852111,15.502799999999999,16.5865,13.4811,16.87,1.4949166692494942
0999a9a053dc7d86a167bb9fd37a2195e3b68022,2025-11-13 20:43:24,matrix_vector_mul_2048x8192_1_4col,5/5,1758.4,1761.0,1680.0,1831.0,48.51226649003321,19.10864,19.0658,18.3369,19.9851,0.5305129992752294,19.096980000000002,19.0542,18.3257,19.9729,0.5301942262982494
003b49d76a1d174b2f64f504bb20f708c964b4b1,2025-11-14 19:12:15,matrix_vector_mul_2048x8192_1_4col,5/5,1576.2,1566.0,1534.0,1638.0,34.15494107739025,21.311020000000003,21.4399,20.4975,21.8872,0.4542909789991439,21.298,21.4268,20.485,21.8738,0.4539984889842697
0999a9a053dc7d86a167bb9fd37a2195e3b68022,2025-11-13 20:43:24,matrix_vector_mul_2048x8192_1_8col,5/5,2033.4,2083.0,1896.0,2156.0,96.72145573759732,16.54966,16.1185,15.5728,17.7083,0.7980053197817667,16.53956,16.1087,15.5633,17.6975,0.7975294291748742
003b49d76a1d174b2f64f504bb20f708c964b4b1,2025-11-14 19:12:15,matrix_vector_mul_2048x8192_1_8col,5/5,2002.2,2080.0,1767.0,2254.0,183.8438467830784,16.9132,16.1418,14.8957,19.0011,1.5729551258697758,16.90286,16.1319,14.8866,18.9895,1.572003194144337
0999a9a053dc7d86a167bb9fd37a2195e3b68022,2025-11-13 20:43:24,matrix_vector_mul_8192x2048_4_1col,5/5,3209.6,3111.0,3029.0,3468.0,184.7025717200494,10.494774,10.7923,9.68135,11.0845,0.5910504339766616,10.488366000000001,10.7857,9.67544,11.0777,0.5906858816528462
003b49d76a1d174b2f64f504bb20f708c964b4b1,2025-11-14 19:12:15,matrix_vector_mul_8192x2048_4_1col,5/5,3255.6,3330.0,2972.0,3435.0,184.80108224791326,10.347252000000001,10.0826,9.77436,11.2971,0.6038704698989681,10.340924,10.0764,9.76839,11.2902,0.6035037428417492
0999a9a053dc7d86a167bb9fd37a2195e3b68022,2025-11-13 20:43:24,matrix_vector_mul_8192x2048_4_2col,5/5,2067.6,2045.0,1957.0,2281.0,111.89566568906949,16.283520000000003,16.418,14.7194,17.1563,0.8312685857170357,16.2736,16.408,14.7104,17.1459,0.8307856354078353
003b49d76a1d174b2f64f504bb20f708c964b4b1,2025-11-14 19:12:15,matrix_vector_mul_8192x2048_4_2col,5/5,1957.2,1956.0,1899.0,2006.0,38.31135601880988,17.161160000000002,17.1651,16.7372,17.6803,0.33739721753446583,17.15068,17.1546,16.727,17.6695,0.33718392251114226
0999a9a053dc7d86a167bb9fd37a2195e3b68022,2025-11-13 20:43:24,matrix_vector_mul_8192x2048_4_4col,5/5,1797.2,1821.0,1638.0,1902.0,88.30266134154733,18.72896,18.4376,17.6524,20.4975,0.9614180830419193,18.71756,18.4264,17.6417,20.485,0.9608119245721295
003b49d76a1d174b2f64f504bb20f708c964b4b1,2025-11-14 19:12:15,matrix_vector_mul_8192x2048_4_4col,5/5,1682.4,1675.0,1542.0,1780.0,84.20593803289647,20.008,20.0447,18.8623,21.7736,1.0293513510944636,19.995820000000002,20.0325,18.8508,21.7603,1.0287086845166618
0999a9a053dc7d86a167bb9fd37a2195e3b68022,2025-11-13 20:43:24,matrix_vector_mul_8192x2048_4_8col,5/5,2024.0,2133.0,1751.0,2194.0,170.35022747269815,16.7132,15.7407,15.3031,19.1747,1.4847571464721094,16.703,15.7311,15.2937,19.163,1.4838524481901831
003b49d76a1d174b2f64f504bb20f708c964b4b1,2025-11-14 19:12:15,matrix_vector_mul_8192x2048_4_8col,5/5,1949.0,1937.0,1715.0,2197.0,154.46294053914679,17.33544,17.3335,15.2822,19.5772,1.3773129529631243,17.32486,17.3229,15.2728,19.5653,1.3765097407573985
0999a9a053dc7d86a167bb9fd37a2195e3b68022,2025-11-13 20:43:24,mem_copy_1_cols_1_channels_1024_tile_1024,5/5,166.8,171.0,117.0,237.0,44.0744824132967,0.024506240000000002,0.0223082,0.0160958,0.0326043,0.006316184321756293,,,,,
003b49d76a1d174b2f64f504bb20f708c964b4b1,2025-11-14 19:12:15,mem_copy_1_cols_1_channels_1024_tile_1024,5/5,139.4,131.0,124.0,173.0,17.715529910222838,0.027758139999999997,0.0291198,0.0220503,0.0307637,0.0031029181417497956,,,,,
0999a9a053dc7d86a167bb9fd37a2195e3b68022,2025-11-13 20:43:24,mem_copy_1_cols_1_channels_2048_tile_2048,5/5,173.4,189.0,124.0,203.0,28.047103237232896,0.045388,0.0403672,0.0375832,0.0615274,0.00865708784384218,,,,,
003b49d76a1d174b2f64f504bb20f708c964b4b1,2025-11-14 19:12:15,mem_copy_1_cols_1_channels_2048_tile_2048,5/5,130.6,123.0,112.0,152.0,17.442476888332116,0.0594418,0.0620276,0.0501934,0.0681196,0.0076764519627234035,,,,,
0999a9a053dc7d86a167bb9fd37a2195e3b68022,2025-11-13 20:43:24,mem_copy_1_cols_1_channels_4096_tile_4096,5/5,149.4,155.0,124.0,173.0,16.644518617250547,0.10345754,0.0984438,0.0882011,0.123055,0.011947638923502833,,,,,
003b49d76a1d174b2f64f504bb20f708c964b4b1,2025-11-14 19:12:15,mem_copy_1_cols_1_channels_4096_tile_4096,5/5,159.8,162.0,137.0,194.0,20.143485299222675,0.09694382,0.0941901,0.0786536,0.111378,0.011629234574708689,,,,,
0999a9a053dc7d86a167bb9fd37a2195e3b68022,2025-11-13 20:43:24,mem_copy_1_cols_1_channels_8192_tile_8192,5/5,153.0,140.0,124.0,216.0,32.323366161339074,0.2067908,0.217983,0.141285,0.24611,0.03501453702906837,,,,,
003b49d76a1d174b2f64f504bb20f708c964b4b1,2025-11-14 19:12:15,mem_copy_1_cols_1_channels_8192_tile_8192,5/5,126.0,132.0,105.0,151.0,16.97056274847714,0.2466748,0.231194,0.202103,0.290644,0.03336230122398634,,,,,
0999a9a053dc7d86a167bb9fd37a2195e3b68022,2025-11-13 20:43:24,mem_copy_1_cols_2_channels_1024_tile_512,5/5,135.4,134.0,129.0,143.0,4.758150901348127,0.028208,0.0284679,0.0266762,0.0295713,0.0009814979816586476,,,,,
003b49d76a1d174b2f64f504bb20f708c964b4b1,2025-11-14 19:12:15,mem_copy_1_cols_2_channels_1024_tile_512,5/5,128.4,124.0,123.0,139.0,6.499230723708768,0.029783419999999998,0.0307637,0.0274439,0.0310138,0.0014611857450714477,,,,,
0999a9a053dc7d86a167bb9fd37a2195e3b68022,2025-11-13 20:43:24,mem_copy_1_cols_2_channels_2048_tile_1024,5/5,143.0,144.0,137.0,146.0,3.1622776601683795,0.053379180000000005,0.0529819,0.0522561,0.055689,0.0012113468923475239,,,,,
003b49d76a1d174b2f64f504bb20f708c964b4b1,2025-11-14 19:12:15,mem_copy_1_cols_2_channels_2048_tile_1024,5/5,138.8,128.0,123.0,163.0,17.127755252805315,0.055774420000000005,0.0596046,0.0468061,0.0620276,0.006549347756349482,,,,,
0999a9a053dc7d86a167bb9fd37a2195e3b68022,2025-11-13 20:43:24,mem_copy_1_cols_2_channels_4096_tile_2048,5/5,143.6,150.0,123.0,155.0,12.059850745345068,0.10706648,0.101725,0.0984438,0.124055,0.009632197785012515,,,,,
003b49d76a1d174b2f64f504bb20f708c964b4b1,2025-11-14 19:12:15,mem_copy_1_cols_2_channels_4096_tile_2048,5/5,146.2,151.0,124.0,165.0,14.246403054806501,0.1054091,0.101052,0.0924775,0.123055,0.010707340418610028,,,,,
0999a9a053dc7d86a167bb9fd37a2195e3b68022,2025-11-13 20:43:24,mem_copy_1_cols_2_channels_8192_tile_4096,5/5,153.6,143.0,123.0,204.0,30.92959747555729,0.20633179999999998,0.21341,0.149596,0.24811,0.0383139620629347,,,,,
003b49d76a1d174b2f64f504bb20f708c964b4b1,2025-11-14 19:12:15,mem_copy_1_cols_2_channels_8192_tile_4096,5/5,147.4,144.0,130.0,163.0,11.825396399275586,0.208393,0.211928,0.187224,0.234751,0.016913053455837,,,,,
0999a9a053dc7d86a167bb9fd37a2195e3b68022,2025-11-13 20:43:24,mem_copy_2_cols_1_channels_1024_tile_512,5/5,140.4,133.0,103.0,190.0,34.93765876529221,0.02888678,0.0286819,0.0200774,0.0370359,0.006967668057937318,,,,,
003b49d76a1d174b2f64f504bb20f708c964b4b1,2025-11-14 19:12:15,mem_copy_2_cols_1_channels_1024_tile_512,5/5,163.8,168.0,143.0,188.0,15.663971399361019,0.02350174,0.0227065,0.0202909,0.0266762,0.002235389255230507,,,,,
0999a9a053dc7d86a167bb9fd37a2195e3b68022,2025-11-13 20:43:24,mem_copy_2_cols_1_channels_2048_tile_1024,5/5,155.0,144.0,111.0,231.0,42.175822457896416,0.05250182,0.0529819,0.0330277,0.0687333,0.01235814940375783,,,,,
003b49d76a1d174b2f64f504bb20f708c964b4b1,2025-11-14 19:12:15,mem_copy_2_cols_1_channels_2048_tile_1024,5/5,138.4,138.0,122.0,158.0,14.880860190190619,0.05576763999999999,0.0552855,0.0482873,0.062536,0.00598132913744094,,,,,
0999a9a053dc7d86a167bb9fd37a2195e3b68022,2025-11-13 20:43:24,mem_copy_2_cols_1_channels_4096_tile_2048,5/5,174.2,167.0,122.0,246.0,40.73524272666115,0.0922107,0.09137,0.0620276,0.125072,0.020387851835639768,,,,,
003b49d76a1d174b2f64f504bb20f708c964b4b1,2025-11-14 19:12:15,mem_copy_2_cols_1_channels_4096_tile_2048,5/5,161.8,141.0,126.0,248.0,44.06994440659076,0.09981324,0.108218,0.0615274,0.121102,0.020448808599583496,,,,,
0999a9a053dc7d86a167bb9fd37a2195e3b68022,2025-11-13 20:43:24,mem_copy_2_cols_1_channels_8192_tile_4096,5/5,144.2,142.0,120.0,174.0,17.71327186038762,0.21476480000000003,0.214913,0.175388,0.254313,0.025715032874954687,,,,,
003b49d76a1d174b2f64f504bb20f708c964b4b1,2025-11-14 19:12:15,mem_copy_2_cols_1_channels_8192_tile_4096,5/5,146.2,146.0,113.0,176.0,25.4825430442097,0.2153998,0.209025,0.173395,0.270067,0.03843001338225112,,,,,
0999a9a053dc7d86a167bb9fd37a2195e3b68022,2025-11-13 20:43:24,mem_copy_2_cols_2_channels_1024_tile_256,5/5,147.8,151.0,123.0,170.0,17.22091751330341,0.026175560000000004,0.0252629,0.0224394,0.0310138,0.003150059094429817,,,,,
003b49d76a1d174b2f64f504bb20f708c964b4b1,2025-11-14 19:12:15,mem_copy_2_cols_2_channels_1024_tile_256,5/5,172.2,168.0,127.0,230.0,33.27100840070827,0.02296424,0.0227065,0.0165856,0.030037,0.004305092009516173,,,,,
0999a9a053dc7d86a167bb9fd37a2195e3b68022,2025-11-13 20:43:24,mem_copy_2_cols_2_channels_2048_tile_512,5/5,188.6,204.0,150.0,217.0,26.852187992787478,0.041346100000000004,0.037399,0.0351585,0.0508626,0.0062878357430836244,,,,,
003b49d76a1d174b2f64f504bb20f708c964b4b1,2025-11-14 19:12:15,mem_copy_2_cols_2_channels_2048_tile_512,5/5,141.6,147.0,129.0,148.0,7.472616676907761,0.05403656,0.0519006,0.05155,0.0591426,0.0029701795673662563,,,,,
0999a9a053dc7d86a167bb9fd37a2195e3b68022,2025-11-13 20:43:24,mem_copy_2_cols_2_channels_4096_tile_1024,5/5,211.6,153.0,135.0,459.0,124.3247360745238,0.08884516,0.0997306,0.0332435,0.113028,0.028985693732501903,,,,,
003b49d76a1d174b2f64f504bb20f708c964b4b1,2025-11-14 19:12:15,mem_copy_2_cols_2_channels_4096_tile_1024,5/5,159.6,152.0,126.0,219.0,31.372599509763294,0.09882392,0.100387,0.0696748,0.121102,0.016618820714166215,,,,,
0999a9a053dc7d86a167bb9fd37a2195e3b68022,2025-11-13 20:43:24,mem_copy_2_cols_2_channels_8192_tile_2048,5/5,135.0,139.0,107.0,151.0,15.594870951694341,0.2294854,0.219551,0.202103,0.285211,0.02981521744076336,,,,,
003b49d76a1d174b2f64f504bb20f708c964b4b1,2025-11-14 19:12:15,mem_copy_2_cols_2_channels_8192_tile_2048,5/5,152.6,153.0,124.0,195.0,23.921538412067065,0.20459860000000002,0.199461,0.1565,0.24611,0.02977964440083192,,,,,
0999a9a053dc7d86a167bb9fd37a2195e3b68022,2025-11-13 20:43:24,mem_copy_4_cols_1_channels_1024_tile_256,5/5,160.2,141.0,119.0,233.0,40.226359517112655,0.02514214,0.0270546,0.0163721,0.0320563,0.005396496516296477,,,,,
003b49d76a1d174b2f64f504bb20f708c964b4b1,2025-11-14 19:12:15,mem_copy_4_cols_1_channels_1024_tile_256,5/5,172.0,166.0,128.0,222.0,31.189741903388683,0.022923699999999998,0.0229801,0.0171833,0.0298023,0.004185431978661223,,,,,
0999a9a053dc7d86a167bb9fd37a2195e3b68022,2025-11-13 20:43:24,mem_copy_4_cols_1_channels_2048_tile_512,5/5,161.6,160.0,140.0,194.0,17.85049018934774,0.0477518,0.0476837,0.0393268,0.0544957,0.004920671632206318,,,,,
003b49d76a1d174b2f64f504bb20f708c964b4b1,2025-11-14 19:12:15,mem_copy_4_cols_1_channels_2048_tile_512,5/5,149.8,161.0,125.0,173.0,19.86353442869622,0.05188066,0.0473875,0.0441005,0.0610352,0.007175053429375978,,,,,
0999a9a053dc7d86a167bb9fd37a2195e3b68022,2025-11-13 20:43:24,mem_copy_4_cols_1_channels_4096_tile_1024,5/5,146.2,129.0,120.0,221.0,37.828031934003654,0.10978386,0.118285,0.0690443,0.127157,0.021035548782915074,,,,,
003b49d76a1d174b2f64f504bb20f708c964b4b1,2025-11-14 19:12:15,mem_copy_4_cols_1_channels_4096_tile_1024,5/5,160.6,168.0,125.0,190.0,21.85040045399626,0.09693762,0.0908261,0.0803094,0.12207,0.014282552965124965,,,,,
0999a9a053dc7d86a167bb9fd37a2195e3b68022,2025-11-13 20:43:24,mem_copy_4_cols_1_channels_8192_tile_2048,5/5,191.2,195.0,171.0,206.0,13.644046320648432,0.16044940000000002,0.1565,0.148144,0.178465,0.011764813123887692,,,,,
003b49d76a1d174b2f64f504bb20f708c964b4b1,2025-11-14 19:12:15,mem_copy_4_cols_1_channels_8192_tile_2048,5/5,140.6,135.0,123.0,172.0,17.35050431543706,0.2200958,0.226056,0.177428,0.24811,0.02477633245175726,,,,,
0999a9a053dc7d86a167bb9fd37a2195e3b68022,2025-11-13 20:43:24,mem_copy_4_cols_2_channels_1024_tile_128,5/5,162.0,159.0,147.0,186.0,13.827508813954884,0.02371132,0.0239918,0.0205091,0.0259503,0.0019239626861246558,,,,,
003b49d76a1d174b2f64f504bb20f708c964b4b1,2025-11-14 19:12:15,mem_copy_4_cols_2_channels_1024_tile_128,5/5,184.8,174.0,125.0,262.0,45.68325732694638,0.021905420000000002,0.0219235,0.0145599,0.0305176,0.005279949570744023,,,,,
0999a9a053dc7d86a167bb9fd37a2195e3b68022,2025-11-13 20:43:24,mem_copy_4_cols_2_channels_2048_tile_256,5/5,208.8,192.0,144.0,328.0,62.29735146858171,0.039259379999999997,0.0397364,0.0232603,0.0529819,0.009449680114247253,,,,,
003b49d76a1d174b2f64f504bb20f708c964b4b1,2025-11-14 19:12:15,mem_copy_4_cols_2_channels_2048_tile_256,5/5,209.0,219.0,103.0,309.0,66.02120871356416,0.04154056,0.0348374,0.0246906,0.0740718,0.01698149450026116,,,,,
0999a9a053dc7d86a167bb9fd37a2195e3b68022,2025-11-13 20:43:24,mem_copy_4_cols_2_channels_4096_tile_512,5/5,189.0,144.0,130.0,334.0,76.79062442772555,0.09142708000000001,0.105964,0.045685,0.117375,0.027014763725518677,,,,,
003b49d76a1d174b2f64f504bb20f708c964b4b1,2025-11-14 19:12:15,mem_copy_4_cols_2_channels_4096_tile_512,5/5,154.2,152.0,144.0,166.0,8.49470423263812,0.0992525,0.100387,0.0919204,0.105964,0.005411243090455281,,,,,
0999a9a053dc7d86a167bb9fd37a2195e3b68022,2025-11-13 20:43:24,mem_copy_4_cols_2_channels_8192_tile_1024,5/5,163.0,157.0,132.0,189.0,22.333830840229805,0.19083719999999998,0.194379,0.161469,0.231194,0.026502408037006753,,,,,
003b49d76a1d174b2f64f504bb20f708c964b4b1,2025-11-14 19:12:15,mem_copy_4_cols_2_channels_8192_tile_1024,5/5,177.0,184.0,141.0,203.0,25.019992006393608,0.1761182,0.165856,0.150333,0.216437,0.02628399212752888,,,,,
0999a9a053dc7d86a167bb9fd37a2195e3b68022,2025-11-13 20:43:24,mem_copy_8_cols_1_channels_1024_tile_128,5/5,178.6,158.0,147.0,265.0,43.784015348069666,0.02236642,0.0241437,0.0143951,0.0259503,0.004132027376191983,,,,,
003b49d76a1d174b2f64f504bb20f708c964b4b1,2025-11-14 19:12:15,mem_copy_8_cols_1_channels_1024_tile_128,5/5,182.2,173.0,144.0,218.0,27.476535443901945,0.0214269,0.0220503,0.0174986,0.026491,0.003272569499949543,,,,,
0999a9a053dc7d86a167bb9fd37a2195e3b68022,2025-11-13 20:43:24,mem_copy_8_cols_1_channels_2048_tile_256,5/5,175.8,161.0,157.0,217.0,22.745549015137005,0.04405774,0.0473875,0.0351585,0.0485949,0.005113592660194983,,,,,
003b49d76a1d174b2f64f504bb20f708c964b4b1,2025-11-14 19:12:15,mem_copy_8_cols_1_channels_2048_tile_256,5/5,155.6,149.0,143.0,181.0,13.61763562443936,0.04937914,0.051204,0.0421514,0.0533524,0.0039725812684449895,,,,,
0999a9a053dc7d86a167bb9fd37a2195e3b68022,2025-11-13 20:43:24,mem_copy_8_cols_1_channels_4096_tile_512,5/5,163.2,152.0,130.0,202.0,26.64132128855474,0.09596982,0.100387,0.0755386,0.117375,0.015246207436920171,,,,,
003b49d76a1d174b2f64f504bb20f708c964b4b1,2025-11-14 19:12:15,mem_copy_8_cols_1_channels_4096_tile_512,5/5,157.4,160.0,143.0,170.0,9.00222194794152,0.09726714,0.0953674,0.0897576,0.106705,0.005680744722164511,,,,,
0999a9a053dc7d86a167bb9fd37a2195e3b68022,2025-11-13 20:43:24,mem_copy_8_cols_1_channels_8192_tile_1024,5/5,155.8,138.0,121.0,219.0,35.605617534316124,0.2050354,0.221142,0.13935,0.252211,0.04057228074732798,,,,,
003b49d76a1d174b2f64f504bb20f708c964b4b1,2025-11-14 19:12:15,mem_copy_8_cols_1_channels_8192_tile_1024,5/5,182.2,187.0,161.0,190.0,10.796295661012625,0.168138,0.163196,0.160619,0.18955,0.01085463545219276,,,,,
0999a9a053dc7d86a167bb9fd37a2195e3b68022,2025-11-13 20:43:24,mem_copy_8_cols_2_channels_1024_tile_64,5/5,187.0,190.0,174.0,204.0,10.73312629199899,0.02046596,0.0200774,0.0186995,0.0219235,0.0011598486463327874,,,,,
003b49d76a1d174b2f64f504bb20f708c964b4b1,2025-11-14 19:12:15,mem_copy_8_cols_2_channels_1024_tile_64,5/5,203.2,190.0,145.0,305.0,53.6559409571764,0.019895879999999998,0.0200774,0.0125072,0.0263083,0.004385285855859342,,,,,
0999a9a053dc7d86a167bb9fd37a2195e3b68022,2025-11-13 20:43:24,mem_copy_8_cols_2_channels_2048_tile_128,5/5,174.4,178.0,161.0,186.0,10.091580649234292,0.0438958,0.0428618,0.0410183,0.0473875,0.002580453338465937,,,,,
003b49d76a1d174b2f64f504bb20f708c964b4b1,2025-11-14 19:12:15,mem_copy_8_cols_2_channels_2048_tile_128,5/5,206.4,193.0,165.0,281.0,43.07946146367198,0.03844834,0.0395305,0.0271509,0.0462388,0.0071918485091386625,,,,,
0999a9a053dc7d86a167bb9fd37a2195e3b68022,2025-11-13 20:43:24,mem_copy_8_cols_2_channels_4096_tile_256,5/5,170.4,156.0,153.0,202.0,20.264254242384546,0.09075256000000001,0.0978128,0.0755386,0.0997306,0.010150099814602813,,,,,
003b49d76a1d174b2f64f504bb20f708c964b4b1,2025-11-14 19:12:15,mem_copy_8_cols_2_channels_4096_tile_256,5/5,159.8,155.0,131.0,189.0,23.944936834328878,0.09765292,0.0984438,0.0807343,0.116479,0.014505418618902388,,,,,
0999a9a053dc7d86a167bb9fd37a2195e3b68022,2025-11-13 20:43:24,mem_copy_8_cols_2_channels_8192_tile_512,5/5,153.8,154.0,140.0,169.0,9.389355675444401,0.1991606,0.198166,0.180577,0.217983,0.012095644581418558,,,,,
003b49d76a1d174b2f64f504bb20f708c964b4b1,2025-11-14 19:12:15,mem_copy_8_cols_2_channels_8192_tile_512,5/5,205.0,208.0,144.0,262.0,37.469987990390386,0.1544554,0.146719,0.116479,0.211928,0.031290495570380474,,,,,
0999a9a053dc7d86a167bb9fd37a2195e3b68022,2025-11-13 20:43:24,mha,5/5,,,,,,0.08911240000000001,0.0875175,0.0835474,0.102028,0.0066798842915128396,64.63618,63.4793,60.5997,74.0043,4.845145217803075
003b49d76a1d174b2f64f504bb20f708c964b4b1,2025-11-14 19:12:15,mha,5/5,,,,,,0.08713754,0.0880564,0.0834322,0.089195,0.0019888710663087247,63.203779999999995,63.8703,60.5162,64.6961,1.4425829797970038
0999a9a053dc7d86a167bb9fd37a2195e3b68022,2025-11-13 20:43:24,relu_1_cols_1_channels_1024_tile_1024,5/5,154.2,150.0,124.0,196.0,23.515101530718507,0.025283840000000002,0.0254313,0.0194627,0.0307637,0.003624245081999837,,,,,
003b49d76a1d174b2f64f504bb20f708c964b4b1,2025-11-14 19:12:15,relu_1_cols_1_channels_1024_tile_1024,5/5,131.6,125.0,122.0,159.0,13.836184445142381,0.029268680000000002,0.0305176,0.0239918,0.031268,0.002680387258140136,,,,,
0999a9a053dc7d86a167bb9fd37a2195e3b68022,2025-11-13 20:43:24,relu_1_cols_1_channels_2048_tile_2048,5/5,189.6,181.0,144.0,225.0,29.608106997915282,0.04130028,0.0421514,0.0339084,0.0529819,0.006860628189721405,,,,,
003b49d76a1d174b2f64f504bb20f708c964b4b1,2025-11-14 19:12:15,relu_1_cols_1_channels_2048_tile_2048,5/5,172.6,172.0,163.0,186.0,7.683749084919419,0.0442883,0.0443569,0.0410183,0.0468061,0.0019233697138095946,,,,,
0999a9a053dc7d86a167bb9fd37a2195e3b68022,2025-11-13 20:43:24,relu_1_cols_1_channels_4096_tile_4096,5/5,148.8,153.0,130.0,164.0,11.513470371699404,0.103187,0.0997306,0.0930414,0.117375,0.00831141846281367,,,,,
003b49d76a1d174b2f64f504bb20f708c964b4b1,2025-11-14 19:12:15,relu_1_cols_1_channels_4096_tile_4096,5/5,162.8,173.0,138.0,186.0,18.840382161729096,0.09504156,0.0882011,0.0820365,0.110571,0.011376348420578547,,,,,
0999a9a053dc7d86a167bb9fd37a2195e3b68022,2025-11-13 20:43:24,relu_2_cols_1_channels_1024_tile_512,5/5,140.8,125.0,105.0,213.0,39.921923801340036,0.029002299999999998,0.0305176,0.0179094,0.0363305,0.006863562994538624,,,,,
003b49d76a1d174b2f64f504bb20f708c964b4b1,2025-11-14 19:12:15,relu_2_cols_1_channels_1024_tile_512,5/5,138.0,131.0,112.0,174.0,21.624060673240816,0.02829376,0.0291198,0.0219235,0.0340598,0.004191800265566098,,,,,
0999a9a053dc7d86a167bb9fd37a2195e3b68022,2025-11-13 20:43:24,relu_2_cols_1_channels_2048_tile_1024,5/5,155.6,157.0,140.0,168.0,9.604165762834375,0.0492249,0.0485949,0.0454131,0.0544957,0.0031284777991860526,,,,,
003b49d76a1d174b2f64f504bb20f708c964b4b1,2025-11-14 19:12:15,relu_2_cols_1_channels_2048_tile_1024,5/5,149.0,136.0,122.0,178.0,22.289010745208053,0.05233906000000001,0.0560985,0.0428618,0.062536,0.0076149417801057405,,,,,
0999a9a053dc7d86a167bb9fd37a2195e3b68022,2025-11-13 20:43:24,relu_2_cols_1_channels_4096_tile_2048,5/5,191.8,224.0,123.0,246.0,55.42706919908358,0.08777650000000001,0.0681196,0.0620276,0.124055,0.028501477030357564,,,,,
003b49d76a1d174b2f64f504bb20f708c964b4b1,2025-11-14 19:12:15,relu_2_cols_1_channels_4096_tile_2048,5/5,170.0,170.0,144.0,196.0,18.384776310850235,0.09082874,0.0897576,0.077851,0.105964,0.00994555033039399,,,,,
0999a9a053dc7d86a167bb9fd37a2195e3b68022,2025-11-13 20:43:24,relu_2_cols_1_channels_8192_tile_4096,5/5,136.2,130.0,120.0,163.0,15.210522673465235,0.22668080000000002,0.234751,0.187224,0.254313,0.023515635142602465,,,,,
003b49d76a1d174b2f64f504bb20f708c964b4b1,2025-11-14 19:12:15,relu_2_cols_1_channels_8192_tile_4096,5/5,184.2,195.0,117.0,223.0,40.2313310741765,0.1756516,0.1565,0.13685,0.260834,0.04640662413750865,,,,,
0999a9a053dc7d86a167bb9fd37a2195e3b68022,2025-11-13 20:43:24,relu_4_cols_1_channels_1024_tile_256,5/5,152.8,166.0,123.0,170.0,18.56232744027537,0.025371460000000002,0.0229801,0.0224394,0.0310138,0.003351572448030924,,,,,
003b49d76a1d174b2f64f504bb20f708c964b4b1,2025-11-14 19:12:15,relu_4_cols_1_channels_1024_tile_256,5/5,151.2,132.0,124.0,231.0,40.53344298230783,0.02663706,0.0288992,0.0165138,0.0307637,0.005285957856661365,,,,,
0999a9a053dc7d86a167bb9fd37a2195e3b68022,2025-11-13 20:43:24,relu_4_cols_1_channels_2048_tile_512,5/5,152.0,139.0,135.0,180.0,18.40652058374966,0.05089716,0.0548877,0.0423855,0.056514,0.00581814573677903,,,,,
003b49d76a1d174b2f64f504bb20f708c964b4b1,2025-11-14 19:12:15,relu_4_cols_1_channels_2048_tile_512,5/5,148.6,137.0,110.0,210.0,34.20292385162415,0.05382302,0.055689,0.0363305,0.0693581,0.011013083292411803,,,,,
0999a9a053dc7d86a167bb9fd37a2195e3b68022,2025-11-13 20:43:24,relu_4_cols_1_channels_4096_tile_1024,5/5,128.4,125.0,115.0,144.0,10.071742649611338,0.11956039999999998,0.12207,0.105964,0.132685,0.009233514923364772,,,,,
003b49d76a1d174b2f64f504bb20f708c964b4b1,2025-11-14 19:12:15,relu_4_cols_1_channels_4096_tile_1024,5/5,184.4,177.0,152.0,228.0,29.028262090590268,0.08476158,0.0862078,0.0669245,0.100387,0.012853040035477988,,,,,
0999a9a053dc7d86a167bb9fd37a2195e3b68022,2025-11-13 20:43:24,relu_4_cols_1_channels_8192_tile_2048,5/5,150.6,128.0,127.0,212.0,33.06115545470242,0.2109792,0.238419,0.143951,0.240296,0.038281565764216076,,,,,
003b49d76a1d174b2f64f504bb20f708c964b4b1,2025-11-14 19:12:15,relu_4_cols_1_channels_8192_tile_2048,5/5,151.8,158.0,119.0,181.0,23.709913538433668,0.206284,0.193149,0.168605,0.25645,0.033743531741653836,,,,,
0999a9a053dc7d86a167bb9fd37a2195e3b68022,2025-11-13 20:43:24,relu_8_cols_1_channels_1024_tile_128,5/5,142.2,139.0,117.0,163.0,16.70209567689037,0.027212580000000004,0.0274439,0.0234031,0.0326043,0.0033054544053125294,,,,,
003b49d76a1d174b2f64f504bb20f708c964b4b1,2025-11-14 19:12:15,relu_8_cols_1_channels_1024_tile_128,5/5,157.4,147.0,122.0,198.0,27.947092872068108,0.0250008,0.0259503,0.0192661,0.031268,0.004346062075028381,,,,,
0999a9a053dc7d86a167bb9fd37a2195e3b68022,2025-11-13 20:43:24,relu_8_cols_1_channels_2048_tile_256,5/5,166.6,171.0,140.0,187.0,15.291827882892221,0.04620958,0.0446163,0.0407989,0.0544957,0.004541125866742741,,,,,
003b49d76a1d174b2f64f504bb20f708c964b4b1,2025-11-14 19:12:15,relu_8_cols_1_channels_2048_tile_256,5/5,152.8,158.0,114.0,178.0,21.451340284467076,0.05109138,0.0482873,0.0428618,0.0669245,0.008333306624719865,,,,,
0999a9a053dc7d86a167bb9fd37a2195e3b68022,2025-11-13 20:43:24,relu_8_cols_1_channels_4096_tile_512,5/5,169.0,170.0,140.0,209.0,22.856071403458643,0.09186552,0.0897576,0.0730086,0.108991,0.01177388882203327,,,,,
003b49d76a1d174b2f64f504bb20f708c964b4b1,2025-11-14 19:12:15,relu_8_cols_1_channels_4096_tile_512,5/5,179.6,179.0,163.0,198.0,12.467557900406959,0.08536856000000001,0.0852446,0.0770646,0.0936122,0.005896989011215813,,,,,
0999a9a053dc7d86a167bb9fd37a2195e3b68022,2025-11-13 20:43:24,relu_8_cols_1_channels_8192_tile_1024,5/5,135.4,136.0,123.0,153.0,11.499565209172042,0.22699759999999997,0.224394,0.199461,0.24811,0.018987087702962768,,,,,
003b49d76a1d174b2f64f504bb20f708c964b4b1,2025-11-14 19:12:15,relu_8_cols_1_channels_8192_tile_1024,5/5,203.6,202.0,151.0,306.0,55.88774463153796,0.15987892,0.151077,0.0997306,0.202103,0.03729229832694145,,,,,
0999a9a053dc7d86a167bb9fd37a2195e3b68022,2025-11-13 20:43:24,rms_norm_1_cols_1_channels_1024_tile_1024,5/5,185.8,198.0,153.0,206.0,20.71134954559939,0.031212240000000002,0.0288992,0.0277769,0.037399,0.003734687348949039,,,,,
003b49d76a1d174b2f64f504bb20f708c964b4b1,2025-11-14 19:12:15,rms_norm_1_cols_1_channels_1024_tile_1024,5/5,156.6,125.0,109.0,215.0,46.396551595996876,0.03970516,0.0457764,0.0266142,0.0524958,0.010739685482284851,,,,,
0999a9a053dc7d86a167bb9fd37a2195e3b68022,2025-11-13 20:43:24,rms_norm_1_cols_1_channels_2048_tile_2048,5/5,126.8,122.0,102.0,167.0,22.497999911103207,0.09286524,0.093804,0.0685275,0.112197,0.014897735836374599,,,,,
003b49d76a1d174b2f64f504bb20f708c964b4b1,2025-11-14 19:12:15,rms_norm_1_cols_1_channels_2048_tile_2048,5/5,149.4,144.0,119.0,182.0,20.732583051805193,0.07810505999999999,0.0794729,0.0628796,0.0961688,0.010965920473102112,,,,,
0999a9a053dc7d86a167bb9fd37a2195e3b68022,2025-11-13 20:43:24,rms_norm_1_cols_1_channels_4096_tile_4096,5/5,273.2,261.0,224.0,364.0,47.889038411728414,0.08602602000000001,0.0876942,0.0628796,0.102179,0.01295833967179438,,,,,
003b49d76a1d174b2f64f504bb20f708c964b4b1,2025-11-14 19:12:15,rms_norm_1_cols_1_channels_4096_tile_4096,5/5,187.6,161.0,131.0,303.0,60.37747924516226,0.13230732,0.142163,0.0755386,0.174719,0.03293777030112391,,,,,
0999a9a053dc7d86a167bb9fd37a2195e3b68022,2025-11-13 20:43:24,rms_norm_1_cols_1_channels_8192_tile_8192,5/5,183.8,162.0,146.0,293.0,54.97053756331658,0.2657426,0.28257,0.156233,0.313537,0.05609194890748582,,,,,
003b49d76a1d174b2f64f504bb20f708c964b4b1,2025-11-14 19:12:15,rms_norm_1_cols_1_channels_8192_tile_8192,5/5,148.2,149.0,133.0,166.0,13.166624472506232,0.311337,0.307224,0.275761,0.344183,0.02766725418251693,,,,,
0999a9a053dc7d86a167bb9fd37a2195e3b68022,2025-11-13 20:43:24,rms_norm_1_cols_2_channels_1024_tile_512,5/5,195.2,199.0,167.0,214.0,15.471263684650973,0.02951358,0.028754,0.0267385,0.0342637,0.002528396436795465,,,,,
003b49d76a1d174b2f64f504bb20f708c964b4b1,2025-11-14 19:12:15,rms_norm_1_cols_2_channels_1024_tile_512,5/5,145.0,137.0,115.0,171.0,20.79422996891205,0.04030602,0.0417668,0.0334623,0.0497569,0.005924047757876366,,,,,
0999a9a053dc7d86a167bb9fd37a2195e3b68022,2025-11-13 20:43:24,rms_norm_1_cols_2_channels_2048_tile_1024,5/5,178.2,173.0,161.0,199.0,12.874781551544865,0.06455018,0.0661508,0.057508,0.0710813,0.004574032461799982,,,,,
003b49d76a1d174b2f64f504bb20f708c964b4b1,2025-11-14 19:12:15,rms_norm_1_cols_2_channels_2048_tile_1024,5/5,209.8,184.0,154.0,290.0,53.57760726273617,0.0580065,0.0621962,0.0394624,0.0743123,0.01366122231793334,,,,,
0999a9a053dc7d86a167bb9fd37a2195e3b68022,2025-11-13 20:43:24,rms_norm_1_cols_2_channels_4096_tile_2048,5/5,204.0,225.0,147.0,261.0,44.65870575822815,0.11818464,0.101725,0.0876942,0.155702,0.027521705372276623,,,,,
003b49d76a1d174b2f64f504bb20f708c964b4b1,2025-11-14 19:12:15,rms_norm_1_cols_2_channels_4096_tile_2048,5/5,162.6,179.0,100.0,194.0,35.35873300897531,0.1497176,0.127867,0.11798,0.228882,0.04172967635915716,,,,,
0999a9a053dc7d86a167bb9fd37a2195e3b68022,2025-11-13 20:43:24,rms_norm_1_cols_2_channels_8192_tile_4096,5/5,173.6,164.0,142.0,227.0,32.00374978029918,0.2721418,0.279124,0.201658,0.322369,0.04623221979269436,,,,,
003b49d76a1d174b2f64f504bb20f708c964b4b1,2025-11-14 19:12:15,rms_norm_1_cols_2_channels_8192_tile_4096,5/5,154.0,160.0,142.0,163.0,9.444575162494075,0.2983984,0.286102,0.280837,0.322369,0.01874192848775174,,,,,
0999a9a053dc7d86a167bb9fd37a2195e3b68022,2025-11-13 20:43:24,rms_norm_2_cols_1_channels_1024_tile_512,5/5,147.6,148.0,107.0,178.0,24.90461804565571,0.0400225,0.0386625,0.0321463,0.0534771,0.0075300300315470185,,,,,
003b49d76a1d174b2f64f504bb20f708c964b4b1,2025-11-14 19:12:15,rms_norm_2_cols_1_channels_1024_tile_512,5/5,185.2,174.0,152.0,250.0,35.87422473029905,0.031935740000000004,0.0328853,0.0228882,0.037645,0.005419970866932773,,,,,
0999a9a053dc7d86a167bb9fd37a2195e3b68022,2025-11-13 20:43:24,rms_norm_2_cols_1_channels_2048_tile_1024,5/5,166.0,170.0,152.0,173.0,7.8230428862431785,0.06910074,0.0673182,0.0661508,0.0752901,0.0034058016663334953,,,,,
003b49d76a1d174b2f64f504bb20f708c964b4b1,2025-11-14 19:12:15,rms_norm_2_cols_1_channels_2048_tile_1024,5/5,168.6,165.0,125.0,241.0,39.0773591738234,0.07112116,0.0693581,0.0474859,0.0915527,0.014335835166407294,,,,,
0999a9a053dc7d86a167bb9fd37a2195e3b68022,2025-11-13 20:43:24,rms_norm_2_cols_1_channels_4096_tile_2048,5/5,167.8,166.0,151.0,187.0,12.921300244170476,0.1372058,0.137881,0.122397,0.151577,0.010461523013404877,,,,,
003b49d76a1d174b2f64f504bb20f708c964b4b1,2025-11-14 19:12:15,rms_norm_2_cols_1_channels_4096_tile_2048,5/5,157.8,155.0,154.0,164.0,3.9698866482558417,0.1451364,0.147666,0.139562,0.148625,0.003602308293303059,,,,,
0999a9a053dc7d86a167bb9fd37a2195e3b68022,2025-11-13 20:43:24,rms_norm_2_cols_1_channels_8192_tile_4096,5/5,199.6,205.0,178.0,209.0,11.092339699089639,0.23010760000000002,0.223299,0.219026,0.257171,0.013809669649922833,,,,,
003b49d76a1d174b2f64f504bb20f708c964b4b1,2025-11-14 19:12:15,rms_norm_2_cols_1_channels_8192_tile_4096,5/5,156.8,157.0,143.0,168.0,8.207313811473277,0.2927634,0.291569,0.272478,0.320114,0.015740257489634667,,,,,
0999a9a053dc7d86a167bb9fd37a2195e3b68022,2025-11-13 20:43:24,rms_norm_2_cols_2_channels_1024_tile_256,5/5,153.0,153.0,114.0,202.0,35.07135583350036,0.03945796,0.037399,0.028327,0.0501934,0.009066322039415983,,,,,
003b49d76a1d174b2f64f504bb20f708c964b4b1,2025-11-14 19:12:15,rms_norm_2_cols_2_channels_1024_tile_256,5/5,144.6,142.0,125.0,166.0,16.8949696655543,0.0401135,0.0402961,0.0344702,0.0457764,0.004647190439394539,,,,,
0999a9a053dc7d86a167bb9fd37a2195e3b68022,2025-11-13 20:43:24,rms_norm_2_cols_2_channels_2048_tile_512,5/5,156.4,164.0,120.0,188.0,27.72435752186153,0.07566155999999999,0.069781,0.0608728,0.0953674,0.014099107493682006,,,,,
003b49d76a1d174b2f64f504bb20f708c964b4b1,2025-11-14 19:12:15,rms_norm_2_cols_2_channels_2048_tile_512,5/5,188.2,175.0,160.0,248.0,31.352192905760198,0.06226664,0.0653948,0.0461455,0.0715256,0.008809653354042938,,,,,
0999a9a053dc7d86a167bb9fd37a2195e3b68022,2025-11-13 20:43:24,rms_norm_2_cols_2_channels_4096_tile_1024,5/5,182.6,186.0,124.0,243.0,38.22878496630517,0.13138542,0.123055,0.0941901,0.184582,0.029707263543207744,,,,,
003b49d76a1d174b2f64f504bb20f708c964b4b1,2025-11-14 19:12:15,rms_norm_2_cols_2_channels_4096_tile_1024,5/5,132.2,127.0,118.0,150.0,11.617228585166085,0.1744422,0.180222,0.152588,0.193968,0.014926935095993417,,,,,
0999a9a053dc7d86a167bb9fd37a2195e3b68022,2025-11-13 20:43:24,rms_norm_2_cols_2_channels_8192_tile_2048,5/5,177.4,171.0,163.0,207.0,15.370100845472681,0.2598086,0.267698,0.221142,0.280837,0.020441124945560114,,,,,
003b49d76a1d174b2f64f504bb20f708c964b4b1,2025-11-14 19:12:15,rms_norm_2_cols_2_channels_8192_tile_2048,5/5,146.4,152.0,124.0,162.0,13.032267646115928,0.31534819999999997,0.30116,0.28257,0.369164,0.030064913333651903,,,,,
0999a9a053dc7d86a167bb9fd37a2195e3b68022,2025-11-13 20:43:24,rms_norm_4_cols_1_channels_1024_tile_256,5/5,146.8,130.0,116.0,207.0,33.307056309436895,0.04074451999999999,0.0440157,0.0276427,0.049328,0.007872873838288023,,,,,
003b49d76a1d174b2f64f504bb20f708c964b4b1,2025-11-14 19:12:15,rms_norm_4_cols_1_channels_1024_tile_256,5/5,144.2,130.0,123.0,186.0,24.481829996958968,0.04073222,0.0440157,0.0307637,0.0465207,0.006218737693905411,,,,,
0999a9a053dc7d86a167bb9fd37a2195e3b68022,2025-11-13 20:43:24,rms_norm_4_cols_1_channels_2048_tile_512,5/5,159.0,146.0,125.0,214.0,32.4468796650772,0.07476818,0.0783842,0.0534771,0.0915527,0.013828844642326416,,,,,
003b49d76a1d174b2f64f504bb20f708c964b4b1,2025-11-14 19:12:15,rms_norm_4_cols_1_channels_2048_tile_512,5/5,178.4,166.0,150.0,242.0,33.18794962030646,0.06603521999999999,0.0689403,0.0472896,0.0762939,0.01021529434395309,,,,,
0999a9a053dc7d86a167bb9fd37a2195e3b68022,2025-11-13 20:43:24,rms_norm_4_cols_1_channels_4096_tile_1024,5/5,166.6,164.0,124.0,222.0,31.518883228947054,0.1421644,0.139562,0.1031,0.184582,0.02588907542265656,,,,,
003b49d76a1d174b2f64f504bb20f708c964b4b1,2025-11-14 19:12:15,rms_norm_4_cols_1_channels_4096_tile_1024,5/5,152.6,149.0,124.0,198.0,24.703036250631218,0.15357159999999997,0.153612,0.115597,0.184582,0.022409737228267536,,,,,
0999a9a053dc7d86a167bb9fd37a2195e3b68022,2025-11-13 20:43:24,rms_norm_4_cols_1_channels_8192_tile_2048,5/5,189.2,162.0,130.0,294.0,57.366889404952055,0.2614932,0.28257,0.155702,0.352126,0.06640850865785197,,,,,
003b49d76a1d174b2f64f504bb20f708c964b4b1,2025-11-14 19:12:15,rms_norm_4_cols_1_channels_8192_tile_2048,5/5,143.6,149.0,124.0,164.0,15.239422561238992,0.3224664,0.307224,0.279124,0.369164,0.03484134340463926,,,,,
0999a9a053dc7d86a167bb9fd37a2195e3b68022,2025-11-13 20:43:24,rms_norm_4_cols_2_channels_1024_tile_128,5/5,137.8,137.0,132.0,146.0,4.578209256903839,0.04156914,0.0417668,0.0391921,0.0433488,0.001350732720563176,,,,,
003b49d76a1d174b2f64f504bb20f708c964b4b1,2025-11-14 19:12:15,rms_norm_4_cols_2_channels_1024_tile_128,5/5,160.8,156.0,129.0,207.0,29.552664854459405,0.03676346,0.0366798,0.0276427,0.0443569,0.006464774602907668,,,,,
0999a9a053dc7d86a167bb9fd37a2195e3b68022,2025-11-13 20:43:24,rms_norm_4_cols_2_channels_2048_tile_256,5/5,182.2,185.0,162.0,194.0,10.703270528207723,0.06304326,0.06186,0.0589902,0.0706425,0.003964623320115038,,,,,
003b49d76a1d174b2f64f504bb20f708c964b4b1,2025-11-14 19:12:15,rms_norm_4_cols_2_channels_2048_tile_256,5/5,155.6,158.0,111.0,219.0,36.576495184749454,0.07746884,0.072431,0.0522561,0.1031,0.01711671896767602,,,,,
0999a9a053dc7d86a167bb9fd37a2195e3b68022,2025-11-13 20:43:24,rms_norm_4_cols_2_channels_4096_tile_512,5/5,190.4,200.0,164.0,202.0,14.38888459888396,0.1209614,0.114441,0.113308,0.139562,0.00993952961864896,,,,,
003b49d76a1d174b2f64f504bb20f708c964b4b1,2025-11-14 19:12:15,rms_norm_4_cols_2_channels_4096_tile_512,5/5,175.6,139.0,107.0,328.0,81.3918914880346,0.1536964,0.164663,0.069781,0.213908,0.05273489606930121,,,,,
0999a9a053dc7d86a167bb9fd37a2195e3b68022,2025-11-13 20:43:24,rms_norm_4_cols_2_channels_8192_tile_1024,5/5,188.8,186.0,162.0,214.0,18.77658115845374,0.2449022,0.24611,0.213908,0.28257,0.024641219193862952,,,,,
003b49d76a1d174b2f64f504bb20f708c964b4b1,2025-11-14 19:12:15,rms_norm_4_cols_2_channels_8192_tile_1024,5/5,200.8,213.0,165.0,230.0,24.894979413528343,0.2317056,0.214913,0.199028,0.277433,0.03020321180007185,,,,,
0999a9a053dc7d86a167bb9fd37a2195e3b68022,2025-11-13 20:43:24,rms_norm_8_cols_1_channels_1024_tile_128,5/5,177.0,189.0,147.0,200.0,23.194827009486403,0.03292092,0.0302754,0.0286102,0.0389255,0.004528682023458922,,,,,
003b49d76a1d174b2f64f504bb20f708c964b4b1,2025-11-14 19:12:15,rms_norm_8_cols_1_channels_1024_tile_128,5/5,158.2,156.0,139.0,192.0,18.551549800488367,0.03662942,0.0366798,0.0298023,0.0411658,0.003939421381066006,,,,,
0999a9a053dc7d86a167bb9fd37a2195e3b68022,2025-11-13 20:43:24,rms_norm_8_cols_1_channels_2048_tile_256,5/5,135.8,145.0,114.0,146.0,12.607934009979589,0.08506694000000001,0.0789248,0.0783842,0.100387,0.008580388535631705,,,,,
003b49d76a1d174b2f64f504bb20f708c964b4b1,2025-11-14 19:12:15,rms_norm_8_cols_1_channels_2048_tile_256,5/5,168.4,170.0,139.0,197.0,24.228908353452496,0.0694132,0.0673182,0.0580918,0.0823316,0.010143931007651819,,,,,
0999a9a053dc7d86a167bb9fd37a2195e3b68022,2025-11-13 20:43:24,rms_norm_8_cols_1_channels_4096_tile_512,5/5,188.0,188.0,141.0,257.0,38.72983346207417,0.12659022,0.121746,0.0890591,0.162328,0.02402663294999114,,,,,
003b49d76a1d174b2f64f504bb20f708c964b4b1,2025-11-14 19:12:15,rms_norm_8_cols_1_channels_4096_tile_512,5/5,173.8,176.0,156.0,190.0,11.805083650698965,0.1323128,0.130046,0.120464,0.146719,0.009147692941938963,,,,,
0999a9a053dc7d86a167bb9fd37a2195e3b68022,2025-11-13 20:43:24,rms_norm_8_cols_1_channels_8192_tile_1024,5/5,200.0,199.0,181.0,220.0,13.594116374373144,0.22994140000000002,0.230032,0.208074,0.252908,0.015616589635384547,,,,,
003b49d76a1d174b2f64f504bb20f708c964b4b1,2025-11-14 19:12:15,rms_norm_8_cols_1_channels_8192_tile_1024,5/5,175.0,151.0,135.0,244.0,43.197222132910355,0.2765404,0.303155,0.187608,0.339084,0.06106064054233299,,,,,
0999a9a053dc7d86a167bb9fd37a2195e3b68022,2025-11-13 20:43:24,rms_norm_8_cols_2_channels_1024_tile_64,5/5,180.2,187.0,151.0,210.0,20.87486526902629,0.03219238,0.0305992,0.0272478,0.0378943,0.003802403576897118,,,,,
003b49d76a1d174b2f64f504bb20f708c964b4b1,2025-11-14 19:12:15,rms_norm_8_cols_2_channels_1024_tile_64,5/5,202.0,208.0,159.0,234.0,30.535225559998732,0.02902026,0.0275098,0.0244532,0.0359877,0.004605738642867177,,,,,
0999a9a053dc7d86a167bb9fd37a2195e3b68022,2025-11-13 20:43:24,rms_norm_8_cols_2_channels_2048_tile_128,5/5,178.4,162.0,155.0,210.0,24.303086223770016,0.06530006000000001,0.0706425,0.0544957,0.0738329,0.008457363262057507,,,,,
003b49d76a1d174b2f64f504bb20f708c964b4b1,2025-11-14 19:12:15,rms_norm_8_cols_2_channels_2048_tile_128,5/5,158.2,155.0,153.0,170.0,6.241794613730893,0.07244736,0.0738329,0.0673182,0.074798,0.002736942061937011,,,,,
0999a9a053dc7d86a167bb9fd37a2195e3b68022,2025-11-13 20:43:24,rms_norm_8_cols_2_channels_4096_tile_256,5/5,195.4,187.0,163.0,241.0,26.84473877690003,0.11924494000000001,0.122397,0.0949717,0.140418,0.015472564660533815,,,,,
003b49d76a1d174b2f64f504bb20f708c964b4b1,2025-11-14 19:12:15,rms_norm_8_cols_2_channels_4096_tile_256,5/5,223.8,195.0,188.0,275.0,39.07633554979279,0.10526930000000001,0.117375,0.0832298,0.121746,0.01718083568561203,,,,,
0999a9a053dc7d86a167bb9fd37a2195e3b68022,2025-11-13 20:43:24,rms_norm_8_cols_2_channels_8192_tile_512,5/5,240.4,209.0,202.0,372.0,65.88049787304283,0.201153,0.219026,0.123055,0.226616,0.039204356268149596,,,,,
003b49d76a1d174b2f64f504bb20f708c964b4b1,2025-11-14 19:12:15,rms_norm_8_cols_2_channels_8192_tile_512,5/5,200.2,200.0,163.0,246.0,32.60920115550211,0.2348226,0.228882,0.186083,0.280837,0.03806740771105907,,,,,
0999a9a053dc7d86a167bb9fd37a2195e3b68022,2025-11-13 20:43:24,rope_1_cols_2_channels_1024_tile_1024_0,5/5,145.2,149.0,123.0,157.0,12.270289320142375,0.03971648,0.038403,0.0364462,0.0465207,0.0036576981326511895,,,,,
003b49d76a1d174b2f64f504bb20f708c964b4b1,2025-11-14 19:12:15,rope_1_cols_2_channels_1024_tile_1024_0,5/5,160.8,154.0,140.0,201.0,20.87486526902629,0.03611492,0.0371561,0.0284679,0.0408718,0.00410260475473814,,,,,
0999a9a053dc7d86a167bb9fd37a2195e3b68022,2025-11-13 20:43:24,rope_1_cols_2_channels_1024_tile_1024_1,5/5,178.2,155.0,110.0,268.0,61.43744786366048,0.036072599999999996,0.0369164,0.0213509,0.0520186,0.011739816519349865,,,,,
003b49d76a1d174b2f64f504bb20f708c964b4b1,2025-11-14 19:12:15,rope_1_cols_2_channels_1024_tile_1024_1,5/5,136.6,142.0,113.0,159.0,16.230834852218784,0.04250586,0.0402961,0.0359877,0.0506376,0.005215443846347116,,,,,
0999a9a053dc7d86a167bb9fd37a2195e3b68022,2025-11-13 20:43:24,rope_1_cols_2_channels_4096_tile_4096_0,5/5,151.4,155.0,135.0,158.0,8.309031231136396,0.15167219999999998,0.147666,0.144862,0.169542,0.009023228699307141,,,,,
003b49d76a1d174b2f64f504bb20f708c964b4b1,2025-11-14 19:12:15,rope_1_cols_2_channels_4096_tile_4096_0,5/5,146.2,156.0,117.0,163.0,17.58863269273652,0.1590712,0.146719,0.140418,0.195626,0.02099074357329916,,,,,
0999a9a053dc7d86a167bb9fd37a2195e3b68022,2025-11-13 20:43:24,rope_1_cols_2_channels_4096_tile_4096_1,5/5,129.0,130.0,99.0,152.0,17.435595774162696,0.181069,0.176063,0.15058,0.231194,0.027199007481891694,,,,,
003b49d76a1d174b2f64f504bb20f708c964b4b1,2025-11-14 19:12:15,rope_1_cols_2_channels_4096_tile_4096_1,5/5,137.8,126.0,117.0,178.0,21.655484293822663,0.1697398,0.181652,0.128585,0.195626,0.023327304365485524,,,,,
0999a9a053dc7d86a167bb9fd37a2195e3b68022,2025-11-13 20:43:24,rope_2_cols_2_channels_1024_tile_512_0,5/5,148.8,152.0,131.0,160.0,9.987992791347018,0.0386392,0.037645,0.0357628,0.0436797,0.0027547228209023147,,,,,
003b49d76a1d174b2f64f504bb20f708c964b4b1,2025-11-14 19:12:15,rope_2_cols_2_channels_1024_tile_512_0,5/5,172.0,167.0,111.0,239.0,47.99166594316142,0.03608516,0.0342637,0.0239416,0.05155,0.010298829679648071,,,,,
0999a9a053dc7d86a167bb9fd37a2195e3b68022,2025-11-13 20:43:24,rope_2_cols_2_channels_1024_tile_512_1,5/5,141.2,149.0,109.0,155.0,16.642115250171777,0.04120112,0.038403,0.0369164,0.0524958,0.005753472291199464,,,,,
003b49d76a1d174b2f64f504bb20f708c964b4b1,2025-11-14 19:12:15,rope_2_cols_2_channels_1024_tile_512_1,5/5,164.2,154.0,105.0,254.0,48.76228050450471,0.037700859999999996,0.0371561,0.0225277,0.0544957,0.01013542186918729,,,,,
0999a9a053dc7d86a167bb9fd37a2195e3b68022,2025-11-13 20:43:24,rope_2_cols_2_channels_4096_tile_2048_0,5/5,133.6,147.0,93.0,151.0,22.32129028528593,0.1773236,0.155702,0.151577,0.24611,0.03617615867169979,,,,,
003b49d76a1d174b2f64f504bb20f708c964b4b1,2025-11-14 19:12:15,rope_2_cols_2_channels_4096_tile_2048_0,5/5,154.2,149.0,140.0,183.0,16.01749044014074,0.1499218,0.153612,0.125072,0.163487,0.01438617315897456,,,,,
0999a9a053dc7d86a167bb9fd37a2195e3b68022,2025-11-13 20:43:24,rope_2_cols_2_channels_4096_tile_2048_1,5/5,144.2,152.0,104.0,188.0,28.568514137070554,0.16531659999999998,0.15058,0.121746,0.220079,0.033860826685714565,,,,,
003b49d76a1d174b2f64f504bb20f708c964b4b1,2025-11-14 19:12:15,rope_2_cols_2_channels_4096_tile_2048_1,5/5,165.2,161.0,131.0,231.0,34.96512548240032,0.1439156,0.142163,0.099083,0.174719,0.02572088494278531,,,,,
0999a9a053dc7d86a167bb9fd37a2195e3b68022,2025-11-13 20:43:24,rope_2_cols_2_channels_8192_tile_4096_0,5/5,163.6,161.0,148.0,190.0,15.78100123566309,0.2823102,0.284325,0.240928,0.3093,0.02602675889464534,,,,,
003b49d76a1d174b2f64f504bb20f708c964b4b1,2025-11-14 19:12:15,rope_2_cols_2_channels_8192_tile_4096_0,5/5,171.6,168.0,157.0,195.0,12.93986089569745,0.268201,0.272478,0.234751,0.291569,0.019124667348741003,,,,,
0999a9a053dc7d86a167bb9fd37a2195e3b68022,2025-11-13 20:43:24,rope_2_cols_2_channels_8192_tile_4096_1,5/5,163.4,161.0,137.0,190.0,21.62036077404815,0.2851222,0.284325,0.240928,0.334134,0.03768898299715714,,,,,
003b49d76a1d174b2f64f504bb20f708c964b4b1,2025-11-14 19:12:15,rope_2_cols_2_channels_8192_tile_4096_1,5/5,168.4,168.0,164.0,172.0,2.8705400188814645,0.2719104,0.272478,0.266142,0.279124,0.004652207802753442,,,,,
0999a9a053dc7d86a167bb9fd37a2195e3b68022,2025-11-13 20:43:24,rope_4_cols_2_channels_1024_tile_256_0,5/5,144.6,150.0,128.0,152.0,9.024411338142782,0.03973718,0.038147,0.037645,0.0447035,0.0026562688940692737,,,,,
003b49d76a1d174b2f64f504bb20f708c964b4b1,2025-11-14 19:12:15,rope_4_cols_2_channels_1024_tile_256_0,5/5,181.4,159.0,146.0,225.0,33.15780451115544,0.03256934,0.0359877,0.0254313,0.0391921,0.005623940592004862,,,,,
0999a9a053dc7d86a167bb9fd37a2195e3b68022,2025-11-13 20:43:24,rope_4_cols_2_channels_1024_tile_256_1,5/5,140.0,140.0,125.0,152.0,8.921883209278185,0.04104394,0.0408718,0.037645,0.0457764,0.002707633880420321,,,,,
003b49d76a1d174b2f64f504bb20f708c964b4b1,2025-11-14 19:12:15,rope_4_cols_2_channels_1024_tile_256_1,5/5,170.2,160.0,147.0,217.0,25.071098898931417,0.0342683,0.0357628,0.0263689,0.0389255,0.004428036448359476,,,,,
0999a9a053dc7d86a167bb9fd37a2195e3b68022,2025-11-13 20:43:24,rope_4_cols_2_channels_4096_tile_1024_0,5/5,146.8,142.0,128.0,181.0,18.882796403075474,0.1582848,0.161184,0.126454,0.178814,0.018527633236870806,,,,,
003b49d76a1d174b2f64f504bb20f708c964b4b1,2025-11-14 19:12:15,rope_4_cols_2_channels_4096_tile_1024_0,5/5,157.8,160.0,141.0,166.0,8.863407922464136,0.1455368,0.143051,0.137881,0.162328,0.008750868103222674,,,,,
0999a9a053dc7d86a167bb9fd37a2195e3b68022,2025-11-13 20:43:24,rope_4_cols_2_channels_4096_tile_1024_1,5/5,134.0,122.0,117.0,174.0,21.51278689523977,0.1746812,0.187608,0.131541,0.195626,0.02424544760073528,,,,,
003b49d76a1d174b2f64f504bb20f708c964b4b1,2025-11-14 19:12:15,rope_4_cols_2_channels_4096_tile_1024_1,5/5,158.4,144.0,137.0,217.0,29.63511430718633,0.1486246,0.158946,0.105476,0.167067,0.022126326099016075,,,,,
0999a9a053dc7d86a167bb9fd37a2195e3b68022,2025-11-13 20:43:24,rope_4_cols_2_channels_8192_tile_2048_0,5/5,172.8,156.0,140.0,229.0,35.10783388362204,0.2752316,0.293438,0.199897,0.326974,0.051119533638717796,,,,,
003b49d76a1d174b2f64f504bb20f708c964b4b1,2025-11-14 19:12:15,rope_4_cols_2_channels_8192_tile_2048_0,5/5,163.4,168.0,146.0,175.0,9.911609354691093,0.2812348,0.272478,0.261579,0.313537,0.017926713735651613,,,,,
0999a9a053dc7d86a167bb9fd37a2195e3b68022,2025-11-13 20:43:24,rope_4_cols_2_channels_8192_tile_2048_1,5/5,196.0,164.0,133.0,299.0,66.87600466535064,0.26022500000000004,0.279124,0.153098,0.344183,0.07931473834540463,,,,,
003b49d76a1d174b2f64f504bb20f708c964b4b1,2025-11-14 19:12:15,rope_4_cols_2_channels_8192_tile_2048_1,5/5,200.6,191.0,141.0,307.0,56.86686205515476,0.2440772,0.239667,0.149109,0.324655,0.05779451661325667,,,,,
0999a9a053dc7d86a167bb9fd37a2195e3b68022,2025-11-13 20:43:24,rope_8_cols_2_channels_1024_tile_128_0,5/5,165.0,145.0,142.0,249.0,42.014283285568496,0.03638748,0.0394624,0.0229801,0.0402961,0.006710598780257988,,,,,
003b49d76a1d174b2f64f504bb20f708c964b4b1,2025-11-14 19:12:15,rope_8_cols_2_channels_1024_tile_128_0,5/5,197.2,171.0,150.0,300.0,53.77508716868807,0.030781399999999997,0.0334623,0.0190735,0.038147,0.006576196572183651,,,,,
0999a9a053dc7d86a167bb9fd37a2195e3b68022,2025-11-13 20:43:24,rope_8_cols_2_channels_1024_tile_128_1,5/5,184.4,186.0,147.0,222.0,23.83778513201258,0.0315705,0.0307637,0.025775,0.0389255,0.004226724053921667,,,,,
003b49d76a1d174b2f64f504bb20f708c964b4b1,2025-11-14 19:12:15,rope_8_cols_2_channels_1024_tile_128_1,5/5,180.6,164.0,153.0,236.0,31.27682848371938,0.03254208,0.0348905,0.024246,0.037399,0.004986672350736511,,,,,
0999a9a053dc7d86a167bb9fd37a2195e3b68022,2025-11-13 20:43:24,rope_8_cols_2_channels_4096_tile_512_0,5/5,159.0,158.0,148.0,170.0,9.20869154657707,0.1444338,0.144862,0.134636,0.15465,0.008343336991875614,,,,,
003b49d76a1d174b2f64f504bb20f708c964b4b1,2025-11-14 19:12:15,rope_8_cols_2_channels_4096_tile_512_0,5/5,175.4,177.0,156.0,190.0,13.305637902783918,0.1312626,0.129312,0.120464,0.146719,0.010179448582315249,,,,,
0999a9a053dc7d86a167bb9fd37a2195e3b68022,2025-11-13 20:43:24,rope_8_cols_2_channels_4096_tile_512_1,5/5,157.8,152.0,139.0,189.0,16.98705389406886,0.1466016,0.15058,0.121102,0.164663,0.014519117777606186,,,,,
003b49d76a1d174b2f64f504bb20f708c964b4b1,2025-11-14 19:12:15,rope_8_cols_2_channels_4096_tile_512_1,5/5,144.4,150.0,116.0,177.0,22.33024854317569,0.1624028,0.152588,0.129312,0.197312,0.025364215118154156,,,,,
0999a9a053dc7d86a167bb9fd37a2195e3b68022,2025-11-13 20:43:24,rope_8_cols_2_channels_8192_tile_1024_0,5/5,232.4,245.0,175.0,282.0,43.481490314845466,0.204507,0.186842,0.162328,0.261579,0.04044600017307027,,,,,
003b49d76a1d174b2f64f504bb20f708c964b4b1,2025-11-14 19:12:15,rope_8_cols_2_channels_8192_tile_1024_0,5/5,194.0,193.0,189.0,203.0,4.979959839195493,0.23611279999999998,0.237183,0.225499,0.242203,0.005931766428307844,,,,,
0999a9a053dc7d86a167bb9fd37a2195e3b68022,2025-11-13 20:43:24,rope_8_cols_2_channels_8192_tile_1024_1,5/5,175.2,171.0,159.0,194.0,11.702991070662236,0.26243340000000004,0.267698,0.235961,0.287902,0.017295102307878948,,,,,
003b49d76a1d174b2f64f504bb20f708c964b4b1,2025-11-14 19:12:15,rope_8_cols_2_channels_8192_tile_1024_1,5/5,183.8,181.0,169.0,207.0,14.3024473430249,0.2505216,0.252908,0.221142,0.270866,0.01887240494054745,,,,,
0999a9a053dc7d86a167bb9fd37a2195e3b68022,2025-11-13 20:43:24,silu_1_cols_1_channels_1024_tile_1024,5/5,159.0,162.0,135.0,170.0,12.696456198483101,0.02416158,0.0235475,0.0224394,0.028257,0.0021293387334099757,,,,,
003b49d76a1d174b2f64f504bb20f708c964b4b1,2025-11-14 19:12:15,silu_1_cols_1_channels_1024_tile_1024,5/5,164.6,168.0,136.0,185.0,18.810635289643994,0.023496780000000002,0.0227065,0.02062,0.0280492,0.0028204417933366394,,,,,
0999a9a053dc7d86a167bb9fd37a2195e3b68022,2025-11-13 20:43:24,silu_1_cols_1_channels_2048_tile_2048,5/5,153.4,158.0,134.0,170.0,13.078226179417452,0.05010985999999999,0.0482873,0.0448788,0.0569358,0.004401877259351969,,,,,
003b49d76a1d174b2f64f504bb20f708c964b4b1,2025-11-14 19:12:15,silu_1_cols_1_channels_2048_tile_2048,5/5,144.6,144.0,123.0,173.0,16.329115101560156,0.05341102,0.0529819,0.0441005,0.0620276,0.005790309329008253,,,,,
0999a9a053dc7d86a167bb9fd37a2195e3b68022,2025-11-13 20:43:24,silu_1_cols_1_channels_4096_tile_4096,5/5,131.8,126.0,114.0,163.0,17.03408347989407,0.11753944000000001,0.121102,0.0936122,0.133849,0.013747330186418013,,,,,
003b49d76a1d174b2f64f504bb20f708c964b4b1,2025-11-14 19:12:15,silu_1_cols_1_channels_4096_tile_4096,5/5,154.2,157.0,138.0,163.0,8.749857141690944,0.09929418000000001,0.0971897,0.0936122,0.110571,0.005991501743102473,,,,,
0999a9a053dc7d86a167bb9fd37a2195e3b68022,2025-11-13 20:43:24,silu_2_cols_1_channels_1024_tile_512,5/5,150.2,149.0,123.0,191.0,23.163764806265842,0.025965339999999996,0.025602,0.0199722,0.0310138,0.003720925254610741,,,,,
003b49d76a1d174b2f64f504bb20f708c964b4b1,2025-11-14 19:12:15,silu_2_cols_1_channels_1024_tile_512,5/5,145.4,149.0,123.0,177.0,20.22473732833136,0.02674046,0.025602,0.021552,0.0310138,0.0036481135868281296,,,,,
0999a9a053dc7d86a167bb9fd37a2195e3b68022,2025-11-13 20:43:24,silu_2_cols_1_channels_2048_tile_1024,5/5,135.4,136.0,113.0,151.0,14.677874505527019,0.057043540000000004,0.0560985,0.0505258,0.0675168,0.006447402853118455,,,,,
003b49d76a1d174b2f64f504bb20f708c964b4b1,2025-11-14 19:12:15,silu_2_cols_1_channels_2048_tile_1024,5/5,169.2,149.0,138.0,210.0,31.504920250652916,0.046603700000000005,0.051204,0.0363305,0.0552855,0.008134791100206568,,,,,
0999a9a053dc7d86a167bb9fd37a2195e3b68022,2025-11-13 20:43:24,silu_2_cols_1_channels_4096_tile_2048,5/5,130.8,133.0,103.0,154.0,17.209299811439163,0.1188456,0.114728,0.099083,0.148144,0.01676898900470747,,,,,
003b49d76a1d174b2f64f504bb20f708c964b4b1,2025-11-14 19:12:15,silu_2_cols_1_channels_4096_tile_2048,5/5,139.6,138.0,112.0,170.0,20.401960690090547,0.11167363999999999,0.110571,0.0897576,0.136239,0.016344454973305163,,,,,
0999a9a053dc7d86a167bb9fd37a2195e3b68022,2025-11-13 20:43:24,silu_2_cols_1_channels_8192_tile_4096,5/5,129.6,141.0,108.0,146.0,16.156732342896568,0.2393894,0.216437,0.209025,0.28257,0.0314166891482855,,,,,
003b49d76a1d174b2f64f504bb20f708c964b4b1,2025-11-14 19:12:15,silu_2_cols_1_channels_8192_tile_4096,5/5,147.2,154.0,101.0,176.0,26.40757467091592,0.21551939999999997,0.198166,0.173395,0.302154,0.04623259062436367,,,,,
0999a9a053dc7d86a167bb9fd37a2195e3b68022,2025-11-13 20:43:24,silu_4_cols_1_channels_1024_tile_256,5/5,144.8,145.0,140.0,149.0,3.8157568056677826,0.02636294,0.0263083,0.025602,0.0272478,0.0006960482270647633,,,,,
003b49d76a1d174b2f64f504bb20f708c964b4b1,2025-11-14 19:12:15,silu_4_cols_1_channels_1024_tile_256,5/5,145.8,137.0,135.0,172.0,14.2464030548065,0.026393660000000003,0.0278445,0.0221785,0.028257,0.0023555347253649225,,,,,
0999a9a053dc7d86a167bb9fd37a2195e3b68022,2025-11-13 20:43:24,silu_4_cols_1_channels_2048_tile_512,5/5,153.4,141.0,123.0,223.0,36.53272505576336,0.05208832,0.0541092,0.0342125,0.0620276,0.010005179093129719,,,,,
003b49d76a1d174b2f64f504bb20f708c964b4b1,2025-11-14 19:12:15,silu_4_cols_1_channels_2048_tile_512,5/5,158.0,160.0,133.0,176.0,14.324803663575986,0.0487157,0.0476837,0.0433488,0.0573639,0.004743606677202486,,,,,
0999a9a053dc7d86a167bb9fd37a2195e3b68022,2025-11-13 20:43:24,silu_4_cols_1_channels_4096_tile_1024,5/5,127.0,136.0,102.0,142.0,16.099689437998485,0.12226319999999999,0.112197,0.107456,0.149596,0.016728191263851572,,,,,
003b49d76a1d174b2f64f504bb20f708c964b4b1,2025-11-14 19:12:15,silu_4_cols_1_channels_4096_tile_1024,5/5,153.8,153.0,134.0,186.0,17.85945127936466,0.10046018000000001,0.0997306,0.0820365,0.113872,0.010808244509521423,,,,,
0999a9a053dc7d86a167bb9fd37a2195e3b68022,2025-11-13 20:43:24,silu_4_cols_1_channels_8192_tile_2048,5/5,140.4,137.0,119.0,160.0,15.200000000000001,0.2199576,0.222756,0.190735,0.25645,0.02406129463349801,,,,,
003b49d76a1d174b2f64f504bb20f708c964b4b1,2025-11-14 19:12:15,silu_4_cols_1_channels_8192_tile_2048,5/5,150.0,155.0,121.0,172.0,18.676188047886004,0.2068476,0.196888,0.177428,0.252211,0.027404042333933152,,,,,
0999a9a053dc7d86a167bb9fd37a2195e3b68022,2025-11-13 20:43:24,silu_8_cols_1_channels_1024_tile_128,5/5,163.2,158.0,156.0,180.0,8.97552226892675,0.0234413,0.0241437,0.0211928,0.0244532,0.0012173402515320028,,,,,
003b49d76a1d174b2f64f504bb20f708c964b4b1,2025-11-14 19:12:15,silu_8_cols_1_channels_1024_tile_128,5/5,156.6,139.0,133.0,230.0,36.96809435175148,0.0254193,0.0274439,0.0165856,0.0286819,0.004501838698576394,,,,,
0999a9a053dc7d86a167bb9fd37a2195e3b68022,2025-11-13 20:43:24,silu_8_cols_1_channels_2048_tile_256,5/5,150.2,135.0,130.0,206.0,28.400000000000002,0.052285899999999996,0.056514,0.0370359,0.0586877,0.007912582775554391,,,,,
003b49d76a1d174b2f64f504bb20f708c964b4b1,2025-11-14 19:12:15,silu_8_cols_1_channels_2048_tile_256,5/5,162.6,157.0,146.0,191.0,16.206171663906314,0.047360479999999996,0.0485949,0.0399445,0.0522561,0.0044195915098117385,,,,,
0999a9a053dc7d86a167bb9fd37a2195e3b68022,2025-11-13 20:43:24,silu_8_cols_1_channels_4096_tile_512,5/5,144.0,132.0,127.0,184.0,21.004761364985796,0.10793284,0.115597,0.0829282,0.120148,0.01354932102292953,,,,,
003b49d76a1d174b2f64f504bb20f708c964b4b1,2025-11-14 19:12:15,silu_8_cols_1_channels_4096_tile_512,5/5,170.0,176.0,137.0,188.0,17.4928556845359,0.09084834,0.0866977,0.0811638,0.111378,0.010630867160039206,,,,,
0999a9a053dc7d86a167bb9fd37a2195e3b68022,2025-11-13 20:43:24,silu_8_cols_1_channels_8192_tile_1024,5/5,164.0,134.0,117.0,275.0,58.26834475081646,0.2048536,0.227743,0.110973,0.260834,0.05404470367982417,,,,,
003b49d76a1d174b2f64f504bb20f708c964b4b1,2025-11-14 19:12:15,silu_8_cols_1_channels_8192_tile_1024,5/5,177.6,162.0,158.0,243.0,32.781702213277455,0.1765612,0.18838,0.125587,0.193149,0.025630297278026248,,,,,
0999a9a053dc7d86a167bb9fd37a2195e3b68022,2025-11-13 20:43:24,softmax_1_cols_2_channels_4096_tile_2048,5/5,149.4,134.0,117.0,225.0,39.245891504716774,0.1617782,0.170807,0.101725,0.195626,0.03309112921252461,,,,,
003b49d76a1d174b2f64f504bb20f708c964b4b1,2025-11-14 19:12:15,softmax_1_cols_2_channels_4096_tile_2048,5/5,162.6,158.0,145.0,189.0,16.131955864060625,0.1420994,0.144862,0.121102,0.15785,0.013495600254897887,,,,,
0999a9a053dc7d86a167bb9fd37a2195e3b68022,2025-11-13 20:43:24,softmax_2_cols_2_channels_4096_tile_1024,5/5,193.0,174.0,157.0,287.0,47.56889740155851,0.12423636,0.131541,0.0797498,0.145785,0.02303909974713422,,,,,
003b49d76a1d174b2f64f504bb20f708c964b4b1,2025-11-14 19:12:15,softmax_2_cols_2_channels_4096_tile_1024,5/5,152.8,139.0,135.0,182.0,19.701776569639602,0.152176,0.164663,0.125759,0.169542,0.018509358843568836,,,,,
0999a9a053dc7d86a167bb9fd37a2195e3b68022,2025-11-13 20:43:24,softmax_2_cols_2_channels_4096_tile_512,5/5,177.2,175.0,141.0,235.0,31.964980838411275,0.1330201,0.13079,0.0973965,0.162328,0.02166647883805765,,,,,
003b49d76a1d174b2f64f504bb20f708c964b4b1,2025-11-14 19:12:15,softmax_2_cols_2_channels_4096_tile_512,5/5,165.8,157.0,125.0,214.0,38.33223186823329,0.1456134,0.145785,0.106954,0.183105,0.032945255237135436,,,,,
0999a9a053dc7d86a167bb9fd37a2195e3b68022,2025-11-13 20:43:24,swiglu,5/5,,,,,,,,,,,,,,,
003b49d76a1d174b2f64f504bb20f708c964b4b1,2025-11-14 19:12:15,swiglu,5/5,,,,,,,,,,,,,,,
0999a9a053dc7d86a167bb9fd37a2195e3b68022,2025-11-13 20:43:24,transpose_2048_M_128_N_1_cols_1_channels_64_m_64_n_8_s,5/5,183.8,187.0,170.0,198.0,9.579144011862438,5.327688,5.22226,4.93213,5.74449,0.2787015878964451,,,,,
003b49d76a1d174b2f64f504bb20f708c964b4b1,2025-11-14 19:12:15,transpose_2048_M_128_N_1_cols_1_channels_64_m_64_n_8_s,5/5,200.4,199.0,166.0,258.0,32.1284920281049,4.988564,4.90735,3.78513,5.88291,0.7273962072378435,,,,,
0999a9a053dc7d86a167bb9fd37a2195e3b68022,2025-11-13 20:43:24,transpose_2048_M_128_N_1_cols_2_channels_64_m_64_n_8_s,5/5,209.8,212.0,181.0,244.0,23.155129021450087,4.711647999999999,4.60643,4.00231,5.39537,0.5174430077370842,,,,,
003b49d76a1d174b2f64f504bb20f708c964b4b1,2025-11-14 19:12:15,transpose_2048_M_128_N_1_cols_2_channels_64_m_64_n_8_s,5/5,244.2,251.0,168.0,296.0,45.05285784498027,4.16231,3.89069,3.2992,5.81287,0.8970352296091832,,,,,
0999a9a053dc7d86a167bb9fd37a2195e3b68022,2025-11-13 20:43:24,transpose_2048_M_128_N_2_cols_1_channels_64_m_64_n_8_s,5/5,181.0,184.0,166.0,193.0,8.899438184514796,5.408786,5.3074,5.05991,5.88291,0.273157918911387,,,,,
003b49d76a1d174b2f64f504bb20f708c964b4b1,2025-11-14 19:12:15,transpose_2048_M_128_N_2_cols_1_channels_64_m_64_n_8_s,5/5,219.2,215.0,201.0,236.0,13.013838787997953,4.470879999999999,4.54215,4.13798,4.85852,0.26568930298376725,,,,,
0999a9a053dc7d86a167bb9fd37a2195e3b68022,2025-11-13 20:43:24,transpose_2048_M_128_N_2_cols_2_channels_64_m_64_n_8_s,5/5,183.8,177.0,168.0,218.0,17.61135997020105,5.357107999999999,5.5173,4.47964,5.81287,0.45926811443425947,,,,,
003b49d76a1d174b2f64f504bb20f708c964b4b1,2025-11-14 19:12:15,transpose_2048_M_128_N_2_cols_2_channels_64_m_64_n_8_s,5/5,206.4,202.0,179.0,240.0,25.30296425322535,4.8024059999999995,4.83447,4.06901,5.45566,0.5803737979130347,,,,,
0999a9a053dc7d86a167bb9fd37a2195e3b68022,2025-11-13 20:43:24,transpose_2048_M_256_N_1_cols_1_channels_64_m_64_n_8_s,5/5,212.0,215.0,192.0,228.0,12.727922061357855,9.24699,9.0843,8.56634,10.1725,0.5693665258161914,,,,,
003b49d76a1d174b2f64f504bb20f708c964b4b1,2025-11-14 19:12:15,transpose_2048_M_256_N_1_cols_1_channels_64_m_64_n_8_s,5/5,232.6,225.0,215.0,251.0,14.263239463740346,8.428208000000001,8.68056,7.78137,9.0843,0.5104437579753526,,,,,
0999a9a053dc7d86a167bb9fd37a2195e3b68022,2025-11-13 20:43:24,transpose_2048_M_256_N_1_cols_2_channels_64_m_64_n_8_s,5/5,253.2,250.0,236.0,278.0,16.61806246227279,7.746522000000001,7.8125,7.02563,8.27595,0.49955891061615554,,,,,
003b49d76a1d174b2f64f504bb20f708c964b4b1,2025-11-14 19:12:15,transpose_2048_M_256_N_1_cols_2_channels_64_m_64_n_8_s,5/5,241.4,232.0,207.0,313.0,37.14081313057107,8.256612,8.41864,6.24002,9.43539,1.083634139724289,,,,,
0999a9a053dc7d86a167bb9fd37a2195e3b68022,2025-11-13 20:43:24,transpose_2048_M_256_N_2_cols_1_channels_64_m_64_n_8_s,5/5,236.8,241.0,200.0,272.0,26.932508238186802,8.358065999999999,8.10425,7.18061,9.76562,0.9706981961165894,,,,,
003b49d76a1d174b2f64f504bb20f708c964b4b1,2025-11-14 19:12:15,transpose_2048_M_256_N_2_cols_1_channels_64_m_64_n_8_s,5/5,242.6,232.0,201.0,322.0,41.58172675587198,8.255998,8.41864,6.06561,9.71704,1.2080945404296801,,,,,
0999a9a053dc7d86a167bb9fd37a2195e3b68022,2025-11-13 20:43:24,transpose_2048_M_256_N_2_cols_2_channels_64_m_64_n_8_s,5/5,206.0,214.0,180.0,225.0,16.816658407662327,9.547419999999999,9.12675,8.68056,10.8507,0.8124609563788281,,,,,
003b49d76a1d174b2f64f504bb20f708c964b4b1,2025-11-14 19:12:15,transpose_2048_M_256_N_2_cols_2_channels_64_m_64_n_8_s,5/5,204.6,205.0,197.0,212.0,5.885575587824865,9.553986,9.52744,9.21285,9.91434,0.2753578474349334,,,,,
0999a9a053dc7d86a167bb9fd37a2195e3b68022,2025-11-13 20:43:24,transpose_2048_M_256_N_4_cols_1_channels_64_m_64_n_8_s,5/5,197.6,199.0,163.0,223.0,19.673332203772702,9.991164000000001,9.8147,8.75841,11.9824,1.0793902224978695,,,,,
003b49d76a1d174b2f64f504bb20f708c964b4b1,2025-11-14 19:12:15,transpose_2048_M_256_N_4_cols_1_channels_64_m_64_n_8_s,5/5,265.0,243.0,226.0,375.0,55.47972602672079,7.6284220000000005,8.03755,5.20833,8.64215,1.2365765266800113,,,,,
0999a9a053dc7d86a167bb9fd37a2195e3b68022,2025-11-13 20:43:24,transpose_2048_M_256_N_4_cols_2_channels_64_m_64_n_8_s,5/5,214.0,206.0,194.0,236.0,15.543487382180357,9.174474,9.48119,8.27595,10.0677,0.6577498668825408,,,,,
003b49d76a1d174b2f64f504bb20f708c964b4b1,2025-11-14 19:12:15,transpose_2048_M_256_N_4_cols_2_channels_64_m_64_n_8_s,5/5,273.6,281.0,211.0,314.0,35.47731669672891,7.275918,6.95062,6.22014,9.25652,1.0657607548488546,,,,,
0999a9a053dc7d86a167bb9fd37a2195e3b68022,2025-11-13 20:43:24,transpose_2048_M_512_N_1_cols_1_channels_64_m_64_n_8_s,5/5,326.8,333.0,301.0,354.0,18.519179247472064,11.991620000000001,11.7305,11.0346,12.9776,0.681639084560151,,,,,
003b49d76a1d174b2f64f504bb20f708c964b4b1,2025-11-14 19:12:15,transpose_2048_M_512_N_1_cols_1_channels_64_m_64_n_8_s,5/5,358.2,364.0,310.0,409.0,32.756068140117186,10.997366,10.7315,9.55073,12.6008,1.0121760492246394,,,,,
0999a9a053dc7d86a167bb9fd37a2195e3b68022,2025-11-13 20:43:24,transpose_2048_M_512_N_1_cols_2_channels_64_m_64_n_8_s,5/5,316.0,311.0,303.0,351.0,17.91089054179049,12.398599999999998,12.5603,11.1289,12.8919,0.6541731758487197,,,,,
003b49d76a1d174b2f64f504bb20f708c964b4b1,2025-11-14 19:12:15,transpose_2048_M_512_N_1_cols_2_channels_64_m_64_n_8_s,5/5,304.8,308.0,286.0,319.0,10.870142593360955,12.832460000000001,12.6826,12.2453,13.6582,0.4681712404665627,,,,,
0999a9a053dc7d86a167bb9fd37a2195e3b68022,2025-11-13 20:43:24,transpose_2048_M_512_N_2_cols_1_channels_64_m_64_n_8_s,5/5,308.4,310.0,286.0,330.0,14.44437606821423,12.6942,12.6008,11.8371,13.6582,0.5991489530993109,,,,,
003b49d76a1d174b2f64f504bb20f708c964b4b1,2025-11-14 19:12:15,transpose_2048_M_512_N_2_cols_1_channels_64_m_64_n_8_s,5/5,331.4,322.0,287.0,411.0,42.77662913320778,11.965212,12.1312,9.50426,13.6106,1.3876738394075172,,,,,
0999a9a053dc7d86a167bb9fd37a2195e3b68022,2025-11-13 20:43:24,transpose_2048_M_512_N_2_cols_2_channels_64_m_64_n_8_s,5/5,287.4,284.0,254.0,329.0,24.16278129686233,13.685419999999999,13.7544,11.8731,15.3789,1.1201882116858752,,,,,
003b49d76a1d174b2f64f504bb20f708c964b4b1,2025-11-14 19:12:15,transpose_2048_M_512_N_2_cols_2_channels_64_m_64_n_8_s,5/5,314.4,326.0,245.0,401.0,56.13056208519562,12.826794000000001,11.9824,9.74127,15.9439,2.2759364644348046,,,,,
0999a9a053dc7d86a167bb9fd37a2195e3b68022,2025-11-13 20:43:24,transpose_2048_M_512_N_4_cols_1_channels_64_m_64_n_8_s,5/5,303.4,285.0,267.0,388.0,44.14793313395317,13.1124,13.7061,10.0677,14.6301,1.6386642072126918,,,,,
003b49d76a1d174b2f64f504bb20f708c964b4b1,2025-11-14 19:12:15,transpose_2048_M_512_N_4_cols_1_channels_64_m_64_n_8_s,5/5,335.2,344.0,301.0,356.0,20.013995103427003,11.6971,11.3554,10.9726,12.9776,0.7311378474679042,,,,,
0999a9a053dc7d86a167bb9fd37a2195e3b68022,2025-11-13 20:43:24,transpose_2048_M_512_N_4_cols_2_channels_64_m_64_n_8_s,5/5,277.0,271.0,261.0,311.0,17.481418706729727,14.1542,14.4142,12.5603,14.9665,0.8278434272252212,,,,,
003b49d76a1d174b2f64f504bb20f708c964b4b1,2025-11-14 19:12:15,transpose_2048_M_512_N_4_cols_2_channels_64_m_64_n_8_s,5/5,299.2,288.0,256.0,358.0,39.08145340183756,13.2734,13.5634,10.9113,15.2588,1.6725977555885936,,,,,
0999a9a053dc7d86a167bb9fd37a2195e3b68022,2025-11-13 20:43:24,transpose_2048_M_512_N_8_cols_1_channels_64_m_64_n_8_s,5/5,260.0,258.0,249.0,280.0,11.260550608207398,15.05138,15.1405,13.9509,15.6878,0.6312753231356343,,,,,
003b49d76a1d174b2f64f504bb20f708c964b4b1,2025-11-14 19:12:15,transpose_2048_M_512_N_8_cols_1_channels_64_m_64_n_8_s,5/5,313.6,339.0,247.0,385.0,55.04034883610387,12.86724,11.5229,10.1461,15.8148,2.351769544491977,,,,,
0999a9a053dc7d86a167bb9fd37a2195e3b68022,2025-11-13 20:43:24,transpose_2048_M_512_N_8_cols_2_channels_64_m_64_n_8_s,5/5,264.2,258.0,226.0,296.0,24.086510747719355,14.91302,15.1405,13.1968,17.2843,1.4074102904270671,,,,,
003b49d76a1d174b2f64f504bb20f708c964b4b1,2025-11-14 19:12:15,transpose_2048_M_512_N_8_cols_2_channels_64_m_64_n_8_s,5/5,341.0,280.0,251.0,530.0,105.55188297704593,12.409896,13.9509,7.37028,15.5627,3.1348505158721682,,,,,
0999a9a053dc7d86a167bb9fd37a2195e3b68022,2025-11-13 20:43:24,transpose_2048_M_64_N_1_cols_1_channels_64_m_64_n_8_s,5/5,184.0,171.0,154.0,254.0,35.625833323586974,2.7354700000000003,2.85545,1.92237,3.17066,0.4246669115907195,,,,,
003b49d76a1d174b2f64f504bb20f708c964b4b1,2025-11-14 19:12:15,transpose_2048_M_64_N_1_cols_1_channels_64_m_64_n_8_s,5/5,194.6,202.0,172.0,208.0,13.61763562443936,2.522122,2.41723,2.34751,2.83884,0.18552320215002746,,,,,
0999a9a053dc7d86a167bb9fd37a2195e3b68022,2025-11-13 20:43:24,transpose_2048_M_64_N_1_cols_2_channels_64_m_64_n_8_s,5/5,180.0,171.0,150.0,230.0,26.765649627834552,2.766738,2.85545,2.12296,3.25521,0.36703387622398015,,,,,
003b49d76a1d174b2f64f504bb20f708c964b4b1,2025-11-14 19:12:15,transpose_2048_M_64_N_1_cols_2_channels_64_m_64_n_8_s,5/5,165.6,166.0,145.0,185.0,13.879481258317979,2.969704,2.94145,2.63936,3.36746,0.25300860179843687,,,,,
0999a9a053dc7d86a167bb9fd37a2195e3b68022,2025-11-13 20:43:24,transpose_64_M_128_N_1_cols_1_channels_64_m_64_n_8_s,5/5,151.8,155.0,99.0,219.0,39.95197116538807,0.21534520000000001,0.196888,0.13935,0.308258,0.05642579864707277,,,,,
003b49d76a1d174b2f64f504bb20f708c964b4b1,2025-11-14 19:12:15,transpose_64_M_128_N_1_cols_1_channels_64_m_64_n_8_s,5/5,169.6,173.0,135.0,200.0,21.124393482417428,0.1829372,0.176402,0.152588,0.226056,0.024298501998271417,,,,,
0999a9a053dc7d86a167bb9fd37a2195e3b68022,2025-11-13 20:43:24,transpose_64_M_128_N_2_cols_1_channels_64_m_64_n_8_s,5/5,138.8,148.0,104.0,170.0,22.903274875004232,0.2264158,0.2062,0.179515,0.293438,0.040093711668539735,,,,,
003b49d76a1d174b2f64f504bb20f708c964b4b1,2025-11-14 19:12:15,transpose_64_M_128_N_2_cols_1_channels_64_m_64_n_8_s,5/5,158.4,163.0,145.0,172.0,10.9288608738514,0.19359679999999999,0.187224,0.177428,0.210466,0.013563315013668295,,,,,
0999a9a053dc7d86a167bb9fd37a2195e3b68022,2025-11-13 20:43:24,transpose_64_M_256_N_1_cols_1_channels_64_m_64_n_8_s,5/5,136.8,151.0,110.0,156.0,19.610201426808445,0.45613860000000006,0.404206,0.391251,0.554865,0.06964910519626222,,,,,
003b49d76a1d174b2f64f504bb20f708c964b4b1,2025-11-14 19:12:15,transpose_64_M_256_N_1_cols_1_channels_64_m_64_n_8_s,5/5,192.8,184.0,155.0,262.0,37.66908546805988,0.327323,0.331713,0.232959,0.393775,0.05570786604062303,,,,,
0999a9a053dc7d86a167bb9fd37a2195e3b68022,2025-11-13 20:43:24,transpose_64_M_256_N_2_cols_1_channels_64_m_64_n_8_s,5/5,149.4,153.0,134.0,159.0,9.00222194794152,0.41009219999999996,0.398923,0.383869,0.455486,0.025866953461124866,,,,,
003b49d76a1d174b2f64f504bb20f708c964b4b1,2025-11-14 19:12:15,transpose_64_M_256_N_2_cols_1_channels_64_m_64_n_8_s,5/5,150.4,153.0,119.0,174.0,18.778711350888802,0.4127736000000001,0.398923,0.350777,0.5129,0.05608344093437921,,,,,
0999a9a053dc7d86a167bb9fd37a2195e3b68022,2025-11-13 20:43:24,transpose_64_M_256_N_4_cols_1_channels_64_m_64_n_8_s,5/5,145.6,147.0,122.0,168.0,14.974645237867907,0.4237938,0.415205,0.363305,0.500288,0.044979651094244816,,,,,
003b49d76a1d174b2f64f504bb20f708c964b4b1,2025-11-14 19:12:15,transpose_64_M_256_N_4_cols_1_channels_64_m_64_n_8_s,5/5,174.2,161.0,126.0,272.0,51.45250236868951,0.37574420000000003,0.3791,0.224394,0.484406,0.08807768487511465,,,,,
0999a9a053dc7d86a167bb9fd37a2195e3b68022,2025-11-13 20:43:24,transpose_64_M_512_N_1_cols_1_channels_64_m_64_n_8_s,5/5,169.2,155.0,142.0,233.0,32.54166559965854,0.7434582,0.78755,0.523907,0.85965,0.11503895097644103,,,,,
003b49d76a1d174b2f64f504bb20f708c964b4b1,2025-11-14 19:12:15,transpose_64_M_512_N_1_cols_1_channels_64_m_64_n_8_s,5/5,181.2,172.0,130.0,243.0,38.384371819791454,0.7042628000000001,0.709711,0.502347,0.939002,0.1474747012614706,,,,,
0999a9a053dc7d86a167bb9fd37a2195e3b68022,2025-11-13 20:43:24,transpose_64_M_512_N_2_cols_1_channels_64_m_64_n_8_s,5/5,182.0,194.0,135.0,203.0,24.714368290530913,0.685894,0.629228,0.601332,0.904225,0.1121633203556314,,,,,
003b49d76a1d174b2f64f504bb20f708c964b4b1,2025-11-14 19:12:15,transpose_64_M_512_N_2_cols_1_channels_64_m_64_n_8_s,5/5,170.8,137.0,130.0,235.0,45.12826165497625,0.7624380000000001,0.891024,0.519448,0.939002,0.1810757440630854,,,,,
0999a9a053dc7d86a167bb9fd37a2195e3b68022,2025-11-13 20:43:24,transpose_64_M_512_N_4_cols_1_channels_64_m_64_n_8_s,5/5,169.4,169.0,143.0,193.0,18.48891559827131,0.7294463999999999,0.72231,0.632489,0.853639,0.08129198047187683,,,,,
003b49d76a1d174b2f64f504bb20f708c964b4b1,2025-11-14 19:12:15,transpose_64_M_512_N_4_cols_1_channels_64_m_64_n_8_s,5/5,187.6,183.0,166.0,233.0,23.921538412067065,0.6601348,0.667051,0.523907,0.735363,0.07434425485375448,,,,,
0999a9a053dc7d86a167bb9fd37a2195e3b68022,2025-11-13 20:43:24,transpose_64_M_512_N_8_cols_1_channels_64_m_64_n_8_s,5/5,182.4,185.0,160.0,195.0,12.370933675353692,0.6725464,0.65984,0.626002,0.762939,0.048747935080780624,,,,,
003b49d76a1d174b2f64f504bb20f708c964b4b1,2025-11-14 19:12:15,transpose_64_M_512_N_8_cols_1_channels_64_m_64_n_8_s,5/5,196.2,191.0,166.0,222.0,21.11302915263464,0.6295446,0.639112,0.549866,0.735363,0.06874339347922824,,,,,
0999a9a053dc7d86a167bb9fd37a2195e3b68022,2025-11-13 20:43:24,transpose_64_M_64_N_1_cols_1_channels_64_m_64_n_8_s,5/5,162.8,146.0,122.0,212.0,40.681199588999334,0.09958618,0.104512,0.0719754,0.125072,0.02357330903987813,,,,,
003b49d76a1d174b2f64f504bb20f708c964b4b1,2025-11-14 19:12:15,transpose_64_M_64_N_1_cols_1_channels_64_m_64_n_8_s,5/5,175.0,149.0,131.0,274.0,51.85749704719656,0.0934009,0.102408,0.055689,0.116479,0.02131598226308138,,,,,
0999a9a053dc7d86a167bb9fd37a2195e3b68022,2025-11-13 20:43:24,weighted_rms_norm_1_cols_2_channels_1024_weights_1024,5/5,168.8,159.0,124.0,254.0,44.47651065450166,0.03586222,0.0359877,0.0225277,0.0461455,0.007634504957467773,,,,,
003b49d76a1d174b2f64f504bb20f708c964b4b1,2025-11-14 19:12:15,weighted_rms_norm_1_cols_2_channels_1024_weights_1024,5/5,148.2,140.0,106.0,195.0,29.606755985754333,0.040213719999999994,0.0408718,0.0293438,0.0539816,0.008205582422326886,,,,,
0999a9a053dc7d86a167bb9fd37a2195e3b68022,2025-11-13 20:43:24,weighted_rms_norm_1_cols_2_channels_2048_weights_2048,5/5,165.4,163.0,139.0,199.0,20.645580640902303,0.07024646,0.0702092,0.057508,0.0823316,0.008515578539030687,,,,,
003b49d76a1d174b2f64f504bb20f708c964b4b1,2025-11-14 19:12:15,weighted_rms_norm_1_cols_2_channels_2048_weights_2048,5/5,141.0,130.0,104.0,192.0,29.866369046136157,0.08465984,0.0880315,0.0596046,0.110039,0.016843476811466213,,,,,
0999a9a053dc7d86a167bb9fd37a2195e3b68022,2025-11-13 20:43:24,weighted_rms_norm_1_cols_2_channels_4096_weights_4096,5/5,184.4,166.0,150.0,247.0,34.93193381420502,0.12812054,0.137881,0.0926647,0.152588,0.021292363713932748,,,,,
003b49d76a1d174b2f64f504bb20f708c964b4b1,2025-11-14 19:12:15,weighted_rms_norm_1_cols_2_channels_4096_weights_4096,5/5,197.2,180.0,160.0,253.0,36.48232448734593,0.11987702,0.127157,0.0904671,0.143051,0.020697561276672192,,,,,
0999a9a053dc7d86a167bb9fd37a2195e3b68022,2025-11-13 20:43:24,weighted_rms_norm_2_cols_2_channels_1024_weights_512,5/5,115.0,120.0,103.0,124.0,9.09945053286186,0.05007988,0.0476837,0.0461455,0.0555538,0.004082941422259203,,,,,
003b49d76a1d174b2f64f504bb20f708c964b4b1,2025-11-14 19:12:15,weighted_rms_norm_2_cols_2_channels_1024_weights_512,5/5,172.0,165.0,142.0,197.0,21.419617176784463,0.033795599999999995,0.0346791,0.0290459,0.0402961,0.004257708319741971,,,,,
0999a9a053dc7d86a167bb9fd37a2195e3b68022,2025-11-13 20:43:24,weighted_rms_norm_2_cols_2_channels_2048_weights_1024,5/5,151.0,143.0,134.0,193.0,21.66102490649969,0.07713636,0.0800286,0.0592958,0.0854037,0.00942621419586888,,,,,
003b49d76a1d174b2f64f504bb20f708c964b4b1,2025-11-14 19:12:15,weighted_rms_norm_2_cols_2_channels_2048_weights_1024,5/5,142.6,132.0,123.0,178.0,21.63885394377438,0.0819931,0.0866977,0.0642927,0.0930414,0.011509924828077724,,,,,
0999a9a053dc7d86a167bb9fd37a2195e3b68022,2025-11-13 20:43:24,weighted_rms_norm_2_cols_2_channels_4096_weights_2048,5/5,181.0,174.0,147.0,218.0,26.007691170113507,0.1290806,0.131541,0.104992,0.155702,0.018386072398421584,,,,,
003b49d76a1d174b2f64f504bb20f708c964b4b1,2025-11-14 19:12:15,weighted_rms_norm_2_cols_2_channels_4096_weights_2048,5/5,195.6,166.0,144.0,262.0,47.11517802152508,0.12366556,0.137881,0.0873595,0.158946,0.027797933373443426,,,,,
0999a9a053dc7d86a167bb9fd37a2195e3b68022,2025-11-13 20:43:24,weighted_rms_norm_2_cols_2_channels_8192_weights_4096,5/5,226.4,224.0,147.0,314.0,56.322641983486534,0.2157906,0.204359,0.145785,0.311404,0.05638465722729899,,,,,
003b49d76a1d174b2f64f504bb20f708c964b4b1,2025-11-14 19:12:15,weighted_rms_norm_2_cols_2_channels_8192_weights_4096,5/5,161.2,158.0,153.0,172.0,6.8527366796047255,0.2844776,0.289724,0.266142,0.299192,0.011886964096858384,,,,,
0999a9a053dc7d86a167bb9fd37a2195e3b68022,2025-11-13 20:43:24,weighted_rms_norm_4_cols_2_channels_1024_weights_256,5/5,164.0,155.0,135.0,232.0,35.20227265390688,0.03622388,0.0369164,0.024664,0.0423855,0.006269837715092793,,,,,
003b49d76a1d174b2f64f504bb20f708c964b4b1,2025-11-14 19:12:15,weighted_rms_norm_4_cols_2_channels_1024_weights_256,5/5,164.8,171.0,139.0,178.0,14.330387294138285,0.03500976,0.0334623,0.0321463,0.0411658,0.003325619843938871,,,,,
0999a9a053dc7d86a167bb9fd37a2195e3b68022,2025-11-13 20:43:24,weighted_rms_norm_4_cols_2_channels_2048_weights_512,5/5,179.8,155.0,139.0,272.0,48.07244532993927,0.0673511,0.0738329,0.0420739,0.0823316,0.014038531783202975,,,,,
003b49d76a1d174b2f64f504bb20f708c964b4b1,2025-11-14 19:12:15,weighted_rms_norm_4_cols_2_channels_2048_weights_512,5/5,173.2,153.0,151.0,254.0,40.459362328143534,0.06886464,0.074798,0.0450555,0.0757887,0.01195146156143256,,,,,
0999a9a053dc7d86a167bb9fd37a2195e3b68022,2025-11-13 20:43:24,weighted_rms_norm_4_cols_2_channels_4096_weights_1024,5/5,172.0,182.0,139.0,209.0,26.922109872742144,0.1364778,0.125759,0.109513,0.164663,0.021866166617859655,,,,,
003b49d76a1d174b2f64f504bb20f708c964b4b1,2025-11-14 19:12:15,weighted_rms_norm_4_cols_2_channels_4096_weights_1024,5/5,192.4,198.0,127.0,236.0,40.80490166634396,0.12537836,0.115597,0.0969838,0.180222,0.030740628487368308,,,,,
0999a9a053dc7d86a167bb9fd37a2195e3b68022,2025-11-13 20:43:24,weighted_rms_norm_4_cols_2_channels_8192_weights_2048,5/5,167.0,176.0,143.0,182.0,15.620499351813308,0.2766576,0.260093,0.251519,0.320114,0.027269326310710353,,,,,
003b49d76a1d174b2f64f504bb20f708c964b4b1,2025-11-14 19:12:15,weighted_rms_norm_4_cols_2_channels_8192_weights_2048,5/5,156.8,156.0,140.0,180.0,15.328405005087776,0.294698,0.293438,0.254313,0.326974,0.028268581832133,,,,,
0999a9a053dc7d86a167bb9fd37a2195e3b68022,2025-11-13 20:43:24,weighted_rms_norm_8_cols_2_channels_1024_weights_128,5/5,194.0,189.0,138.0,251.0,39.96498467408689,0.03082822,0.0302754,0.022797,0.0414641,0.006577015800619608,,,,,
003b49d76a1d174b2f64f504bb20f708c964b4b1,2025-11-14 19:12:15,weighted_rms_norm_8_cols_2_channels_1024_weights_128,5/5,170.6,163.0,120.0,245.0,40.85388598407745,0.03532992,0.0351046,0.0233553,0.0476837,0.007731978522836184,,,,,
0999a9a053dc7d86a167bb9fd37a2195e3b68022,2025-11-13 20:43:24,weighted_rms_norm_8_cols_2_channels_2048_weights_256,5/5,181.6,178.0,146.0,220.0,25.31876774252649,0.06426296000000001,0.0642927,0.0520186,0.0783842,0.009006710526846082,,,,,
003b49d76a1d174b2f64f504bb20f708c964b4b1,2025-11-14 19:12:15,weighted_rms_norm_8_cols_2_channels_2048_weights_256,5/5,154.4,143.0,128.0,212.0,29.54725029507822,0.07638118,0.0800286,0.0539816,0.089407,0.011903620499730325,,,,,
0999a9a053dc7d86a167bb9fd37a2195e3b68022,2025-11-13 20:43:24,weighted_rms_norm_8_cols_2_channels_4096_weights_512,5/5,177.0,176.0,136.0,212.0,25.107767722360343,0.1321546,0.130046,0.107963,0.168295,0.02026715268211102,,,,,
003b49d76a1d174b2f64f504bb20f708c964b4b1,2025-11-14 19:12:15,weighted_rms_norm_8_cols_2_channels_4096_weights_512,5/5,143.8,154.0,117.0,161.0,18.236227680087786,0.1619374,0.148625,0.142163,0.195626,0.02188237355133121,,,,,
0999a9a053dc7d86a167bb9fd37a2195e3b68022,2025-11-13 20:43:24,weighted_rms_norm_8_cols_2_channels_8192_weights_1024,5/5,253.8,296.0,142.0,335.0,74.70314585076052,0.2009954,0.15465,0.136646,0.322369,0.07128892895983219,,,,,
003b49d76a1d174b2f64f504bb20f708c964b4b1,2025-11-14 19:12:15,weighted_rms_norm_8_cols_2_channels_8192_weights_1024,5/5,146.4,141.0,103.0,197.0,30.050623953588715,0.3262568,0.324655,0.232367,0.444431,0.06816152543011345,,,,,
