Commit,Date,Test,Checks,Bandwidth (mean),Bandwidth (median),Bandwidth (min),Bandwidth (max),Bandwidth (stddev),Throughput (mean),Throughput (median),Throughput (min),Throughput (max),Throughput (stddev),Latency (mean),Latency (median),Latency (min),Latency (max),Latency (stddev),Test Path
7e6b95b65dcb69d511057cd3d8b565db1e1227e6,2026-04-27 21:03:51,M_128-K_128-num_aie_columns_1-tile_size_input_32-tile_size_output_128,5/5,0.089799462,0.09941748,0.06502375,0.1019595,0.015951761870276897,0.088417936,0.09788798,0.06402338,0.1003909,0.01570635684134548,,,,,,n/a
5503a9566e74d9b7c3221a857d903c0e3b1b7a98,2026-05-11 23:33:39,M_128-K_128-num_aie_columns_1-tile_size_input_32-tile_size_output_128,5/5,0.084790896,0.08246646,0.05796708,0.1178758,0.02377062981661256,0.083486436,0.08119775,0.05707528,0.1160624,0.0234049546653167,,,,,,iron/operators/gemv/test.py::test_gemv
4d4b803c99fe896d0f08aba5dcc86a8f319c18a5,2026-06-22 17:55:05,M_128-K_128-num_aie_columns_1-tile_size_input_32-tile_size_output_128,5/5,0.089715252,0.0741609,0.05078032,0.1322293,0.03382878696078415,0.08833503,0.07301996,0.04999908,0.130195,0.033308360817231764,,,,,,iron/operators/gemv/test.py::test_gemv
7e6b95b65dcb69d511057cd3d8b565db1e1227e6,2026-04-27 21:03:51,M_192-K_384-N_64-num_aie_columns_4-b_col_maj_False-c_col_maj_False-m_48-k_96-n_16-trace_size_0-partition_N_1,5/5,0.43052325999999996,0.3565603,0.1257851,0.9475429,0.30669623499278237,18.368992,15.21324,5.36683,40.4285,13.085707603968919,768.24,620.3,233.4,1758.4,578.4896827083436,n/a
5503a9566e74d9b7c3221a857d903c0e3b1b7a98,2026-05-11 23:33:39,M_192-K_384-N_64-num_aie_columns_4-b_col_maj_False-c_col_maj_False-m_48-k_96-n_16-trace_size_0-partition_N_1,5/5,0.40805764,0.4204947,0.2543441,0.6506388,0.1638533322330919,17.41046,17.94111,10.85202,27.76059,6.9910748875941815,615.24,526.0,339.9,869.6,236.44744236299113,iron/operators/gemm/test.py::test_gemm
4d4b803c99fe896d0f08aba5dcc86a8f319c18a5,2026-06-22 17:55:05,M_192-K_384-N_64-num_aie_columns_4-b_col_maj_False-c_col_maj_False-m_48-k_96-n_16-trace_size_0-partition_N_1,5/5,0.50489644,0.5107067,0.4658643,0.5428414,0.035705212257008095,21.542248,21.79015,19.87688,23.16123,1.5234202041524851,439.86,433.1,407.5,474.8,31.389536473162515,iron/operators/gemm/test.py::test_gemm
7e6b95b65dcb69d511057cd3d8b565db1e1227e6,2026-04-27 21:03:51,M_192-K_384-N_64-num_aie_columns_4-b_col_maj_True-c_col_maj_True-m_48-k_96-n_16-trace_size_0-partition_N_1,5/5,0.42815416,0.4331497,0.1778866,0.6326086,0.17890928055764183,18.2679096,18.48105,7.589828,26.9913,7.633463670459879,629.78,510.6,349.6,1243.4,361.6158210034512,n/a
5503a9566e74d9b7c3221a857d903c0e3b1b7a98,2026-05-11 23:33:39,M_192-K_384-N_64-num_aie_columns_4-b_col_maj_True-c_col_maj_True-m_48-k_96-n_16-trace_size_0-partition_N_1,5/5,0.5168568,0.4250032,0.3491014,0.7773252,0.19560898938755347,22.052556,18.13347,14.89499,33.16588,8.34598674674421,476.22,520.4,284.5,633.6,161.2636722885846,iron/operators/gemm/test.py::test_gemm
4d4b803c99fe896d0f08aba5dcc86a8f319c18a5,2026-06-22 17:55:05,M_192-K_384-N_64-num_aie_columns_4-b_col_maj_True-c_col_maj_True-m_48-k_96-n_16-trace_size_0-partition_N_1,5/5,0.42132268,0.5242532,0.1240068,0.6120555,0.2042094107217319,17.976437400000002,22.36814,5.290957,26.11437,8.712935177951733,742.56,421.9,361.4,1783.6,601.4638999973315,iron/operators/gemm/test.py::test_gemm
7e6b95b65dcb69d511057cd3d8b565db1e1227e6,2026-04-27 21:03:51,M_2048-K_2048-N_2048-num_aie_columns_1-b_col_maj_False-c_col_maj_False-m_64-k_64-n_64-trace_size_0-partition_N_1,5/5,0.30444504,0.3052088,0.2977755,0.3109221,0.0047591373964196325,207.83446,208.3558,203.2814,212.2562,3.248917374757326,82677.52,82454.5,80939.3,84512.8,1294.2268761697078,n/a
5503a9566e74d9b7c3221a857d903c0e3b1b7a98,2026-05-11 23:33:39,M_2048-K_2048-N_2048-num_aie_columns_1-b_col_maj_False-c_col_maj_False-m_64-k_64-n_64-trace_size_0-partition_N_1,5/5,0.30355340000000003,0.3040212,0.2942409,0.31145,0.006122070484321451,207.2258,207.5452,200.8684,212.6166,4.179377636084109,82931.28,82776.5,80802.1,85528.0,1685.375667915018,iron/operators/gemm/test.py::test_gemm
4d4b803c99fe896d0f08aba5dcc86a8f319c18a5,2026-06-22 17:55:05,M_2048-K_2048-N_2048-num_aie_columns_1-b_col_maj_False-c_col_maj_False-m_64-k_64-n_64-trace_size_0-partition_N_1,5/5,0.3032815,0.3035346,0.2959715,0.3078837,0.004506862131794134,207.04018,207.2129,202.0499,210.182,3.0766944058518306,82993.3,82909.3,81738.1,85027.9,1247.5745729213902,iron/operators/gemm/test.py::test_gemm
7e6b95b65dcb69d511057cd3d8b565db1e1227e6,2026-04-27 21:03:51,M_2048-K_2048-N_2048-num_aie_columns_2-b_col_maj_True-c_col_maj_False-m_64-k_64-n_64-trace_size_0-partition_N_1,5/5,1.0499142,1.048682,1.028008,1.063932,0.014081627789428324,716.74152,715.9005,701.7866,726.3111,9.613225649697391,23972.9,23997.6,23653.6,24480.2,324.1398463626469,n/a
5503a9566e74d9b7c3221a857d903c0e3b1b7a98,2026-05-11 23:33:39,M_2048-K_2048-N_2048-num_aie_columns_2-b_col_maj_True-c_col_maj_False-m_64-k_64-n_64-trace_size_0-partition_N_1,5/5,0.97988882,0.9939285,0.9109076,1.009565,0.04010540923319447,668.9374799999999,678.5218,621.8462,689.1966,27.378703940782167,25718.46,25319.6,24927.4,27627.2,1103.20543327161,iron/operators/gemm/test.py::test_gemm
4d4b803c99fe896d0f08aba5dcc86a8f319c18a5,2026-06-22 17:55:05,M_2048-K_2048-N_2048-num_aie_columns_2-b_col_maj_True-c_col_maj_False-m_64-k_64-n_64-trace_size_0-partition_N_1,5/5,1.0255316,1.025079,1.015407,1.032293,0.00690766203573975,700.09626,699.7874,693.1845,704.7121,4.715666558716812,24540.2,24550.1,24378.6,24784.0,165.73489373092204,iron/operators/gemm/test.py::test_gemm
7e6b95b65dcb69d511057cd3d8b565db1e1227e6,2026-04-27 21:03:51,M_2048-K_2048-N_8192-num_aie_columns_2-b_col_maj_False-c_col_maj_False-m_64-k_64-n_64-trace_size_0-partition_N_1,5/5,0.81921566,0.8189146,0.8104437,0.8281846,0.0067407193909849355,745.6683400000001,745.3943,737.6839,753.8321,6.135566714493453,92163.22,92192.1,91160.2,93155.7,758.1233455052021,n/a
5503a9566e74d9b7c3221a857d903c0e3b1b7a98,2026-05-11 23:33:39,M_2048-K_2048-N_8192-num_aie_columns_2-b_col_maj_False-c_col_maj_False-m_64-k_64-n_64-trace_size_0-partition_N_1,5/5,0.78945452,0.787389,0.7699243,0.8130814,0.015680710555551983,718.57906,716.699,700.8022,740.0848,14.272949577014558,95662.44,95883.3,92853.5,98058.3,1887.5526874765653,iron/operators/gemm/test.py::test_gemm
4d4b803c99fe896d0f08aba5dcc86a8f319c18a5,2026-06-22 17:55:05,M_2048-K_2048-N_8192-num_aie_columns_2-b_col_maj_False-c_col_maj_False-m_64-k_64-n_64-trace_size_0-partition_N_1,5/5,0.80203578,0.8017541,0.7880008,0.8167164,0.010194966708479258,730.0308,729.7744,717.2558,743.3934,9.279693459646184,94144.46,94165.4,92440.3,95808.9,1195.6080850345538,iron/operators/gemm/test.py::test_gemm
7e6b95b65dcb69d511057cd3d8b565db1e1227e6,2026-04-27 21:03:51,M_2048-K_2048-N_8192-num_aie_columns_2-b_col_maj_False-c_col_maj_True-m_64-k_64-n_64-trace_size_0-partition_N_1,5/5,0.7493754,0.7498346,0.7318036,0.7632943,0.012911195268641857,682.09814,682.5161,666.1039,694.7674,11.752060952998855,100771.22,100685.5,98910.0,103166.3,1743.4440676431248,n/a
5503a9566e74d9b7c3221a857d903c0e3b1b7a98,2026-05-11 23:33:39,M_2048-K_2048-N_8192-num_aie_columns_2-b_col_maj_False-c_col_maj_True-m_64-k_64-n_64-trace_size_0-partition_N_1,5/5,0.7600697,0.7589672,0.7527801,0.7676206,0.0057023791056891445,691.83232,690.8288,685.1972,698.7054,5.190446255573832,99334.16,99474.0,98352.6,100291.5,744.7822453576593,iron/operators/gemm/test.py::test_gemm
4d4b803c99fe896d0f08aba5dcc86a8f319c18a5,2026-06-22 17:55:05,M_2048-K_2048-N_8192-num_aie_columns_2-b_col_maj_False-c_col_maj_True-m_64-k_64-n_64-trace_size_0-partition_N_1,5/5,0.76244788,0.7633683,0.7528939,0.7689632,0.006439478594731088,693.99702,694.8348,685.3008,699.9274,5.861344991723316,99025.54,98900.5,98180.9,100276.4,839.704824923616,iron/operators/gemm/test.py::test_gemm
7e6b95b65dcb69d511057cd3d8b565db1e1227e6,2026-04-27 21:03:51,M_2048-K_2048-N_8192-num_aie_columns_2-b_col_maj_True-c_col_maj_False-m_64-k_64-n_64-trace_size_0-partition_N_1,5/5,0.8190225800000001,0.8194144,0.8077369,0.8266516,0.0071621356805774295,745.49258,745.8492,735.2201,752.4367,6.519142146555779,92185.66,92135.9,91329.3,93467.9,810.6030242973401,n/a
5503a9566e74d9b7c3221a857d903c0e3b1b7a98,2026-05-11 23:33:39,M_2048-K_2048-N_8192-num_aie_columns_2-b_col_maj_True-c_col_maj_False-m_64-k_64-n_64-trace_size_0-partition_N_1,5/5,0.77622348,0.7752952,0.7683139,0.7826381,0.005466605135913875,706.53584,705.6909,699.3363,712.3746,4.975852997024704,97266.42,97379.0,96465.4,98263.8,686.3848716281578,iron/operators/gemm/test.py::test_gemm
4d4b803c99fe896d0f08aba5dcc86a8f319c18a5,2026-06-22 17:55:05,M_2048-K_2048-N_8192-num_aie_columns_2-b_col_maj_True-c_col_maj_False-m_64-k_64-n_64-trace_size_0-partition_N_1,5/5,0.78832064,0.7873972,0.7839437,0.7953521,0.004217509727078286,717.54698,716.7064,713.563,723.9472,3.8388831269003,95772.16,95882.3,94923.3,96304.7,510.0257032738625,iron/operators/gemm/test.py::test_gemm
7e6b95b65dcb69d511057cd3d8b565db1e1227e6,2026-04-27 21:03:51,M_2048-K_64-N_2048-num_aie_columns_2-b_col_maj_False-c_col_maj_False-m_64-k_64-n_64-trace_size_0-partition_N_1,5/5,3.7680904,4.08593,1.998025,5.644821,1.3681197134793432,226.97206,246.1172,120.3517,340.0175,82.40908098106057,2672.94,2181.4,1579.0,4460.9,1116.9902989730929,n/a
5503a9566e74d9b7c3221a857d903c0e3b1b7a98,2026-05-11 23:33:39,M_2048-K_64-N_2048-num_aie_columns_2-b_col_maj_False-c_col_maj_False-m_64-k_64-n_64-trace_size_0-partition_N_1,5/5,3.5551056,4.110193,2.152133,5.230533,1.3558703171685706,214.14284,247.5787,129.6344,315.0627,81.67124758348558,2860.54,2168.5,1704.0,4141.4,1177.8856111694379,iron/operators/gemm/test.py::test_gemm
4d4b803c99fe896d0f08aba5dcc86a8f319c18a5,2026-06-22 17:55:05,M_2048-K_64-N_2048-num_aie_columns_2-b_col_maj_False-c_col_maj_False-m_64-k_64-n_64-trace_size_0-partition_N_1,5/5,4.4207938,4.523084,2.804831,5.520681,1.1135393698543845,266.2878,272.4493,168.9498,332.5398,67.07436913042865,2142.16,1970.5,1614.5,3177.7,637.6807335963663,iron/operators/gemm/test.py::test_gemm
7e6b95b65dcb69d511057cd3d8b565db1e1227e6,2026-04-27 21:03:51,M_2048-K_64-N_2048-num_aie_columns_2-b_col_maj_False-c_col_maj_True-m_64-k_64-n_64-trace_size_0-partition_N_1,5/5,3.2788658,3.509141,2.111439,4.781709,1.0952064192136113,197.50348,211.3742,127.1832,288.0277,65.97008146006036,2982.48,2539.9,1864.0,4221.2,1011.6755245630883,n/a
5503a9566e74d9b7c3221a857d903c0e3b1b7a98,2026-05-11 23:33:39,M_2048-K_64-N_2048-num_aie_columns_2-b_col_maj_False-c_col_maj_True-m_64-k_64-n_64-trace_size_0-partition_N_1,5/5,3.8772748,4.235109,2.290377,5.13308,1.0636448389294237,233.5488,255.103,137.9615,309.1926,64.06897102486508,2478.58,2104.5,1736.4,3891.5,842.742491512087,iron/operators/gemm/test.py::test_gemm
4d4b803c99fe896d0f08aba5dcc86a8f319c18a5,2026-06-22 17:55:05,M_2048-K_64-N_2048-num_aie_columns_2-b_col_maj_False-c_col_maj_True-m_64-k_64-n_64-trace_size_0-partition_N_1,5/5,3.0975844,2.9137,2.245048,4.522095,0.8607588231986356,186.5839,175.5076,135.2311,272.3897,51.848051800959695,3035.08,3059.0,1971.0,3970.0,728.6544393606615,iron/operators/gemm/test.py::test_gemm
7e6b95b65dcb69d511057cd3d8b565db1e1227e6,2026-04-27 21:03:51,M_2048-K_64-N_2048-num_aie_columns_2-b_col_maj_True-c_col_maj_False-m_64-k_64-n_64-trace_size_0-partition_N_1,5/5,3.6815252,3.522131,2.617857,5.486595,1.1516595508965313,221.75776,212.1566,157.6874,330.4866,69.37051104772834,2597.48,2530.5,1624.5,3404.7,723.1391788583992,n/a
5503a9566e74d9b7c3221a857d903c0e3b1b7a98,2026-05-11 23:33:39,M_2048-K_64-N_2048-num_aie_columns_2-b_col_maj_True-c_col_maj_False-m_64-k_64-n_64-trace_size_0-partition_N_1,5/5,3.2783446,2.656945,2.183569,5.262839,1.3466524918305018,197.47202,160.0418,131.5279,317.0086,81.11598301710953,3066.2,3354.6,1693.6,4081.8,1078.1005681289664,iron/operators/gemm/test.py::test_gemm
4d4b803c99fe896d0f08aba5dcc86a8f319c18a5,2026-06-22 17:55:05,M_2048-K_64-N_2048-num_aie_columns_2-b_col_maj_True-c_col_maj_False-m_64-k_64-n_64-trace_size_0-partition_N_1,5/5,3.4511228,3.697958,1.931562,5.166887,1.341791541252478,207.8794,222.7476,116.3482,311.229,80.82322982150613,2957.38,2410.2,1725.0,4614.3,1238.41530473424,iron/operators/gemm/test.py::test_gemm
7e6b95b65dcb69d511057cd3d8b565db1e1227e6,2026-04-27 21:03:51,M_2048-K_64-N_8192-num_aie_columns_2-b_col_maj_False-c_col_maj_False-m_64-k_64-n_64-trace_size_0-partition_N_1,5/5,5.9398276,5.920458,5.068671,6.659491,0.6686041876927634,365.85764,364.6646,312.1996,410.1846,41.18201413460736,5931.1,5888.9,5235.4,6878.6,683.6613635419221,n/a
5503a9566e74d9b7c3221a857d903c0e3b1b7a98,2026-05-11 23:33:39,M_2048-K_64-N_8192-num_aie_columns_2-b_col_maj_False-c_col_maj_False-m_64-k_64-n_64-trace_size_0-partition_N_1,5/5,5.1552028,4.805303,4.219931,6.805614,0.9805118815946089,317.52946000000003,295.9777,259.9223,419.1849,60.39366330690664,6936.0,7255.6,5123.0,8262.0,1148.5635180520057,iron/operators/gemm/test.py::test_gemm
4d4b803c99fe896d0f08aba5dcc86a8f319c18a5,2026-06-22 17:55:05,M_2048-K_64-N_8192-num_aie_columns_2-b_col_maj_False-c_col_maj_False-m_64-k_64-n_64-trace_size_0-partition_N_1,5/5,5.4727644,5.559398,4.730739,5.962755,0.5166504716714193,337.08936,342.4255,291.3851,367.2698,31.822539462824135,6418.48,6271.4,5847.2,7369.9,634.353605649089,iron/operators/gemm/test.py::test_gemm
7e6b95b65dcb69d511057cd3d8b565db1e1227e6,2026-04-27 21:03:51,M_2048-K_64-N_8192-num_aie_columns_2-b_col_maj_False-c_col_maj_True-m_64-k_64-n_64-trace_size_0-partition_N_1,5/5,5.0539834,5.318481,4.379728,5.496571,0.5253255855308212,311.29496,327.5864,269.7649,338.5557,32.35691144041717,6961.28,6555.5,6343.1,7960.6,754.8994846997846,n/a
5503a9566e74d9b7c3221a857d903c0e3b1b7a98,2026-05-11 23:33:39,M_2048-K_64-N_8192-num_aie_columns_2-b_col_maj_False-c_col_maj_True-m_64-k_64-n_64-trace_size_0-partition_N_1,5/5,4.732564,4.845582,3.777615,5.239739,0.5901235678144029,291.49748,298.4587,232.6784,322.7364,36.34804636038916,7471.12,7195.2,6654.0,9229.4,1047.0984132353558,iron/operators/gemm/test.py::test_gemm
4d4b803c99fe896d0f08aba5dcc86a8f319c18a5,2026-06-22 17:55:05,M_2048-K_64-N_8192-num_aie_columns_2-b_col_maj_False-c_col_maj_True-m_64-k_64-n_64-trace_size_0-partition_N_1,5/5,4.7741114,4.570349,4.301589,5.336896,0.4494680979761523,294.05654,281.506,264.952,328.7207,27.684542881597316,7353.9,7628.6,6532.9,8105.2,676.5673063339672,iron/operators/gemm/test.py::test_gemm
7e6b95b65dcb69d511057cd3d8b565db1e1227e6,2026-04-27 21:03:51,M_2048-K_64-N_8192-num_aie_columns_2-b_col_maj_True-c_col_maj_False-m_64-k_64-n_64-trace_size_0-partition_N_1,5/5,5.3107288,5.08166,4.855338,6.027497,0.47714543146896016,327.10896,312.9997,299.0596,371.2576,29.389305116878834,6605.7,6861.0,5784.4,7180.8,566.2859966483369,n/a
5503a9566e74d9b7c3221a857d903c0e3b1b7a98,2026-05-11 23:33:39,M_2048-K_64-N_8192-num_aie_columns_2-b_col_maj_True-c_col_maj_False-m_64-k_64-n_64-trace_size_0-partition_N_1,5/5,5.6321218,5.408337,5.065602,6.576923,0.6293370040595896,346.90482,333.121,312.0106,405.0989,38.76338155839865,6249.3,6446.6,5301.1,6882.7,660.342498253747,iron/operators/gemm/test.py::test_gemm
4d4b803c99fe896d0f08aba5dcc86a8f319c18a5,2026-06-22 17:55:05,M_2048-K_64-N_8192-num_aie_columns_2-b_col_maj_True-c_col_maj_False-m_64-k_64-n_64-trace_size_0-partition_N_1,5/5,6.164034,6.154809,5.696531,6.616862,0.3298302987969723,379.66742,379.0992,350.8721,407.5589,20.315546769580187,5669.28,5664.7,5269.1,6120.4,305.8098543212756,iron/operators/gemm/test.py::test_gemm
7e6b95b65dcb69d511057cd3d8b565db1e1227e6,2026-04-27 21:03:51,M_2048-K_8192-N_2048-num_aie_columns_2-b_col_maj_False-c_col_maj_False-m_64-k_64-n_64-trace_size_0-partition_N_1,5/5,0.77273012,0.7758358,0.7581055,0.783238,0.010003829863957103,703.35612,706.183,690.0444,712.9207,9.10574368610275,97715.42,97311.1,96391.5,99587.0,1272.748890001478,n/a
5503a9566e74d9b7c3221a857d903c0e3b1b7a98,2026-05-11 23:33:39,M_2048-K_8192-N_2048-num_aie_columns_2-b_col_maj_False-c_col_maj_False-m_64-k_64-n_64-trace_size_0-partition_N_1,5/5,0.76549894,0.7705023,0.7338736,0.7823113,0.018539943297459133,696.77416,701.3284,667.9881,712.0771,16.87544949010246,98672.68,97984.7,96505.7,102875.3,2451.82840998305,iron/operators/gemm/test.py::test_gemm
4d4b803c99fe896d0f08aba5dcc86a8f319c18a5,2026-06-22 17:55:05,M_2048-K_8192-N_2048-num_aie_columns_2-b_col_maj_False-c_col_maj_False-m_64-k_64-n_64-trace_size_0-partition_N_1,5/5,0.7695596,0.7648691,0.7570383,0.7902262,0.013218540119846802,700.47026,696.2009,689.0731,719.2815,12.03182998832681,98127.68,98706.4,95539.1,99727.4,1666.3399824165488,iron/operators/gemm/test.py::test_gemm
7e6b95b65dcb69d511057cd3d8b565db1e1227e6,2026-04-27 21:03:51,M_2048-K_8192-N_2048-num_aie_columns_2-b_col_maj_False-c_col_maj_True-m_64-k_64-n_64-trace_size_0-partition_N_1,5/5,0.74845538,0.7437749,0.740338,0.7681521,0.011425712648977302,681.26076,677.0005,673.8721,699.1892,10.39997261573319,100889.52,101505.8,98284.5,101977.0,1514.3795584330896,n/a
5503a9566e74d9b7c3221a857d903c0e3b1b7a98,2026-05-11 23:33:39,M_2048-K_8192-N_2048-num_aie_columns_2-b_col_maj_False-c_col_maj_True-m_64-k_64-n_64-trace_size_0-partition_N_1,5/5,0.75696454,0.7574866,0.7429265,0.774099,0.013724956969076422,689.00596,689.4812,676.2282,704.6021,12.492764883443519,99763.34,99668.4,97529.5,101621.7,1806.426738896432,iron/operators/gemm/test.py::test_gemm
4d4b803c99fe896d0f08aba5dcc86a8f319c18a5,2026-06-22 17:55:05,M_2048-K_8192-N_2048-num_aie_columns_2-b_col_maj_False-c_col_maj_True-m_64-k_64-n_64-trace_size_0-partition_N_1,5/5,0.76315702,0.7725739,0.7372931,0.7792769,0.018044178565177194,694.6425,703.214,671.1006,709.3152,16.424208016218017,98972.66,97722.0,96881.4,102398.2,2369.6102206903147,iron/operators/gemm/test.py::test_gemm
7e6b95b65dcb69d511057cd3d8b565db1e1227e6,2026-04-27 21:03:51,M_2048-K_8192-N_2048-num_aie_columns_2-b_col_maj_True-c_col_maj_False-m_64-k_64-n_64-trace_size_0-partition_N_1,5/5,0.8234971600000001,0.8249942,0.8095164,0.832699,0.00882021700657074,749.56542,750.9281,736.8398,757.9411,8.02835607064112,91687.56,91512.7,90666.0,93262.4,989.1722969230374,n/a
5503a9566e74d9b7c3221a857d903c0e3b1b7a98,2026-05-11 23:33:39,M_2048-K_8192-N_2048-num_aie_columns_2-b_col_maj_True-c_col_maj_False-m_64-k_64-n_64-trace_size_0-partition_N_1,5/5,0.79167062,0.7905082,0.7843435,0.7979087,0.005380862826443377,720.59618,719.5381,713.9269,726.2742,4.897766725457612,95368.28,95505.0,94619.2,96255.6,648.8078698659602,iron/operators/gemm/test.py::test_gemm
4d4b803c99fe896d0f08aba5dcc86a8f319c18a5,2026-06-22 17:55:05,M_2048-K_8192-N_2048-num_aie_columns_2-b_col_maj_True-c_col_maj_False-m_64-k_64-n_64-trace_size_0-partition_N_1,5/5,0.80455948,0.8049872,0.8004299,0.8092624,0.0037225404990409534,732.3279200000001,732.7172,728.5691,736.6087,3.388352228148636,93838.64,93787.2,93291.7,94321.1,434.07874631223615,iron/operators/gemm/test.py::test_gemm
7e6b95b65dcb69d511057cd3d8b565db1e1227e6,2026-04-27 21:03:51,M_2048-K_8192-num_aie_columns_1-tile_size_input_1-tile_size_output_2048,5/5,3.5608248,3.751141,3.042267,3.930993,0.38481424935051467,3.5586526,3.748853,3.040411,3.928595,0.38457965144661516,,,,,,n/a
5503a9566e74d9b7c3221a857d903c0e3b1b7a98,2026-05-11 23:33:39,M_2048-K_8192-num_aie_columns_1-tile_size_input_1-tile_size_output_2048,5/5,3.5735424,3.633582,3.359785,3.747308,0.17793511817598007,3.5713626,3.631366,3.357735,3.745023,0.17782676343930914,,,,,,iron/operators/gemv/test.py::test_gemv
4d4b803c99fe896d0f08aba5dcc86a8f319c18a5,2026-06-22 17:55:05,M_2048-K_8192-num_aie_columns_1-tile_size_input_1-tile_size_output_2048,5/5,3.5972340000000003,3.560577,3.454428,3.781515,0.13216417956466123,3.5950398,3.558405,3.452321,3.779208,0.13208335472609714,,,,,,iron/operators/gemv/test.py::test_gemv
7e6b95b65dcb69d511057cd3d8b565db1e1227e6,2026-04-27 21:03:51,M_2048-K_8192-num_aie_columns_2-tile_size_input_1-tile_size_output_1024,5/5,6.4212664,7.047851,5.258238,7.146536,0.9192549643054965,6.4173498,7.043552,5.255031,7.142177,0.9186939569539467,,,,,,n/a
5503a9566e74d9b7c3221a857d903c0e3b1b7a98,2026-05-11 23:33:39,M_2048-K_8192-num_aie_columns_2-tile_size_input_1-tile_size_output_1024,5/5,6.2900371999999996,6.87189,4.994672,7.224721,1.0124321664599067,6.2862002,6.867698,4.991625,7.220314,1.0118147124193244,,,,,,iron/operators/gemv/test.py::test_gemv
4d4b803c99fe896d0f08aba5dcc86a8f319c18a5,2026-06-22 17:55:05,M_2048-K_8192-num_aie_columns_2-tile_size_input_1-tile_size_output_1024,5/5,6.3315938,6.582025,5.17991,7.386837,0.9511184689762364,6.327732,6.578011,5.17675,7.382332,0.9505387723956871,,,,,,iron/operators/gemv/test.py::test_gemv
7e6b95b65dcb69d511057cd3d8b565db1e1227e6,2026-04-27 21:03:51,M_2048-K_8192-num_aie_columns_4-tile_size_input_1-tile_size_output_512,5/5,10.1384296,9.773781,8.056232,13.69957,2.123591514561899,10.1322446,9.767819,8.051318,13.69121,2.1222947217896717,,,,,,n/a
5503a9566e74d9b7c3221a857d903c0e3b1b7a98,2026-05-11 23:33:39,M_2048-K_8192-num_aie_columns_4-tile_size_input_1-tile_size_output_512,5/5,11.5911682,12.24068,8.350871,13.40312,2.146209234259605,11.5840954,12.23321,8.345777,13.39494,2.144896699332115,,,,,,iron/operators/gemv/test.py::test_gemv
4d4b803c99fe896d0f08aba5dcc86a8f319c18a5,2026-06-22 17:55:05,M_2048-K_8192-num_aie_columns_4-tile_size_input_1-tile_size_output_512,5/5,10.4597256,9.711507,6.40615,13.89522,2.9979438267975103,10.453345,9.705583,6.402242,13.88674,2.9961146825734155,,,,,,iron/operators/gemv/test.py::test_gemv
7e6b95b65dcb69d511057cd3d8b565db1e1227e6,2026-04-27 21:03:51,M_2048-N_128-aie_columns_1-channels_1-m_64-n_64-s_8,5/5,2.0958525999999997,1.876441,1.383848,2.834939,0.6003284193358664,,,,,,535.26,558.8,369.9,757.7,155.74499349898863,n/a
5503a9566e74d9b7c3221a857d903c0e3b1b7a98,2026-05-11 23:33:39,M_2048-N_128-aie_columns_1-channels_1-m_64-n_64-s_8,5/5,1.9095762,1.503438,1.354793,2.751691,0.6623288093996064,,,,,,600.3,697.5,381.1,774.0,185.16726222526486,iron/operators/transpose/test.py::test_transpose
4d4b803c99fe896d0f08aba5dcc86a8f319c18a5,2026-06-22 17:55:05,M_2048-N_128-aie_columns_1-channels_1-m_64-n_64-s_8,5/5,1.8421294,1.666939,1.164291,2.870397,0.6308003862429858,,,,,,619.16,629.0,365.3,900.6,192.23717902632674,iron/operators/transpose/test.py::test_transpose
7e6b95b65dcb69d511057cd3d8b565db1e1227e6,2026-04-27 21:03:51,M_2048-N_128-aie_columns_1-channels_2-m_64-n_64-s_8,5/5,2.1002856,1.853512,1.127125,3.420493,1.0237086675884892,,,,,,607.26,565.7,306.6,930.3,285.7715223740812,n/a
5503a9566e74d9b7c3221a857d903c0e3b1b7a98,2026-05-11 23:33:39,M_2048-N_128-aie_columns_1-channels_2-m_64-n_64-s_8,5/5,1.6448314,1.835312,0.4254319,2.56766,0.9264155373891648,,,,,,991.0799999999999,571.3,408.4,2464.7,866.9894301547164,iron/operators/transpose/test.py::test_transpose
4d4b803c99fe896d0f08aba5dcc86a8f319c18a5,2026-06-22 17:55:05,M_2048-N_128-aie_columns_1-channels_2-m_64-n_64-s_8,5/5,1.9906702,1.768361,1.180163,3.349034,0.814806087660555,,,,,,590.16,593.0,313.1,888.5,206.87476404820382,iron/operators/transpose/test.py::test_transpose
7e6b95b65dcb69d511057cd3d8b565db1e1227e6,2026-04-27 21:03:51,M_2048-N_128-aie_columns_2-channels_1-m_64-n_64-s_8,5/5,2.0031426,1.742307,1.380726,2.680436,0.5735270133017276,,,,,,558.56,601.8,391.2,759.4,155.20738706646665,n/a
5503a9566e74d9b7c3221a857d903c0e3b1b7a98,2026-05-11 23:33:39,M_2048-N_128-aie_columns_2-channels_1-m_64-n_64-s_8,5/5,1.9988454,1.757934,1.376968,2.812395,0.5629188704349855,,,,,,557.56,596.5,372.8,761.5,149.85488981010928,iron/operators/transpose/test.py::test_transpose
4d4b803c99fe896d0f08aba5dcc86a8f319c18a5,2026-06-22 17:55:05,M_2048-N_128-aie_columns_2-channels_1-m_64-n_64-s_8,5/5,2.1342168,1.803871,1.552503,3.766667,0.918490377521289,,,,,,543.54,581.3,278.4,675.4,153.26621610779068,iron/operators/transpose/test.py::test_transpose
7e6b95b65dcb69d511057cd3d8b565db1e1227e6,2026-04-27 21:03:51,M_2048-N_128-aie_columns_2-channels_2-m_64-n_64-s_8,5/5,1.97098604,1.892935,0.4225902,3.432507,1.1301837359792026,,,,,,886.82,553.9,305.5,2481.3,903.0396846207813,n/a
5503a9566e74d9b7c3221a857d903c0e3b1b7a98,2026-05-11 23:33:39,M_2048-N_128-aie_columns_2-channels_2-m_64-n_64-s_8,5/5,2.4791272,2.268079,1.855122,3.735868,0.7533420386615233,,,,,,449.62,462.3,280.7,565.2,111.90633136690705,iron/operators/transpose/test.py::test_transpose
4d4b803c99fe896d0f08aba5dcc86a8f319c18a5,2026-06-22 17:55:05,M_2048-N_128-aie_columns_2-channels_2-m_64-n_64-s_8,5/5,2.3704922,2.306469,1.790262,2.951756,0.44974159838089256,,,,,,455.68,454.6,355.2,585.7,89.08056465918929,iron/operators/transpose/test.py::test_transpose
7e6b95b65dcb69d511057cd3d8b565db1e1227e6,2026-04-27 21:03:51,M_2048-N_256-aie_columns_1-channels_1-m_64-n_64-s_8,5/5,1.89805592,0.5859225,0.5753573,4.087665,1.809268401307,,,,,,2381.56,3579.2,513.0,3645.0,1678.5835898161283,n/a
5503a9566e74d9b7c3221a857d903c0e3b1b7a98,2026-05-11 23:33:39,M_2048-N_256-aie_columns_1-channels_1-m_64-n_64-s_8,5/5,2.40782182,3.408523,0.5784936,3.981758,1.671258527515989,,,,,,1763.6399999999999,615.3,526.7,3625.2,1618.8227552761914,iron/operators/transpose/test.py::test_transpose
4d4b803c99fe896d0f08aba5dcc86a8f319c18a5,2026-06-22 17:55:05,M_2048-N_256-aie_columns_1-channels_1-m_64-n_64-s_8,5/5,2.3877873,2.985733,0.5871109,4.062351,1.6853054347708696,,,,,,1775.74,702.4,516.2,3572.0,1618.737970766115,iron/operators/transpose/test.py::test_transpose
7e6b95b65dcb69d511057cd3d8b565db1e1227e6,2026-04-27 21:03:51,M_2048-N_256-aie_columns_1-channels_2-m_64-n_64-s_8,5/5,4.3367232,3.922286,2.444336,6.476109,1.6978124185682884,,,,,,549.9,534.7,323.8,858.0,219.10127795154457,n/a
5503a9566e74d9b7c3221a857d903c0e3b1b7a98,2026-05-11 23:33:39,M_2048-N_256-aie_columns_1-channels_2-m_64-n_64-s_8,5/5,2.96472076,2.910068,0.5781037,7.416144,2.796263412714019,,,,,,1761.0,720.7,282.8,3627.6,1673.890687888549,iron/operators/transpose/test.py::test_transpose
4d4b803c99fe896d0f08aba5dcc86a8f319c18a5,2026-06-22 17:55:05,M_2048-N_256-aie_columns_1-channels_2-m_64-n_64-s_8,5/5,2.13429346,2.888182,0.5918556,3.299458,1.411851043375043,,,,,,1802.06,726.1,635.6,3543.4,1555.4991764703702,iron/operators/transpose/test.py::test_transpose
7e6b95b65dcb69d511057cd3d8b565db1e1227e6,2026-04-27 21:03:51,M_2048-N_256-aie_columns_2-channels_1-m_64-n_64-s_8,5/5,2.3519861,2.150605,0.5944875,4.736522,1.844996698509187,,,,,,1797.08,975.1,442.8,3527.7,1565.5550252226844,n/a
5503a9566e74d9b7c3221a857d903c0e3b1b7a98,2026-05-11 23:33:39,M_2048-N_256-aie_columns_2-channels_1-m_64-n_64-s_8,5/5,2.7514626,1.953678,1.037737,6.25118,2.1953710568274785,,,,,,1210.3400000000001,1073.4,335.5,2020.9,784.634286148649,iron/operators/transpose/test.py::test_transpose
4d4b803c99fe896d0f08aba5dcc86a8f319c18a5,2026-06-22 17:55:05,M_2048-N_256-aie_columns_2-channels_1-m_64-n_64-s_8,5/5,3.3490317,3.35649,0.5956925,5.892879,1.89704724010222,,,,,,1146.74,624.8,355.9,3520.5,1332.8279345061762,iron/operators/transpose/test.py::test_transpose
7e6b95b65dcb69d511057cd3d8b565db1e1227e6,2026-04-27 21:03:51,M_2048-N_256-aie_columns_2-channels_2-m_64-n_64-s_8,5/5,3.06424282,2.720716,0.6423821,6.98085,2.3901797444694743,,,,,,1229.58,770.8,300.4,3264.6,1176.782975743616,n/a
5503a9566e74d9b7c3221a857d903c0e3b1b7a98,2026-05-11 23:33:39,M_2048-N_256-aie_columns_2-channels_2-m_64-n_64-s_8,5/5,2.96776368,3.110311,0.5858294,5.320007,1.87269762920844,,,,,,1274.68,674.3,394.2,3579.8,1326.1157366534794,iron/operators/transpose/test.py::test_transpose
4d4b803c99fe896d0f08aba5dcc86a8f319c18a5,2026-06-22 17:55:05,M_2048-N_256-aie_columns_2-channels_2-m_64-n_64-s_8,5/5,3.78727752,5.314466,0.5845466,5.676508,2.4500091667221273,,,,,,1190.9,394.6,369.4,3587.7,1389.9823703917973,iron/operators/transpose/test.py::test_transpose
7e6b95b65dcb69d511057cd3d8b565db1e1227e6,2026-04-27 21:03:51,M_2048-N_256-aie_columns_4-channels_1-m_64-n_64-s_8,5/5,2.6517274,2.668207,1.533002,3.945285,0.9429809937571914,,,,,,881.46,786.0,531.6,1368.0,331.16731118877055,n/a
5503a9566e74d9b7c3221a857d903c0e3b1b7a98,2026-05-11 23:33:39,M_2048-N_256-aie_columns_4-channels_1-m_64-n_64-s_8,5/5,2.922573,3.617339,1.209214,3.980473,1.2133073919170279,,,,,,882.34,579.8,526.9,1734.3,515.0990516395851,iron/operators/transpose/test.py::test_transpose
4d4b803c99fe896d0f08aba5dcc86a8f319c18a5,2026-06-22 17:55:05,M_2048-N_256-aie_columns_4-channels_1-m_64-n_64-s_8,5/5,3.2781949,4.045081,0.5881585,4.813404,1.661857778742077,,,,,,1153.72,518.4,435.7,3565.6,1352.9748175779177,iron/operators/transpose/test.py::test_transpose
7e6b95b65dcb69d511057cd3d8b565db1e1227e6,2026-04-27 21:03:51,M_2048-N_256-aie_columns_4-channels_2-m_64-n_64-s_8,5/5,4.0979748,3.594109,2.723864,7.269107,1.8188916113885676,,,,,,573.48,583.5,288.5,769.9,179.76532479874976,n/a
5503a9566e74d9b7c3221a857d903c0e3b1b7a98,2026-05-11 23:33:39,M_2048-N_256-aie_columns_4-channels_2-m_64-n_64-s_8,5/5,3.6378449,4.491478,0.8545455,5.83734,2.0553785090196404,,,,,,936.0,466.9,359.3,2454.1,881.8263150983871,iron/operators/transpose/test.py::test_transpose
4d4b803c99fe896d0f08aba5dcc86a8f319c18a5,2026-06-22 17:55:05,M_2048-N_256-aie_columns_4-channels_2-m_64-n_64-s_8,5/5,2.80612748,3.572704,0.5824874,4.104972,1.5872607751841699,,,,,,1290.3200000000002,587.0,510.9,3600.3,1326.9455214891077,iron/operators/transpose/test.py::test_transpose
7e6b95b65dcb69d511057cd3d8b565db1e1227e6,2026-04-27 21:03:51,M_2048-N_512-aie_columns_1-channels_1-m_64-n_64-s_8,5/5,4.4688964,4.517699,3.376388,5.425699,0.7312929279247817,,,,,,960.74,928.4,773.0,1242.2,172.0557119075098,n/a
5503a9566e74d9b7c3221a857d903c0e3b1b7a98,2026-05-11 23:33:39,M_2048-N_512-aie_columns_1-channels_1-m_64-n_64-s_8,5/5,3.0423536,3.421425,1.178347,3.801378,1.0583507344433603,,,,,,1670.92,1225.9,1103.4,3559.5,1057.5376716694304,iron/operators/transpose/test.py::test_transpose
4d4b803c99fe896d0f08aba5dcc86a8f319c18a5,2026-06-22 17:55:05,M_2048-N_512-aie_columns_1-channels_1-m_64-n_64-s_8,5/5,3.8156932,4.194514,1.231411,5.272498,1.543175225123414,,,,,,1444.2,1000.0,795.5,3406.1,1102.52459609752,iron/operators/transpose/test.py::test_transpose
7e6b95b65dcb69d511057cd3d8b565db1e1227e6,2026-04-27 21:03:51,M_2048-N_512-aie_columns_1-channels_2-m_64-n_64-s_8,5/5,3.5124017999999997,3.117584,1.666687,7.063056,2.1509908861938953,,,,,,1536.8,1345.4,593.8,2516.6,769.7150219399385,n/a
5503a9566e74d9b7c3221a857d903c0e3b1b7a98,2026-05-11 23:33:39,M_2048-N_512-aie_columns_1-channels_2-m_64-n_64-s_8,5/5,3.8895324000000002,3.303572,1.136937,7.562032,2.9415775975597347,,,,,,1960.18,1269.6,554.7,3689.1,1570.7669168275731,iron/operators/transpose/test.py::test_transpose
4d4b803c99fe896d0f08aba5dcc86a8f319c18a5,2026-06-22 17:55:05,M_2048-N_512-aie_columns_1-channels_2-m_64-n_64-s_8,5/5,6.4084892,6.767899,3.785394,7.773203,1.6078266940527823,,,,,,700.9,619.7,539.6,1108.0,234.81237190574095,iron/operators/transpose/test.py::test_transpose
7e6b95b65dcb69d511057cd3d8b565db1e1227e6,2026-04-27 21:03:51,M_2048-N_512-aie_columns_2-channels_1-m_64-n_64-s_8,5/5,5.9723078,6.768227,1.306308,8.552787,2.751483184288376,,,,,,1118.8400000000001,619.7,490.4,3210.8,1171.4281510190883,n/a
5503a9566e74d9b7c3221a857d903c0e3b1b7a98,2026-05-11 23:33:39,M_2048-N_512-aie_columns_2-channels_1-m_64-n_64-s_8,5/5,5.7272518,7.192915,1.090875,7.611532,2.7169413126244923,,,,,,1264.14,583.1,551.0,3844.9,1445.1108964366715,iron/operators/transpose/test.py::test_transpose
4d4b803c99fe896d0f08aba5dcc86a8f319c18a5,2026-06-22 17:55:05,M_2048-N_512-aie_columns_2-channels_1-m_64-n_64-s_8,5/5,5.586438,6.280064,1.891636,9.054259,3.368388189262262,,,,,,1139.96,667.9,463.2,2217.3,831.586272132964,iron/operators/transpose/test.py::test_transpose
7e6b95b65dcb69d511057cd3d8b565db1e1227e6,2026-04-27 21:03:51,M_2048-N_512-aie_columns_2-channels_2-m_64-n_64-s_8,5/5,5.3021854,5.884257,1.214827,10.11456,4.0199327172683255,,,,,,1710.26,712.8,414.7,3452.6,1593.988147070109,n/a
5503a9566e74d9b7c3221a857d903c0e3b1b7a98,2026-05-11 23:33:39,M_2048-N_512-aie_columns_2-channels_2-m_64-n_64-s_8,5/5,6.1376632,6.938399,3.282824,7.16435,1.6321705771449564,,,,,,746.58,604.5,585.4,1277.7,298.651296665526,iron/operators/transpose/test.py::test_transpose
4d4b803c99fe896d0f08aba5dcc86a8f319c18a5,2026-06-22 17:55:05,M_2048-N_512-aie_columns_2-channels_2-m_64-n_64-s_8,5/5,5.2879428,6.832405,1.143374,7.761538,2.7634337894010956,,,,,,1307.1,613.9,540.4,3668.4,1339.286612342556,iron/operators/transpose/test.py::test_transpose
7e6b95b65dcb69d511057cd3d8b565db1e1227e6,2026-04-27 21:03:51,M_2048-N_512-aie_columns_4-channels_1-m_64-n_64-s_8,5/5,6.0221552,5.857582,1.969615,9.762437,2.9297242500957665,,,,,,936.58,716.0,429.6,2129.5,686.4445840707027,n/a
5503a9566e74d9b7c3221a857d903c0e3b1b7a98,2026-05-11 23:33:39,M_2048-N_512-aie_columns_4-channels_1-m_64-n_64-s_8,5/5,6.385673,6.403703,1.256715,9.383021,3.227094833298907,,,,,,1122.06,655.0,447.0,3337.5,1243.3439359244087,iron/operators/transpose/test.py::test_transpose
4d4b803c99fe896d0f08aba5dcc86a8f319c18a5,2026-06-22 17:55:05,M_2048-N_512-aie_columns_4-channels_1-m_64-n_64-s_8,5/5,5.0955024,5.632963,1.37527,10.36652,3.552173137099359,,,,,,1353.78,744.6,404.6,3049.8,1095.4146621257175,iron/operators/transpose/test.py::test_transpose
7e6b95b65dcb69d511057cd3d8b565db1e1227e6,2026-04-27 21:03:51,M_2048-N_512-aie_columns_4-channels_2-m_64-n_64-s_8,5/5,6.2571164,7.356595,1.188189,11.1748,3.7795336554190517,,,,,,1211.72,570.1,375.3,3530.0,1317.5424137385482,n/a
5503a9566e74d9b7c3221a857d903c0e3b1b7a98,2026-05-11 23:33:39,M_2048-N_512-aie_columns_4-channels_2-m_64-n_64-s_8,5/5,5.8103752,6.881707,3.686205,7.453917,1.8367773121606765,,,,,,793.22,609.5,562.7,1137.8,282.78585007033143,iron/operators/transpose/test.py::test_transpose
4d4b803c99fe896d0f08aba5dcc86a8f319c18a5,2026-06-22 17:55:05,M_2048-N_512-aie_columns_4-channels_2-m_64-n_64-s_8,5/5,5.6390877999999995,4.386948,3.41556,9.851334,2.6642073870290575,,,,,,864.1,956.1,425.8,1228.0,329.74979150865283,iron/operators/transpose/test.py::test_transpose
7e6b95b65dcb69d511057cd3d8b565db1e1227e6,2026-04-27 21:03:51,M_2048-N_64-aie_columns_1-channels_1-m_64-n_64-s_8,5/5,1.10120436,1.348509,0.1586418,1.506423,0.5553516090406582,,,,,,980.94,388.8,348.0,3304.9,1300.4933017897479,n/a
5503a9566e74d9b7c3221a857d903c0e3b1b7a98,2026-05-11 23:33:39,M_2048-N_64-aie_columns_1-channels_1-m_64-n_64-s_8,5/5,1.10120684,1.154507,0.1552195,1.772165,0.6275714581269236,,,,,,1011.36,454.1,295.8,3377.7,1327.5767051285586,iron/operators/transpose/test.py::test_transpose
4d4b803c99fe896d0f08aba5dcc86a8f319c18a5,2026-06-22 17:55:05,M_2048-N_64-aie_columns_1-channels_1-m_64-n_64-s_8,5/5,1.11483376,0.9729162,0.5740419,1.655028,0.4931110064563181,,,,,,556.4,538.9,316.8,913.3,252.67420723136738,iron/operators/transpose/test.py::test_transpose
7e6b95b65dcb69d511057cd3d8b565db1e1227e6,2026-04-27 21:03:51,M_2048-N_64-aie_columns_1-channels_2-m_64-n_64-s_8,5/5,0.99019338,0.7818064,0.6120277,1.912441,0.5295149630583795,,,,,,620.72,670.6,274.1,856.6,222.38232168947243,n/a
5503a9566e74d9b7c3221a857d903c0e3b1b7a98,2026-05-11 23:33:39,M_2048-N_64-aie_columns_1-channels_2-m_64-n_64-s_8,5/5,0.82110292,0.8527698,0.4971053,1.046479,0.19965060309302096,,,,,,679.58,614.8,501.0,1054.7,215.46642893963784,iron/operators/transpose/test.py::test_transpose
4d4b803c99fe896d0f08aba5dcc86a8f319c18a5,2026-06-22 17:55:05,M_2048-N_64-aie_columns_1-channels_2-m_64-n_64-s_8,5/5,1.42916078,1.472512,0.9272639,1.98506,0.39248218612637953,,,,,,390.98,356.1,264.1,565.4,113.5709337814918,iron/operators/transpose/test.py::test_transpose
7e6b95b65dcb69d511057cd3d8b565db1e1227e6,2026-04-27 21:03:51,M_384-K_1536-N_1792-num_aie_columns_4-b_col_maj_True-c_col_maj_False-m_32-k_48-n_64-trace_size_0-partition_N_1,5/5,2.8998966,2.508461,2.040399,4.186164,0.9044335873922971,760.48022,657.8285,535.0823,1097.796,237.1821696128042,2987.7,3213.5,1925.6,3950.7,845.6821122620485,n/a
5503a9566e74d9b7c3221a857d903c0e3b1b7a98,2026-05-11 23:33:39,M_384-K_1536-N_1792-num_aie_columns_4-b_col_maj_True-c_col_maj_False-m_32-k_48-n_64-trace_size_0-partition_N_1,5/5,2.4430968,1.794815,1.719543,3.529391,0.9260604339886247,640.68724,470.6792,450.9396,925.5613,242.8537356078819,3669.86,4491.2,2283.9,4687.8,1222.5658317653083,iron/operators/gemm/test.py::test_gemm
4d4b803c99fe896d0f08aba5dcc86a8f319c18a5,2026-06-22 17:55:05,M_384-K_1536-N_1792-num_aie_columns_4-b_col_maj_True-c_col_maj_False-m_32-k_48-n_64-trace_size_0-partition_N_1,5/5,2.9493892,3.517586,1.649251,3.878622,1.1157862506890377,773.45938,922.4655,432.5061,1017.145,292.6081349897111,3148.88,2291.6,2078.3,4887.6,1380.1786467700479,iron/operators/gemm/test.py::test_gemm
7e6b95b65dcb69d511057cd3d8b565db1e1227e6,2026-04-27 21:03:51,M_64-K_512-N_256-num_aie_columns_4-b_col_maj_True-c_col_maj_False-m_16-k_64-n_64-trace_size_0-partition_N_4,5/5,0.20081026,0.1935064,0.1832297,0.2199755,0.016367212123724672,10.8226156,10.42898,9.875118,11.85552,0.8821046825500927,6233.36,6434.8,5660.6,6795.8,499.69015199421335,n/a
5503a9566e74d9b7c3221a857d903c0e3b1b7a98,2026-05-11 23:33:39,M_64-K_512-N_256-num_aie_columns_4-b_col_maj_True-c_col_maj_False-m_16-k_64-n_64-trace_size_0-partition_N_4,5/5,0.22684352,0.1949779,0.181671,0.3318701,0.06320080075625624,12.225670599999999,10.50828,9.791108,17.88605,3.40619093039671,5777.88,6386.3,3752.0,6854.1,1309.7320859626218,iron/operators/gemm/test.py::test_gemm
4d4b803c99fe896d0f08aba5dcc86a8f319c18a5,2026-06-22 17:55:05,M_64-K_512-N_256-num_aie_columns_4-b_col_maj_True-c_col_maj_False-m_16-k_64-n_64-trace_size_0-partition_N_4,5/5,0.20898768,0.2091761,0.1689667,0.2565757,0.03378146667156416,11.263334799999999,11.27349,9.106414,13.82808,1.8206440530716599,6082.82,5952.8,4853.1,7369.4,972.3686399714871,iron/operators/gemm/test.py::test_gemm
7e6b95b65dcb69d511057cd3d8b565db1e1227e6,2026-04-27 21:03:51,M_64-N_128-aie_columns_1-channels_1-m_64-n_64-s_8,5/5,0.07475977,0.06785417,0.06264757,0.1041838,0.01737388076265202,,,,,,454.36,482.9,314.5,523.1,87.11990587690048,n/a
5503a9566e74d9b7c3221a857d903c0e3b1b7a98,2026-05-11 23:33:39,M_64-N_128-aie_columns_1-channels_1-m_64-n_64-s_8,5/5,0.080111312,0.0664602,0.06266914,0.1374566,0.03213593305191745,,,,,,446.7,493.0,238.4,522.9,117.69267181944676,iron/operators/transpose/test.py::test_transpose
4d4b803c99fe896d0f08aba5dcc86a8f319c18a5,2026-06-22 17:55:05,M_64-N_128-aie_columns_1-channels_1-m_64-n_64-s_8,5/5,0.094121066,0.08652485,0.06050467,0.1352061,0.03257865217074564,,,,,,383.36,378.7,242.4,541.6,129.37937625448657,iron/operators/transpose/test.py::test_transpose
7e6b95b65dcb69d511057cd3d8b565db1e1227e6,2026-04-27 21:03:51,M_64-N_128-aie_columns_2-channels_1-m_64-n_64-s_8,5/5,0.075723788,0.07900263,0.04792773,0.1092106,0.023502248461679576,,,,,,468.6,414.8,300.0,683.7,149.3679851909371,n/a
5503a9566e74d9b7c3221a857d903c0e3b1b7a98,2026-05-11 23:33:39,M_64-N_128-aie_columns_2-channels_1-m_64-n_64-s_8,5/5,0.079591714,0.08425123,0.01507826,0.1272573,0.0423865713363735,,,,,,724.06,388.9,257.5,2173.2,814.5435488664801,iron/operators/transpose/test.py::test_transpose
4d4b803c99fe896d0f08aba5dcc86a8f319c18a5,2026-06-22 17:55:05,M_64-N_128-aie_columns_2-channels_1-m_64-n_64-s_8,5/5,0.08500036999999999,0.06600025,0.06199087,0.1311617,0.03108107618563826,,,,,,423.26,496.5,249.8,528.6,130.41090061800816,iron/operators/transpose/test.py::test_transpose
7e6b95b65dcb69d511057cd3d8b565db1e1227e6,2026-04-27 21:03:51,M_64-N_256-aie_columns_1-channels_1-m_64-n_64-s_8,5/5,0.21618342,0.2127454,0.1548707,0.3150436,0.06133583165509374,,,,,,321.04,308.0,208.0,423.2,81.00687007902476,n/a
5503a9566e74d9b7c3221a857d903c0e3b1b7a98,2026-05-11 23:33:39,M_64-N_256-aie_columns_1-channels_1-m_64-n_64-s_8,5/5,0.16199992,0.1290523,0.1024572,0.2669795,0.06585305690445964,,,,,,452.68,507.8,245.5,639.6,153.40556378436867,iron/operators/transpose/test.py::test_transpose
4d4b803c99fe896d0f08aba5dcc86a8f319c18a5,2026-06-22 17:55:05,M_64-N_256-aie_columns_1-channels_1-m_64-n_64-s_8,5/5,0.16723288,0.1246147,0.1064245,0.2657001,0.07002849854403563,,,,,,444.9,525.9,246.7,615.8,160.58510204872678,iron/operators/transpose/test.py::test_transpose
7e6b95b65dcb69d511057cd3d8b565db1e1227e6,2026-04-27 21:03:51,M_64-N_256-aie_columns_2-channels_1-m_64-n_64-s_8,5/5,0.17620896,0.1494226,0.1086501,0.2550595,0.0666489723495269,,,,,,416.48,438.6,256.9,603.2,149.95961789761938,n/a
5503a9566e74d9b7c3221a857d903c0e3b1b7a98,2026-05-11 23:33:39,M_64-N_256-aie_columns_2-channels_1-m_64-n_64-s_8,5/5,0.17151274,0.1512538,0.106169,0.2410821,0.058286273781937716,,,,,,420.0,433.3,271.8,617.3,142.7276427325835,iron/operators/transpose/test.py::test_transpose
4d4b803c99fe896d0f08aba5dcc86a8f319c18a5,2026-06-22 17:55:05,M_64-N_256-aie_columns_2-channels_1-m_64-n_64-s_8,5/5,0.19585104,0.2170807,0.1332181,0.2356274,0.041604103274412725,,,,,,349.36,301.9,278.1,491.9,87.72387360348378,iron/operators/transpose/test.py::test_transpose
7e6b95b65dcb69d511057cd3d8b565db1e1227e6,2026-04-27 21:03:51,M_64-N_256-aie_columns_4-channels_1-m_64-n_64-s_8,5/5,0.130546752,0.1159246,0.03298592,0.3286248,0.12065115571594463,,,,,,1020.0999999999999,565.3,199.4,1986.8,846.1640886967491,n/a
5503a9566e74d9b7c3221a857d903c0e3b1b7a98,2026-05-11 23:33:39,M_64-N_256-aie_columns_4-channels_1-m_64-n_64-s_8,5/5,0.1354445,0.1294252,0.1081918,0.1686421,0.022269113376715288,,,,,,494.16,506.4,388.6,605.7,79.3973110375912,iron/operators/transpose/test.py::test_transpose
4d4b803c99fe896d0f08aba5dcc86a8f319c18a5,2026-06-22 17:55:05,M_64-N_256-aie_columns_4-channels_1-m_64-n_64-s_8,5/5,0.1839002,0.1497822,0.1247979,0.3041608,0.07395852516333057,,,,,,396.1,437.5,215.5,525.1,126.79495258092888,iron/operators/transpose/test.py::test_transpose
7e6b95b65dcb69d511057cd3d8b565db1e1227e6,2026-04-27 21:03:51,M_64-N_512-aie_columns_1-channels_1-m_64-n_64-s_8,5/5,0.4124487,0.3729453,0.2662409,0.5942314,0.12959036025594264,,,,,,343.64,351.5,220.6,492.3,105.85706400613991,n/a
5503a9566e74d9b7c3221a857d903c0e3b1b7a98,2026-05-11 23:33:39,M_64-N_512-aie_columns_1-channels_1-m_64-n_64-s_8,5/5,0.31232844,0.2464084,0.186014,0.5056849,0.14349270843413264,,,,,,491.76,531.9,259.2,704.6,200.0397035590685,iron/operators/transpose/test.py::test_transpose
4d4b803c99fe896d0f08aba5dcc86a8f319c18a5,2026-06-22 17:55:05,M_64-N_512-aie_columns_1-channels_1-m_64-n_64-s_8,5/5,0.31791158,0.2587227,0.2197127,0.4587476,0.10723313106720794,,,,,,448.86,506.6,285.7,596.6,136.75870356214995,iron/operators/transpose/test.py::test_transpose
7e6b95b65dcb69d511057cd3d8b565db1e1227e6,2026-04-27 21:03:51,M_64-N_512-aie_columns_2-channels_1-m_64-n_64-s_8,5/5,0.35078058,0.3143033,0.2426783,0.4816504,0.09718917659763868,,,,,,396.90000000000003,417.0,272.1,540.1,106.81462914788405,n/a
5503a9566e74d9b7c3221a857d903c0e3b1b7a98,2026-05-11 23:33:39,M_64-N_512-aie_columns_2-channels_1-m_64-n_64-s_8,5/5,0.226825822,0.2046903,0.06892301,0.4379387,0.13316238278152326,,,,,,817.66,640.3,299.3,1901.7,623.4286430699186,iron/operators/transpose/test.py::test_transpose
4d4b803c99fe896d0f08aba5dcc86a8f319c18a5,2026-06-22 17:55:05,M_64-N_512-aie_columns_2-channels_1-m_64-n_64-s_8,5/5,0.308384914,0.3392159,0.07005047,0.4506252,0.15962294722259854,,,,,,679.3399999999999,386.4,290.9,1871.1,674.7142528507901,iron/operators/transpose/test.py::test_transpose
7e6b95b65dcb69d511057cd3d8b565db1e1227e6,2026-04-27 21:03:51,M_64-N_512-aie_columns_4-channels_1-m_64-n_64-s_8,5/5,0.34123178,0.3018513,0.2187534,0.5333724,0.11896891254700531,,,,,,418.64,434.2,245.7,599.2,129.6216147098932,n/a
5503a9566e74d9b7c3221a857d903c0e3b1b7a98,2026-05-11 23:33:39,M_64-N_512-aie_columns_4-channels_1-m_64-n_64-s_8,5/5,0.273585038,0.2648074,0.06656469,0.5056458,0.1710900348972573,,,,,,775.14,495.0,259.2,1969.1,697.211451426323,iron/operators/transpose/test.py::test_transpose
4d4b803c99fe896d0f08aba5dcc86a8f319c18a5,2026-06-22 17:55:05,M_64-N_512-aie_columns_4-channels_1-m_64-n_64-s_8,5/5,0.37270053999999997,0.288715,0.2269307,0.6214122,0.1769337233676017,,,,,,414.82,454.0,210.9,577.6,169.8091340299455,iron/operators/transpose/test.py::test_transpose
7e6b95b65dcb69d511057cd3d8b565db1e1227e6,2026-04-27 21:03:51,M_64-N_64-aie_columns_1-channels_1-m_64-n_64-s_8,5/5,0.062034476,0.06282907,0.03308422,0.08592001,0.01935893778884007,,,,,,292.48,260.8,190.7,495.2,118.49289852138818,n/a
5503a9566e74d9b7c3221a857d903c0e3b1b7a98,2026-05-11 23:33:39,M_64-N_64-aie_columns_1-channels_1-m_64-n_64-s_8,5/5,0.033411502,0.03181372,0.02706721,0.04314145,0.0061857171594625945,,,,,,502.9,515.0,379.8,605.3,85.46584112965833,iron/operators/transpose/test.py::test_transpose
4d4b803c99fe896d0f08aba5dcc86a8f319c18a5,2026-06-22 17:55:05,M_64-N_64-aie_columns_1-channels_1-m_64-n_64-s_8,5/5,0.0419809,0.0405394,0.02874678,0.06216516,0.012389983536738456,,,,,,415.38,404.1,263.6,569.9,110.3488876246607,iron/operators/transpose/test.py::test_transpose
7e6b95b65dcb69d511057cd3d8b565db1e1227e6,2026-04-27 21:03:51,M_8192-K_2048-num_aie_columns_1-tile_size_input_4-tile_size_output_1024,5/5,3.6633916,3.695341,3.438239,3.953755,0.21112118553049108,3.6611572,3.693087,3.436141,3.951344,0.21099282219829193,,,,,,n/a
5503a9566e74d9b7c3221a857d903c0e3b1b7a98,2026-05-11 23:33:39,M_8192-K_2048-num_aie_columns_1-tile_size_input_4-tile_size_output_1024,5/5,3.7827358,3.820045,3.583502,3.933532,0.148636507075819,3.7804284,3.817715,3.581316,3.931132,0.14854574000387882,,,,,,iron/operators/gemv/test.py::test_gemv
4d4b803c99fe896d0f08aba5dcc86a8f319c18a5,2026-06-22 17:55:05,M_8192-K_2048-num_aie_columns_1-tile_size_input_4-tile_size_output_1024,5/5,3.7183798,3.749738,3.602945,3.834468,0.09124057678029009,3.7161116,3.747451,3.600747,3.832129,0.09118502796402489,,,,,,iron/operators/gemv/test.py::test_gemv
7e6b95b65dcb69d511057cd3d8b565db1e1227e6,2026-04-27 21:03:51,M_8192-K_2048-num_aie_columns_2-tile_size_input_4-tile_size_output_1024,5/5,6.660367,6.948163,5.887208,7.145287,0.5216744157599641,6.6563046,6.943925,5.883617,7.140929,0.5213562675798574,,,,,,n/a
5503a9566e74d9b7c3221a857d903c0e3b1b7a98,2026-05-11 23:33:39,M_8192-K_2048-num_aie_columns_2-tile_size_input_4-tile_size_output_1024,5/5,6.1392672,5.711874,4.991823,7.530285,1.2555691839049334,6.1355226,5.70839,4.988778,7.525692,1.254803545426853,,,,,,iron/operators/gemv/test.py::test_gemv
4d4b803c99fe896d0f08aba5dcc86a8f319c18a5,2026-06-22 17:55:05,M_8192-K_2048-num_aie_columns_2-tile_size_input_4-tile_size_output_1024,5/5,6.337327,6.44014,5.754964,6.920191,0.5101783622356988,6.3334611999999995,6.436212,5.751453,6.91597,0.5098675558090552,,,,,,iron/operators/gemv/test.py::test_gemv
7e6b95b65dcb69d511057cd3d8b565db1e1227e6,2026-04-27 21:03:51,M_8192-K_2048-num_aie_columns_4-tile_size_input_4-tile_size_output_1024,5/5,9.3928224,8.871034,7.131146,12.97673,2.2009184172523977,9.3870922,8.865623,7.126796,12.96881,2.1995740181870898,,,,,,n/a
5503a9566e74d9b7c3221a857d903c0e3b1b7a98,2026-05-11 23:33:39,M_8192-K_2048-num_aie_columns_4-tile_size_input_4-tile_size_output_1024,5/5,9.5314208,8.452183,8.095951,14.02754,2.5290898129692234,9.525608,8.447028,8.091012,14.01899,2.5275500940384945,,,,,,iron/operators/gemv/test.py::test_gemv
4d4b803c99fe896d0f08aba5dcc86a8f319c18a5,2026-06-22 17:55:05,M_8192-K_2048-num_aie_columns_4-tile_size_input_4-tile_size_output_1024,5/5,9.884655,8.512615,7.131763,13.79619,2.797540672160907,9.8786258,8.507423,7.127412,13.78778,2.7958355393451164,,,,,,iron/operators/gemv/test.py::test_gemv
7e6b95b65dcb69d511057cd3d8b565db1e1227e6,2026-04-27 21:03:51,embedding_dim_1024-hidden_dim_3584,5/5,0.00031999999999999997,0.0002,0.0002,0.0007,0.000216794833886788,,,,,,15227.787999999999,16821.32,5556.26,20330.55,5884.852908057261,n/a
5503a9566e74d9b7c3221a857d903c0e3b1b7a98,2026-05-11 23:33:39,embedding_dim_1024-hidden_dim_3584,5/5,0.00035999999999999997,0.0003,0.0003,0.0006,0.00013416407864998736,,,,,,13293.568,14125.64,6954.78,16306.22,3668.893899735995,iron/operators/swiglu_decode/test.py::test_swiglu_decode
4d4b803c99fe896d0f08aba5dcc86a8f319c18a5,2026-06-22 17:55:05,embedding_dim_1024-hidden_dim_3584,5/5,0.00033999999999999997,0.0003,0.0002,0.0007,0.0002073644135332772,,,,,,15471.84,16234.94,5938.26,21974.63,6288.281096114422,iron/operators/swiglu_decode/test.py::test_swiglu_decode
7e6b95b65dcb69d511057cd3d8b565db1e1227e6,2026-04-27 21:03:51,embedding_dim_2048-hidden_dim_2048,5/5,0.00084,0.0006,0.0004,0.0014,0.0004722287581247038,,,,,,12387.692000000001,14257.72,5780.79,20053.15,6204.767846561223,n/a
5503a9566e74d9b7c3221a857d903c0e3b1b7a98,2026-05-11 23:33:39,embedding_dim_2048-hidden_dim_2048,5/5,0.00066,0.0005,0.0004,0.0014,0.0004219004621945797,,,,,,15432.112000000001,17875.96,5892.35,20028.56,5711.116619617394,iron/operators/swiglu_decode/test.py::test_swiglu_decode
4d4b803c99fe896d0f08aba5dcc86a8f319c18a5,2026-06-22 17:55:05,embedding_dim_2048-hidden_dim_2048,5/5,0.00086,0.0006,0.0004,0.0015,0.0005458937625582472,,,,,,13482.992,13366.1,5514.06,22411.25,7892.385258245444,iron/operators/swiglu_decode/test.py::test_swiglu_decode
7e6b95b65dcb69d511057cd3d8b565db1e1227e6,2026-04-27 21:03:51,input_length_1024-num_aie_columns_1-num_channels_1-tile_size_1024,30/30,0.012416091633333333,0.01309015,0.006753047,0.01927711,0.003782081582736093,,,,,,364.7,312.9,212.5,606.5,121.32355714057093,n/a
5503a9566e74d9b7c3221a857d903c0e3b1b7a98,2026-05-11 23:33:39,input_length_1024-num_aie_columns_1-num_channels_1-tile_size_1024,5/5,0.0161108284,0.01695336,0.009952062,0.02080349,0.00396919717987187,,,,,,270.2,241.6,196.9,411.6,82.86642866686124,iron/operators/gelu/test.py::test_gelu
5503a9566e74d9b7c3221a857d903c0e3b1b7a98,2026-05-11 23:33:39,input_length_1024-num_aie_columns_1-num_channels_1-tile_size_1024,5/5,0.013570306800000001,0.01300268,0.006383284,0.01965064,0.0050996312502210595,,,,,,350.6,315.0,208.4,641.7,172.00167150350606,iron/operators/layer_norm/test.py::test_layer_norm
5503a9566e74d9b7c3221a857d903c0e3b1b7a98,2026-05-11 23:33:39,input_length_1024-num_aie_columns_1-num_channels_1-tile_size_1024,5/5,0.0135771082,0.01425836,0.007912331,0.02089284,0.0049824484510008924,,,,,,336.88,287.3,196.0,517.7,125.50986813792773,iron/operators/relu/test.py::test_relu
5503a9566e74d9b7c3221a857d903c0e3b1b7a98,2026-05-11 23:33:39,input_length_1024-num_aie_columns_1-num_channels_1-tile_size_1024,5/5,0.009962807800000001,0.009542736,0.006271263,0.01378944,0.0027401395792441305,,,,,,439.24,429.2,297.0,653.1,132.7523747433544,iron/operators/sigmoid/test.py::test_sigmoid
5503a9566e74d9b7c3221a857d903c0e3b1b7a98,2026-05-11 23:33:39,input_length_1024-num_aie_columns_1-num_channels_1-tile_size_1024,5/5,0.0104507058,0.01218496,0.002130411,0.01436709,0.005076855170594213,,,,,,654.04,336.2,285.1,1922.6,711.8589558332465,iron/operators/silu/test.py::test_silu
5503a9566e74d9b7c3221a857d903c0e3b1b7a98,2026-05-11 23:33:39,input_length_1024-num_aie_columns_1-num_channels_1-tile_size_1024,5/5,0.0133258566,0.01465815,0.006573563,0.0168291,0.0041069732170283015,,,,,,345.6,279.4,243.4,623.1,158.32724023363764,iron/operators/tanh/test.py::test_tanh
4d4b803c99fe896d0f08aba5dcc86a8f319c18a5,2026-06-22 17:55:05,input_length_1024-num_aie_columns_1-num_channels_1-tile_size_1024,5/5,0.0101357754,0.01304704,0.002089204,0.01453828,0.005333355377756089,,,,,,683.5799999999999,313.9,281.7,1960.6,723.1680074505508,iron/operators/gelu/test.py::test_gelu
4d4b803c99fe896d0f08aba5dcc86a8f319c18a5,2026-06-22 17:55:05,input_length_1024-num_aie_columns_1-num_channels_1-tile_size_1024,5/5,0.0099769316,0.007902851,0.006696531,0.0193081,0.005245444464159954,,,,,,473.53999999999996,518.3,212.1,611.7,152.15093821597026,iron/operators/layer_norm/test.py::test_layer_norm
4d4b803c99fe896d0f08aba5dcc86a8f319c18a5,2026-06-22 17:55:05,input_length_1024-num_aie_columns_1-num_channels_1-tile_size_1024,5/5,0.0126661464,0.01136837,0.008216353,0.0177629,0.00441736128237337,,,,,,356.46,360.3,230.6,498.5,120.2522889595038,iron/operators/relu/test.py::test_relu
4d4b803c99fe896d0f08aba5dcc86a8f319c18a5,2026-06-22 17:55:05,input_length_1024-num_aie_columns_1-num_channels_1-tile_size_1024,5/5,0.0100558394,0.008237885,0.006023981,0.01507651,0.004040999306747812,,,,,,462.12,497.2,271.7,679.9,173.98647073838816,iron/operators/sigmoid/test.py::test_sigmoid
4d4b803c99fe896d0f08aba5dcc86a8f319c18a5,2026-06-22 17:55:05,input_length_1024-num_aie_columns_1-num_channels_1-tile_size_1024,5/5,0.0109507366,0.01034437,0.007266405,0.01425043,0.0031867944429869958,,,,,,401.44,396.0,287.4,563.7,119.53130552286294,iron/operators/silu/test.py::test_silu
4d4b803c99fe896d0f08aba5dcc86a8f319c18a5,2026-06-22 17:55:05,input_length_1024-num_aie_columns_1-num_channels_1-tile_size_1024,5/5,0.0125262912,0.01380761,0.00832292,0.01569042,0.003262885012309996,,,,,,347.98,296.6,261.1,492.1,101.50688154012023,iron/operators/tanh/test.py::test_tanh
7e6b95b65dcb69d511057cd3d8b565db1e1227e6,2026-04-27 21:03:51,input_length_1024-num_aie_columns_1-num_channels_1-tile_size_1024-group_size_32,5/5,0.0089209616,0.009243212,0.005502813,0.01119354,0.002138023571089033,,,,,,312.12,283.9,234.4,476.8,95.64662565924634,n/a
5503a9566e74d9b7c3221a857d903c0e3b1b7a98,2026-05-11 23:33:39,input_length_1024-num_aie_columns_1-num_channels_1-tile_size_1024-group_size_32,5/5,0.0096033282,0.009412642,0.005240548,0.01314992,0.0029517351571936804,,,,,,301.04,278.8,199.5,500.7,117.65635554444137,iron/operators/dequant/test.py::test_dequant
4d4b803c99fe896d0f08aba5dcc86a8f319c18a5,2026-06-22 17:55:05,input_length_1024-num_aie_columns_1-num_channels_1-tile_size_1024-group_size_32,5/5,0.0084479606,0.008613643,0.004418126,0.01120793,0.0025130242285731747,,,,,,343.7,304.6,234.1,593.9,143.2691348476705,iron/operators/dequant/test.py::test_dequant
7e6b95b65dcb69d511057cd3d8b565db1e1227e6,2026-04-27 21:03:51,input_length_1024-num_aie_columns_1-num_channels_1-tile_size_1024-weighted_False,5/5,0.0096458364,0.01137282,0.002106988,0.01405589,0.004568798865797093,,,,,,679.92,360.2,291.4,1944.0,708.9510681281184,n/a
5503a9566e74d9b7c3221a857d903c0e3b1b7a98,2026-05-11 23:33:39,input_length_1024-num_aie_columns_1-num_channels_1-tile_size_1024-weighted_False,5/5,0.0115410174,0.01174932,0.007498728,0.01741556,0.0038991928382670175,,,,,,387.46000000000004,348.6,235.2,546.2,124.45142827625565,iron/operators/rms_norm/test.py::test_rms_norm
4d4b803c99fe896d0f08aba5dcc86a8f319c18a5,2026-06-22 17:55:05,input_length_1024-num_aie_columns_1-num_channels_1-tile_size_1024-weighted_False,5/5,0.014236845199999999,0.01480946,0.007983705,0.02152527,0.005937611995220611,,,,,,336.3,276.6,190.3,513.0,148.89590323444094,iron/operators/rms_norm/test.py::test_rms_norm
7e6b95b65dcb69d511057cd3d8b565db1e1227e6,2026-04-27 21:03:51,input_length_1024-num_aie_columns_1-num_channels_1-tile_size_1024-weighted_True,5/5,0.016221552,0.01298476,0.01019831,0.03354719,0.009772194046541952,,,,,,455.1,473.2,183.1,602.5,162.8644681936487,n/a
5503a9566e74d9b7c3221a857d903c0e3b1b7a98,2026-05-11 23:33:39,input_length_1024-num_aie_columns_1-num_channels_1-tile_size_1024-weighted_True,5/5,0.0122520878,0.01115863,0.005649369,0.02007614,0.00524927305657452,,,,,,593.38,550.6,306.0,1087.6,295.60703983498087,iron/operators/rms_norm/test.py::test_rms_norm
4d4b803c99fe896d0f08aba5dcc86a8f319c18a5,2026-06-22 17:55:05,input_length_1024-num_aie_columns_1-num_channels_1-tile_size_1024-weighted_True,5/5,0.020313944,0.02210366,0.01329672,0.02703428,0.005945741294328236,,,,,,326.48,278.0,227.3,462.1,103.65417020072083,iron/operators/rms_norm/test.py::test_rms_norm
7e6b95b65dcb69d511057cd3d8b565db1e1227e6,2026-04-27 21:03:51,input_length_1024-num_aie_columns_1-num_channels_2-tile_size_512,25/25,0.01228132944,0.01360901,0.001939042,0.0205442,0.00451431562072766,,,,,,430.856,301.0,199.4,2112.4,373.0712946609535,n/a
5503a9566e74d9b7c3221a857d903c0e3b1b7a98,2026-05-11 23:33:39,input_length_1024-num_aie_columns_1-num_channels_2-tile_size_512,5/5,0.0150006134,0.01763791,0.008262362,0.02135881,0.005791158424013091,,,,,,315.3,232.2,191.8,495.7,138.56606727478413,iron/operators/gelu/test.py::test_gelu
5503a9566e74d9b7c3221a857d903c0e3b1b7a98,2026-05-11 23:33:39,input_length_1024-num_aie_columns_1-num_channels_2-tile_size_512,5/5,0.0116811186,0.008877176,0.007039083,0.01766842,0.005332683552915249,,,,,,411.06,461.4,231.8,581.9,167.04223418046107,iron/operators/layer_norm/test.py::test_layer_norm
5503a9566e74d9b7c3221a857d903c0e3b1b7a98,2026-05-11 23:33:39,input_length_1024-num_aie_columns_1-num_channels_2-tile_size_512,5/5,0.0099027428,0.009053334,0.006144863,0.01533554,0.0033967635049865774,,,,,,451.26,452.4,267.1,666.6,144.79937154559752,iron/operators/relu/test.py::test_relu
5503a9566e74d9b7c3221a857d903c0e3b1b7a98,2026-05-11 23:33:39,input_length_1024-num_aie_columns_1-num_channels_2-tile_size_512,5/5,0.011082019,0.01003216,0.007256737,0.01647514,0.003983963858169649,,,,,,408.64,408.3,248.6,564.4,138.37302121439714,iron/operators/sigmoid/test.py::test_sigmoid
5503a9566e74d9b7c3221a857d903c0e3b1b7a98,2026-05-11 23:33:39,input_length_1024-num_aie_columns_1-num_channels_2-tile_size_512,5/5,0.0101091296,0.008873541,0.006881281,0.01813232,0.004574479790603715,,,,,,454.74,461.6,225.9,595.2,140.69629703727105,iron/operators/tanh/test.py::test_tanh
4d4b803c99fe896d0f08aba5dcc86a8f319c18a5,2026-06-22 17:55:05,input_length_1024-num_aie_columns_1-num_channels_2-tile_size_512,5/5,0.0095855084,0.008616011,0.007460267,0.0146602,0.0028816570041795054,,,,,,451.42,475.4,279.4,549.0,101.37022245215802,iron/operators/gelu/test.py::test_gelu
4d4b803c99fe896d0f08aba5dcc86a8f319c18a5,2026-06-22 17:55:05,input_length_1024-num_aie_columns_1-num_channels_2-tile_size_512,5/5,0.0095459608,0.008080601,0.001651584,0.01541826,0.005634381491684664,,,,,,809.3199999999999,506.9,265.7,2480.0,941.4499838015826,iron/operators/layer_norm/test.py::test_layer_norm
4d4b803c99fe896d0f08aba5dcc86a8f319c18a5,2026-06-22 17:55:05,input_length_1024-num_aie_columns_1-num_channels_2-tile_size_512,5/5,0.0125762236,0.009894007,0.003775147,0.02090137,0.007476792946633757,,,,,,477.0,414.0,196.0,1085.0,362.5816873478306,iron/operators/relu/test.py::test_relu
4d4b803c99fe896d0f08aba5dcc86a8f319c18a5,2026-06-22 17:55:05,input_length_1024-num_aie_columns_1-num_channels_2-tile_size_512,5/5,0.0105164586,0.009566405,0.00571223,0.01703104,0.004623877014540915,,,,,,455.08,428.2,240.5,717.1,194.8507557080547,iron/operators/sigmoid/test.py::test_sigmoid
4d4b803c99fe896d0f08aba5dcc86a8f319c18a5,2026-06-22 17:55:05,input_length_1024-num_aie_columns_1-num_channels_2-tile_size_512,5/5,0.0104221292,0.01024894,0.006625023,0.01432884,0.0032868363217802166,,,,,,427.82,399.7,285.9,618.3,140.51016689193702,iron/operators/tanh/test.py::test_tanh
7e6b95b65dcb69d511057cd3d8b565db1e1227e6,2026-04-27 21:03:51,input_length_1024-num_aie_columns_1-num_channels_2-tile_size_512-group_size_32,5/5,0.0067761266,0.005103589,0.004595978,0.01121123,0.0029109906575673344,,,,,,439.24,514.1,234.1,570.9,153.91990774425508,n/a
5503a9566e74d9b7c3221a857d903c0e3b1b7a98,2026-05-11 23:33:39,input_length_1024-num_aie_columns_1-num_channels_2-tile_size_512-group_size_32,5/5,0.0052906688,0.005435222,0.001057611,0.008929027,0.0028249799544172345,,,,,,843.9,482.8,293.9,2481.1,919.4860330641243,iron/operators/dequant/test.py::test_dequant
4d4b803c99fe896d0f08aba5dcc86a8f319c18a5,2026-06-22 17:55:05,input_length_1024-num_aie_columns_1-num_channels_2-tile_size_512-group_size_32,5/5,0.0074328624,0.006281795,0.005465494,0.01048761,0.0021301854761875314,,,,,,374.92,417.7,250.2,480.1,96.56421179712493,iron/operators/dequant/test.py::test_dequant
7e6b95b65dcb69d511057cd3d8b565db1e1227e6,2026-04-27 21:03:51,input_length_1024-num_aie_columns_1-num_channels_2-tile_size_512-weighted_False,5/5,0.013709961,0.01405445,0.007210785,0.01914887,0.004607404198386006,,,,,,334.98,291.4,213.9,568.0,140.53902305053924,n/a
5503a9566e74d9b7c3221a857d903c0e3b1b7a98,2026-05-11 23:33:39,input_length_1024-num_aie_columns_1-num_channels_2-tile_size_512-weighted_False,5/5,0.0088973432,0.008348569,0.005353842,0.01358779,0.00320644980925629,,,,,,510.16,490.6,301.4,765.1,180.03714338991276,iron/operators/rms_norm/test.py::test_rms_norm
4d4b803c99fe896d0f08aba5dcc86a8f319c18a5,2026-06-22 17:55:05,input_length_1024-num_aie_columns_1-num_channels_2-tile_size_512-weighted_False,5/5,0.012451153,0.008522449,0.007782648,0.02406298,0.006981147125071281,,,,,,397.53999999999996,480.6,170.2,526.3,158.4414970896198,iron/operators/rms_norm/test.py::test_rms_norm
7e6b95b65dcb69d511057cd3d8b565db1e1227e6,2026-04-27 21:03:51,input_length_1024-num_aie_columns_1-num_channels_2-tile_size_512-weighted_True,5/5,0.0120904936,0.009735339,0.002509044,0.02782669,0.009413190365940991,,,,,,753.26,525.9,184.0,2040.6,734.6685361440218,n/a
5503a9566e74d9b7c3221a857d903c0e3b1b7a98,2026-05-11 23:33:39,input_length_1024-num_aie_columns_1-num_channels_2-tile_size_512-weighted_True,5/5,0.0130543368,0.01561518,0.002745623,0.01985843,0.007206966419041697,,,,,,664.46,327.9,257.8,1864.8,684.4696728124628,iron/operators/rms_norm/test.py::test_rms_norm
4d4b803c99fe896d0f08aba5dcc86a8f319c18a5,2026-06-22 17:55:05,input_length_1024-num_aie_columns_1-num_channels_2-tile_size_512-weighted_True,5/5,0.0131948618,0.01089561,0.008529808,0.02418997,0.006506818609674563,,,,,,449.84000000000003,469.9,211.7,600.2,163.4615337013574,iron/operators/rms_norm/test.py::test_rms_norm
7e6b95b65dcb69d511057cd3d8b565db1e1227e6,2026-04-27 21:03:51,input_length_1024-num_aie_columns_1-tile_size_1024,10/10,0.019189593,0.020487369999999998,0.01014415,0.02688134,0.005495163586745166,,,,,,351.29,300.1,228.6,605.7,125.48568267159229,n/a
5503a9566e74d9b7c3221a857d903c0e3b1b7a98,2026-05-11 23:33:39,input_length_1024-num_aie_columns_1-tile_size_1024,5/5,0.016314386,0.01368362,0.01123902,0.02381165,0.0055783283181639635,,,,,,410.98,449.0,258.0,546.7,127.14227070490759,iron/operators/elementwise_add/test.py::test_elementwise_add
5503a9566e74d9b7c3221a857d903c0e3b1b7a98,2026-05-11 23:33:39,input_length_1024-num_aie_columns_1-tile_size_1024,5/5,0.016432032,0.01623885,0.010375,0.02258392,0.00542442541695155,,,,,,410.5,378.4,272.1,592.2,140.80145595838135,iron/operators/elementwise_mul/test.py::test_elementwise_mul
4d4b803c99fe896d0f08aba5dcc86a8f319c18a5,2026-06-22 17:55:05,input_length_1024-num_aie_columns_1-tile_size_1024,5/5,0.016219818,0.01331461,0.01274276,0.02764604,0.006417353899674694,,,,,,413.02,461.4,222.2,482.2,108.64208208608669,iron/operators/elementwise_add/test.py::test_elementwise_add
4d4b803c99fe896d0f08aba5dcc86a8f319c18a5,2026-06-22 17:55:05,input_length_1024-num_aie_columns_1-tile_size_1024,5/5,0.021189408,0.02492465,0.01147645,0.0271516,0.006587391398453564,,,,,,321.54,246.5,226.3,535.4,129.74857610008672,iron/operators/elementwise_mul/test.py::test_elementwise_mul
7e6b95b65dcb69d511057cd3d8b565db1e1227e6,2026-04-27 21:03:51,input_length_1024-num_aie_columns_1-tile_size_1024-scalar_factor_10.0,5/5,0.017508620199999998,0.02000795,0.009016161,0.02519799,0.0071580016878574565,,,,,,413.88,307.1,243.8,681.4,195.9678468524875,n/a
5503a9566e74d9b7c3221a857d903c0e3b1b7a98,2026-05-11 23:33:39,input_length_1024-num_aie_columns_1-tile_size_1024-scalar_factor_10.0,5/5,0.018904564,0.0180536,0.01102464,0.02708445,0.007645875368493133,,,,,,374.09999999999997,340.3,226.8,557.3,154.71287923117453,iron/operators/axpy/test.py::test_axpy
4d4b803c99fe896d0f08aba5dcc86a8f319c18a5,2026-06-22 17:55:05,input_length_1024-num_aie_columns_1-tile_size_1024-scalar_factor_10.0,5/5,0.019857246,0.01872674,0.01233668,0.03068379,0.007897270409893535,,,,,,351.1,328.1,200.2,498.0,134.56879281616523,iron/operators/axpy/test.py::test_axpy
7e6b95b65dcb69d511057cd3d8b565db1e1227e6,2026-04-27 21:03:51,input_length_1024-num_aie_columns_1-tile_size_1024-scalar_factor_3.0,5/5,0.0159296082,0.01223627,0.009582691,0.02307164,0.0063932701849179815,,,,,,437.34000000000003,502.1,266.3,641.2,163.50548308848852,n/a
5503a9566e74d9b7c3221a857d903c0e3b1b7a98,2026-05-11 23:33:39,input_length_1024-num_aie_columns_1-tile_size_1024-scalar_factor_3.0,5/5,0.019679076,0.02000671,0.01300656,0.02641365,0.005308388857490566,,,,,,332.44,307.1,232.6,472.4,95.67367976617184,iron/operators/axpy/test.py::test_axpy
4d4b803c99fe896d0f08aba5dcc86a8f319c18a5,2026-06-22 17:55:05,input_length_1024-num_aie_columns_1-tile_size_1024-scalar_factor_3.0,5/5,0.021955184,0.02471062,0.01078536,0.02614457,0.00643539128296252,,,,,,313.38,248.6,235.0,569.7,144.23816069265445,iron/operators/axpy/test.py::test_axpy
7e6b95b65dcb69d511057cd3d8b565db1e1227e6,2026-04-27 21:03:51,input_length_1024-num_aie_columns_2-num_channels_1-tile_size_512,30/30,0.010824948266666667,0.008846093999999999,0.002179215,0.02000733,0.004991211130297777,,,,,,496.06333333333333,463.25,204.7,1879.6,346.8249379365801,n/a
5503a9566e74d9b7c3221a857d903c0e3b1b7a98,2026-05-11 23:33:39,input_length_1024-num_aie_columns_2-num_channels_1-tile_size_512,5/5,0.0148002708,0.01677733,0.009132603,0.0210846,0.005193543131711404,,,,,,309.2,244.1,194.3,448.5,117.20938528974546,iron/operators/gelu/test.py::test_gelu
5503a9566e74d9b7c3221a857d903c0e3b1b7a98,2026-05-11 23:33:39,input_length_1024-num_aie_columns_2-num_channels_1-tile_size_512,5/5,0.013023031000000001,0.0138207,0.006732158,0.01973586,0.005178742129025832,,,,,,364.21999999999997,296.4,207.5,608.4,163.02811720681802,iron/operators/layer_norm/test.py::test_layer_norm
5503a9566e74d9b7c3221a857d903c0e3b1b7a98,2026-05-11 23:33:39,input_length_1024-num_aie_columns_2-num_channels_1-tile_size_512,5/5,0.0121601232,0.01369199,0.007264086,0.01842489,0.00475699917062755,,,,,,385.26,299.2,222.3,563.9,158.37488121542506,iron/operators/relu/test.py::test_relu
5503a9566e74d9b7c3221a857d903c0e3b1b7a98,2026-05-11 23:33:39,input_length_1024-num_aie_columns_2-num_channels_1-tile_size_512,5/5,0.0084124088,0.008522095,0.002146394,0.01482989,0.004491636099042052,,,,,,731.14,480.6,276.2,1908.3,664.7226210984549,iron/operators/sigmoid/test.py::test_sigmoid
5503a9566e74d9b7c3221a857d903c0e3b1b7a98,2026-05-11 23:33:39,input_length_1024-num_aie_columns_2-num_channels_1-tile_size_512,5/5,0.014194991,0.01396894,0.007858335,0.02221909,0.005419946270582856,,,,,,325.52000000000004,293.2,184.3,521.2,128.43993537837056,iron/operators/silu/test.py::test_silu
5503a9566e74d9b7c3221a857d903c0e3b1b7a98,2026-05-11 23:33:39,input_length_1024-num_aie_columns_2-num_channels_1-tile_size_512,5/5,0.0128171516,0.01510157,0.003718528,0.01809707,0.0056436045946223765,,,,,,443.9,271.2,226.3,1101.5,371.0576302948101,iron/operators/tanh/test.py::test_tanh
4d4b803c99fe896d0f08aba5dcc86a8f319c18a5,2026-06-22 17:55:05,input_length_1024-num_aie_columns_2-num_channels_1-tile_size_512,5/5,0.0066284752,0.008423061,0.001694709,0.01184294,0.004509059342574314,,,,,,1130.72,486.3,345.9,2416.9,977.8887779292695,iron/operators/gelu/test.py::test_gelu
4d4b803c99fe896d0f08aba5dcc86a8f319c18a5,2026-06-22 17:55:05,input_length_1024-num_aie_columns_2-num_channels_1-tile_size_512,5/5,0.0131085962,0.01391196,0.007798073,0.02007607,0.004959014124144053,,,,,,352.03999999999996,294.4,204.0,525.3,135.1157022703135,iron/operators/layer_norm/test.py::test_layer_norm
4d4b803c99fe896d0f08aba5dcc86a8f319c18a5,2026-06-22 17:55:05,input_length_1024-num_aie_columns_2-num_channels_1-tile_size_512,5/5,0.011320683599999999,0.008440627,0.005974251,0.01799103,0.005497183192931294,,,,,,435.52,485.3,227.7,685.6,195.03109239298232,iron/operators/relu/test.py::test_relu
4d4b803c99fe896d0f08aba5dcc86a8f319c18a5,2026-06-22 17:55:05,input_length_1024-num_aie_columns_2-num_channels_1-tile_size_512,5/5,0.0100703666,0.008988034,0.007614076,0.01336745,0.002614759799984656,,,,,,428.28,455.7,306.4,538.0,104.3008005721912,iron/operators/sigmoid/test.py::test_sigmoid
4d4b803c99fe896d0f08aba5dcc86a8f319c18a5,2026-06-22 17:55:05,input_length_1024-num_aie_columns_2-num_channels_1-tile_size_512,5/5,0.0102003806,0.00928272,0.006802156,0.01590402,0.0035383283061059785,,,,,,436.62,441.2,257.5,602.2,130.9518117476807,iron/operators/silu/test.py::test_silu
4d4b803c99fe896d0f08aba5dcc86a8f319c18a5,2026-06-22 17:55:05,input_length_1024-num_aie_columns_2-num_channels_1-tile_size_512,5/5,0.0098294712,0.008605313,0.00488721,0.018214,0.0049714191336761885,,,,,,495.9,476.0,224.9,838.1,219.52363198526032,iron/operators/tanh/test.py::test_tanh
7e6b95b65dcb69d511057cd3d8b565db1e1227e6,2026-04-27 21:03:51,input_length_1024-num_aie_columns_2-num_channels_1-tile_size_512-group_size_32,5/5,0.0076700772,0.008629251,0.004884396,0.009747146,0.0020960558562582964,,,,,,367.02,304.1,269.2,537.2,115.12709064334078,n/a
5503a9566e74d9b7c3221a857d903c0e3b1b7a98,2026-05-11 23:33:39,input_length_1024-num_aie_columns_2-num_channels_1-tile_size_512-group_size_32,5/5,0.008407278800000001,0.01062847,0.004777572,0.01087065,0.003156246205825078,,,,,,359.16,246.9,241.4,549.2,156.81537871012523,iron/operators/dequant/test.py::test_dequant
4d4b803c99fe896d0f08aba5dcc86a8f319c18a5,2026-06-22 17:55:05,input_length_1024-num_aie_columns_2-num_channels_1-tile_size_512-group_size_32,5/5,0.0076304454,0.007231997,0.004908113,0.01126867,0.0025577556576585453,,,,,,375.64,362.8,232.9,534.6,121.7353399798103,iron/operators/dequant/test.py::test_dequant
7e6b95b65dcb69d511057cd3d8b565db1e1227e6,2026-04-27 21:03:51,input_length_1024-num_aie_columns_2-num_channels_1-tile_size_512-weighted_False,5/5,0.0130112328,0.01441827,0.008799594,0.01678076,0.003319045828598815,,,,,,333.66,284.1,244.1,465.5,93.40068522232585,n/a
5503a9566e74d9b7c3221a857d903c0e3b1b7a98,2026-05-11 23:33:39,input_length_1024-num_aie_columns_2-num_channels_1-tile_size_512-weighted_False,5/5,0.0116473672,0.00981327,0.006853819,0.01770906,0.004546845221072265,,,,,,396.66,417.4,231.3,597.6,148.5633804138826,iron/operators/rms_norm/test.py::test_rms_norm
4d4b803c99fe896d0f08aba5dcc86a8f319c18a5,2026-06-22 17:55:05,input_length_1024-num_aie_columns_2-num_channels_1-tile_size_512-weighted_False,5/5,0.0110884608,0.01407139,0.002134649,0.01699775,0.006145638422630369,,,,,,655.66,291.1,241.0,1918.8,716.7534569152771,iron/operators/rms_norm/test.py::test_rms_norm
7e6b95b65dcb69d511057cd3d8b565db1e1227e6,2026-04-27 21:03:51,input_length_1024-num_aie_columns_2-num_channels_1-tile_size_512-weighted_True,5/5,0.0087971426,0.00892798,0.006393798,0.01177585,0.002001694829250153,,,,,,606.26,573.5,434.8,800.8,136.19509168835708,n/a
5503a9566e74d9b7c3221a857d903c0e3b1b7a98,2026-05-11 23:33:39,input_length_1024-num_aie_columns_2-num_channels_1-tile_size_512-weighted_True,5/5,0.01486997,0.01065129,0.00821603,0.02447606,0.007329449412728763,,,,,,413.46,480.7,209.2,623.2,179.02733869440166,iron/operators/rms_norm/test.py::test_rms_norm
4d4b803c99fe896d0f08aba5dcc86a8f319c18a5,2026-06-22 17:55:05,input_length_1024-num_aie_columns_2-num_channels_1-tile_size_512-weighted_True,5/5,0.0152998572,0.01591322,0.008240016,0.02251955,0.005762615651971698,,,,,,381.44,321.7,227.4,621.4,160.96078093746937,iron/operators/rms_norm/test.py::test_rms_norm
7e6b95b65dcb69d511057cd3d8b565db1e1227e6,2026-04-27 21:03:51,input_length_1024-num_aie_columns_2-num_channels_2-tile_size_256,25/25,0.010649512,0.009266507,0.002021607,0.02055358,0.004476110408139657,,,,,,486.0,442.0,199.3,2026.1,349.6487427881492,n/a
5503a9566e74d9b7c3221a857d903c0e3b1b7a98,2026-05-11 23:33:39,input_length_1024-num_aie_columns_2-num_channels_2-tile_size_256,5/5,0.0111736938,0.00889495,0.006499276,0.01744077,0.005140443901730492,,,,,,432.02,460.5,234.9,630.2,180.78934426563973,iron/operators/gelu/test.py::test_gelu
5503a9566e74d9b7c3221a857d903c0e3b1b7a98,2026-05-11 23:33:39,input_length_1024-num_aie_columns_2-num_channels_2-tile_size_256,5/5,0.0107705106,0.008956941,0.00739521,0.01502116,0.0033723296833117907,,,,,,410.02,457.3,272.7,553.9,119.92029436254732,iron/operators/layer_norm/test.py::test_layer_norm
5503a9566e74d9b7c3221a857d903c0e3b1b7a98,2026-05-11 23:33:39,input_length_1024-num_aie_columns_2-num_channels_2-tile_size_256,5/5,0.011755256,0.008478786,0.007603179,0.01785356,0.005250049284525385,,,,,,404.20000000000005,483.1,229.4,538.7,156.5826139774145,iron/operators/relu/test.py::test_relu
5503a9566e74d9b7c3221a857d903c0e3b1b7a98,2026-05-11 23:33:39,input_length_1024-num_aie_columns_2-num_channels_2-tile_size_256,5/5,0.013566617999999999,0.01360775,0.01035931,0.01628091,0.0022249876137003547,,,,,,309.03999999999996,301.0,251.6,395.4,54.7705486552764,iron/operators/sigmoid/test.py::test_sigmoid
5503a9566e74d9b7c3221a857d903c0e3b1b7a98,2026-05-11 23:33:39,input_length_1024-num_aie_columns_2-num_channels_2-tile_size_256,5/5,0.0100620296,0.009272213,0.007031096,0.01475494,0.0031556448692107767,,,,,,437.90000000000003,441.8,277.6,582.6,125.39920254929854,iron/operators/tanh/test.py::test_tanh
4d4b803c99fe896d0f08aba5dcc86a8f319c18a5,2026-06-22 17:55:05,input_length_1024-num_aie_columns_2-num_channels_2-tile_size_256,5/5,0.009970329,0.00898902,0.006761877,0.0136582,0.0033083770890282443,,,,,,448.4,455.7,299.9,605.7,143.04967668610792,iron/operators/gelu/test.py::test_gelu
4d4b803c99fe896d0f08aba5dcc86a8f319c18a5,2026-06-22 17:55:05,input_length_1024-num_aie_columns_2-num_channels_2-tile_size_256,5/5,0.008360943400000001,0.007556512,0.00664537,0.01118792,0.0019447964701384051,,,,,,509.84,542.0,366.1,616.4,108.04176507258661,iron/operators/layer_norm/test.py::test_layer_norm
4d4b803c99fe896d0f08aba5dcc86a8f319c18a5,2026-06-22 17:55:05,input_length_1024-num_aie_columns_2-num_channels_2-tile_size_256,5/5,0.0098382204,0.008693511,0.00701251,0.01745422,0.004349954474353186,,,,,,465.21999999999997,471.2,234.7,584.1,141.57502251456646,iron/operators/relu/test.py::test_relu
4d4b803c99fe896d0f08aba5dcc86a8f319c18a5,2026-06-22 17:55:05,input_length_1024-num_aie_columns_2-num_channels_2-tile_size_256,5/5,0.0119217082,0.01377089,0.006231496,0.01718712,0.005208697034897614,,,,,,415.76,297.4,238.3,657.3,208.5593752388034,iron/operators/sigmoid/test.py::test_sigmoid
4d4b803c99fe896d0f08aba5dcc86a8f319c18a5,2026-06-22 17:55:05,input_length_1024-num_aie_columns_2-num_channels_2-tile_size_256,5/5,0.006429161,0.00670619,0.004025462,0.008467358,0.0016061022417903537,,,,,,676.42,610.8,483.7,1017.5,202.5752625569075,iron/operators/tanh/test.py::test_tanh
7e6b95b65dcb69d511057cd3d8b565db1e1227e6,2026-04-27 21:03:51,input_length_1024-num_aie_columns_2-num_channels_2-tile_size_256-group_size_32,5/5,0.006520659,0.005707388,0.003871034,0.008952209,0.002198750822270227,,,,,,443.6,459.8,293.1,677.9,157.41454824761271,n/a
5503a9566e74d9b7c3221a857d903c0e3b1b7a98,2026-05-11 23:33:39,input_length_1024-num_aie_columns_2-num_channels_2-tile_size_256-group_size_32,5/5,0.008804788000000001,0.008668992,0.004097548,0.01443019,0.00437816045737956,,,,,,373.36,302.7,181.8,640.4,198.0199813150178,iron/operators/dequant/test.py::test_dequant
4d4b803c99fe896d0f08aba5dcc86a8f319c18a5,2026-06-22 17:55:05,input_length_1024-num_aie_columns_2-num_channels_2-tile_size_256-group_size_32,5/5,0.0082202948,0.00934413,0.005344272,0.01085217,0.0025254388929501345,,,,,,348.02,280.8,241.8,491.0,117.8819833562364,iron/operators/dequant/test.py::test_dequant
7e6b95b65dcb69d511057cd3d8b565db1e1227e6,2026-04-27 21:03:51,input_length_1024-num_aie_columns_2-num_channels_2-tile_size_256-weighted_False,5/5,0.0100216668,0.00885124,0.001907148,0.01654107,0.005656064785802687,,,,,,723.7199999999999,462.8,247.6,2147.7,802.257787123316,n/a
5503a9566e74d9b7c3221a857d903c0e3b1b7a98,2026-05-11 23:33:39,input_length_1024-num_aie_columns_2-num_channels_2-tile_size_256-weighted_False,5/5,0.0110822154,0.01368929,0.003875533,0.01545555,0.004996243524309018,,,,,,484.62,299.2,265.0,1056.9,336.259538154682,iron/operators/rms_norm/test.py::test_rms_norm
4d4b803c99fe896d0f08aba5dcc86a8f319c18a5,2026-06-22 17:55:05,input_length_1024-num_aie_columns_2-num_channels_2-tile_size_256-weighted_False,5/5,0.010675231,0.008669902,0.006493486,0.02164276,0.006229160417201102,,,,,,459.15999999999997,472.4,189.3,630.8,168.3412100467381,iron/operators/rms_norm/test.py::test_rms_norm
7e6b95b65dcb69d511057cd3d8b565db1e1227e6,2026-04-27 21:03:51,input_length_1024-num_aie_columns_2-num_channels_2-tile_size_256-weighted_True,5/5,0.0120629832,0.009062357,0.007291151,0.02237795,0.006109853564593484,,,,,,446.08,508.5,205.9,632.0,165.42878225991993,n/a
5503a9566e74d9b7c3221a857d903c0e3b1b7a98,2026-05-11 23:33:39,input_length_1024-num_aie_columns_2-num_channels_2-tile_size_256-weighted_True,5/5,0.01469154,0.0157022,0.00850423,0.0213001,0.005260088847410279,,,,,,351.86,293.5,216.3,541.8,136.89551855338433,iron/operators/rms_norm/test.py::test_rms_norm
4d4b803c99fe896d0f08aba5dcc86a8f319c18a5,2026-06-22 17:55:05,input_length_1024-num_aie_columns_2-num_channels_2-tile_size_256-weighted_True,5/5,0.0101922622,0.009509639,0.008242834,0.01465458,0.0025826679436976993,,,,,,471.24,484.6,314.4,559.0,95.42768466226141,iron/operators/rms_norm/test.py::test_rms_norm
7e6b95b65dcb69d511057cd3d8b565db1e1227e6,2026-04-27 21:03:51,input_length_1024-num_aie_columns_2-tile_size_512,10/10,0.018746622,0.017832675,0.0110622,0.03059182,0.006791387774878808,,,,,,368.54,353.1,200.8,555.4,129.0026029022498,n/a
5503a9566e74d9b7c3221a857d903c0e3b1b7a98,2026-05-11 23:33:39,input_length_1024-num_aie_columns_2-tile_size_512,5/5,0.013903812,0.01425191,0.01132662,0.01732378,0.0024626646636255614,,,,,,452.98,431.1,354.7,542.4,78.91727947667735,iron/operators/elementwise_add/test.py::test_elementwise_add
5503a9566e74d9b7c3221a857d903c0e3b1b7a98,2026-05-11 23:33:39,input_length_1024-num_aie_columns_2-tile_size_512,5/5,0.014216462000000001,0.01495462,0.01063112,0.01855341,0.00331828437785552,,,,,,451.96,410.8,331.2,577.9,107.03552214101636,iron/operators/elementwise_mul/test.py::test_elementwise_mul
4d4b803c99fe896d0f08aba5dcc86a8f319c18a5,2026-06-22 17:55:05,input_length_1024-num_aie_columns_2-tile_size_512,5/5,0.018124538,0.01413236,0.01002297,0.02863348,0.00786615506140198,,,,,,393.03999999999996,434.7,214.6,613.0,161.3531623489295,iron/operators/elementwise_add/test.py::test_elementwise_add
4d4b803c99fe896d0f08aba5dcc86a8f319c18a5,2026-06-22 17:55:05,input_length_1024-num_aie_columns_2-tile_size_512,5/5,0.02635874,0.02571357,0.02139499,0.03209025,0.003918019970495301,,,,,,237.22,238.9,191.5,287.2,34.946058432962076,iron/operators/elementwise_mul/test.py::test_elementwise_mul
7e6b95b65dcb69d511057cd3d8b565db1e1227e6,2026-04-27 21:03:51,input_length_1024-num_aie_columns_2-tile_size_512-scalar_factor_10.0,5/5,0.016893118,0.01867596,0.01057025,0.02076826,0.0045140667606682556,,,,,,389.68,329.0,295.8,581.3,123.1174114412742,n/a
5503a9566e74d9b7c3221a857d903c0e3b1b7a98,2026-05-11 23:33:39,input_length_1024-num_aie_columns_2-tile_size_512-scalar_factor_10.0,5/5,0.0175997274,0.021008,0.007375697,0.02797661,0.008455313509593467,,,,,,443.88,292.5,219.6,833.0,258.51749844062783,iron/operators/axpy/test.py::test_axpy
4d4b803c99fe896d0f08aba5dcc86a8f319c18a5,2026-06-22 17:55:05,input_length_1024-num_aie_columns_2-tile_size_512-scalar_factor_10.0,5/5,0.021733702,0.02079645,0.01245245,0.03301983,0.007885239073076351,,,,,,315.44,295.4,186.1,493.4,118.34066503108725,iron/operators/axpy/test.py::test_axpy
7e6b95b65dcb69d511057cd3d8b565db1e1227e6,2026-04-27 21:03:51,input_length_1024-num_aie_columns_2-tile_size_512-scalar_factor_3.0,5/5,0.019748622,0.02077388,0.01247037,0.02606659,0.005276665245765549,,,,,,332.34,295.8,235.7,492.7,101.63573682519353,n/a
5503a9566e74d9b7c3221a857d903c0e3b1b7a98,2026-05-11 23:33:39,input_length_1024-num_aie_columns_2-tile_size_512-scalar_factor_3.0,5/5,0.018118198000000002,0.01591314,0.01203764,0.02709879,0.00682474997061211,,,,,,378.42,386.1,226.7,510.4,132.58298156249165,iron/operators/axpy/test.py::test_axpy
4d4b803c99fe896d0f08aba5dcc86a8f319c18a5,2026-06-22 17:55:05,input_length_1024-num_aie_columns_2-tile_size_512-scalar_factor_3.0,5/5,0.018341738,0.02458879,0.00289496,0.02944461,0.011276270884972123,,,,,,687.5,249.9,208.7,2122.3,818.2280855604995,iron/operators/axpy/test.py::test_axpy
7e6b95b65dcb69d511057cd3d8b565db1e1227e6,2026-04-27 21:03:51,input_length_1024-num_aie_columns_4-num_channels_1-tile_size_256,30/30,0.0103159452,0.007782341999999999,0.002162674,0.01875621,0.004821263871772632,,,,,,516.3133333333333,526.3,218.4,1894.0,335.83005732408594,n/a
5503a9566e74d9b7c3221a857d903c0e3b1b7a98,2026-05-11 23:33:39,input_length_1024-num_aie_columns_4-num_channels_1-tile_size_256,5/5,0.0116271018,0.009972197,0.009040506,0.01576427,0.002967283683929833,,,,,,369.6,410.7,259.8,453.1,85.40102458401772,iron/operators/gelu/test.py::test_gelu
5503a9566e74d9b7c3221a857d903c0e3b1b7a98,2026-05-11 23:33:39,input_length_1024-num_aie_columns_4-num_channels_1-tile_size_256,5/5,0.0117000322,0.01177472,0.00753243,0.01648044,0.004068487871163462,,,,,,388.32,347.9,248.5,543.8,139.39071705102887,iron/operators/layer_norm/test.py::test_layer_norm
5503a9566e74d9b7c3221a857d903c0e3b1b7a98,2026-05-11 23:33:39,input_length_1024-num_aie_columns_4-num_channels_1-tile_size_256,5/5,0.0097753356,0.007704186,0.006352436,0.01811227,0.004810050728403891,,,,,,480.96,531.7,226.1,644.8,162.75600756961322,iron/operators/relu/test.py::test_relu
5503a9566e74d9b7c3221a857d903c0e3b1b7a98,2026-05-11 23:33:39,input_length_1024-num_aie_columns_4-num_channels_1-tile_size_256,5/5,0.010308513200000001,0.008869487,0.007379595,0.01426532,0.0032825969687222795,,,,,,429.36,461.8,287.1,555.0,126.53384132318119,iron/operators/sigmoid/test.py::test_sigmoid
5503a9566e74d9b7c3221a857d903c0e3b1b7a98,2026-05-11 23:33:39,input_length_1024-num_aie_columns_4-num_channels_1-tile_size_256,5/5,0.0100584148,0.008331401,0.006910817,0.01643343,0.0038455433803602705,,,,,,447.40000000000003,491.6,249.2,592.7,135.06659468573272,iron/operators/silu/test.py::test_silu
5503a9566e74d9b7c3221a857d903c0e3b1b7a98,2026-05-11 23:33:39,input_length_1024-num_aie_columns_4-num_channels_1-tile_size_256,5/5,0.0097304888,0.0092973,0.007760618,0.01289238,0.002076669565880234,,,,,,435.38,440.6,317.7,527.8,85.41760357209746,iron/operators/tanh/test.py::test_tanh
4d4b803c99fe896d0f08aba5dcc86a8f319c18a5,2026-06-22 17:55:05,input_length_1024-num_aie_columns_4-num_channels_1-tile_size_256,5/5,0.0138627052,0.01556444,0.009191936,0.01727643,0.0037236472670307,,,,,,315.74,263.2,237.1,445.6,94.91271253104087,iron/operators/gelu/test.py::test_gelu
4d4b803c99fe896d0f08aba5dcc86a8f319c18a5,2026-06-22 17:55:05,input_length_1024-num_aie_columns_4-num_channels_1-tile_size_256,5/5,0.0111390554,0.009272423,0.006227792,0.02277099,0.006777880964122401,,,,,,455.88,441.7,179.9,657.7,194.222454932482,iron/operators/layer_norm/test.py::test_layer_norm
4d4b803c99fe896d0f08aba5dcc86a8f319c18a5,2026-06-22 17:55:05,input_length_1024-num_aie_columns_4-num_channels_1-tile_size_256,5/5,0.0129328674,0.01315582,0.006992613,0.01803555,0.004554120670621037,,,,,,356.64,311.3,227.1,585.8,146.69331273101713,iron/operators/relu/test.py::test_relu
4d4b803c99fe896d0f08aba5dcc86a8f319c18a5,2026-06-22 17:55:05,input_length_1024-num_aie_columns_4-num_channels_1-tile_size_256,5/5,0.010069199,0.01146369,0.003896733,0.01452791,0.003992789319918095,,,,,,501.2,357.3,281.9,1051.1,314.108723215386,iron/operators/sigmoid/test.py::test_sigmoid
4d4b803c99fe896d0f08aba5dcc86a8f319c18a5,2026-06-22 17:55:05,input_length_1024-num_aie_columns_4-num_channels_1-tile_size_256,5/5,0.0101182972,0.01111916,0.00495954,0.0162311,0.004353390233507582,,,,,,478.68,368.4,252.4,825.9,227.97900561235897,iron/operators/silu/test.py::test_silu
4d4b803c99fe896d0f08aba5dcc86a8f319c18a5,2026-06-22 17:55:05,input_length_1024-num_aie_columns_4-num_channels_1-tile_size_256,5/5,0.0104660236,0.00905834,0.007510015,0.01586515,0.003580537302756711,,,,,,425.41999999999996,452.2,258.2,545.4,126.64265474159959,iron/operators/tanh/test.py::test_tanh
7e6b95b65dcb69d511057cd3d8b565db1e1227e6,2026-04-27 21:03:51,input_length_1024-num_aie_columns_4-num_channels_1-tile_size_256-group_size_32,5/5,0.0063328096,0.00607769,0.005239596,0.008523659,0.0013154184666357316,,,,,,426.92,431.7,307.8,500.8,76.46042767340501,n/a
5503a9566e74d9b7c3221a857d903c0e3b1b7a98,2026-05-11 23:33:39,input_length_1024-num_aie_columns_4-num_channels_1-tile_size_256-group_size_32,5/5,0.007659487,0.006026531,0.005566563,0.01053101,0.0026070362690767267,,,,,,373.53999999999996,435.4,249.2,471.4,113.81277608423406,iron/operators/dequant/test.py::test_dequant
4d4b803c99fe896d0f08aba5dcc86a8f319c18a5,2026-06-22 17:55:05,input_length_1024-num_aie_columns_4-num_channels_1-tile_size_256-group_size_32,5/5,0.0064025918,0.005606957,0.0046684,0.01138627,0.002823451129437023,,,,,,456.44,468.0,230.5,562.1,134.30021593430146,iron/operators/dequant/test.py::test_dequant
7e6b95b65dcb69d511057cd3d8b565db1e1227e6,2026-04-27 21:03:51,input_length_1024-num_aie_columns_4-num_channels_1-tile_size_256-weighted_False,5/5,0.009654926,0.008781069,0.006970906,0.0126451,0.002242553648635969,,,,,,443.04,466.5,323.9,587.6,102.76785976169788,n/a
5503a9566e74d9b7c3221a857d903c0e3b1b7a98,2026-05-11 23:33:39,input_length_1024-num_aie_columns_4-num_channels_1-tile_size_256-weighted_False,5/5,0.0106476526,0.009053114,0.007657134,0.01787553,0.004229760329100905,,,,,,423.46,452.4,229.1,534.9,125.11372027080003,iron/operators/rms_norm/test.py::test_rms_norm
4d4b803c99fe896d0f08aba5dcc86a8f319c18a5,2026-06-22 17:55:05,input_length_1024-num_aie_columns_4-num_channels_1-tile_size_256-weighted_False,5/5,0.0071793942,0.007107619,0.003643794,0.01051572,0.002533922839088771,,,,,,646.26,576.3,389.5,1124.1,284.077573912479,iron/operators/rms_norm/test.py::test_rms_norm
7e6b95b65dcb69d511057cd3d8b565db1e1227e6,2026-04-27 21:03:51,input_length_1024-num_aie_columns_4-num_channels_1-tile_size_256-weighted_True,5/5,0.0109508246,0.009089421,0.007638941,0.01905747,0.004611145141059246,,,,,,465.40000000000003,507.0,241.8,603.2,135.34437557578815,n/a
5503a9566e74d9b7c3221a857d903c0e3b1b7a98,2026-05-11 23:33:39,input_length_1024-num_aie_columns_4-num_channels_1-tile_size_256-weighted_True,5/5,0.0143330468,0.0146958,0.008243144,0.01906772,0.003965486392672556,,,,,,347.94,313.6,241.7,559.0,123.2135260432068,iron/operators/rms_norm/test.py::test_rms_norm
4d4b803c99fe896d0f08aba5dcc86a8f319c18a5,2026-06-22 17:55:05,input_length_1024-num_aie_columns_4-num_channels_1-tile_size_256-weighted_True,5/5,0.0099199334,0.008129206,0.007486633,0.01716361,0.0040850607369284355,,,,,,510.26,566.8,268.5,615.5,140.05389319829706,iron/operators/rms_norm/test.py::test_rms_norm
7e6b95b65dcb69d511057cd3d8b565db1e1227e6,2026-04-27 21:03:51,input_length_1024-num_aie_columns_4-num_channels_2-tile_size_128,25/25,0.00947430856,0.008493925,0.001683631,0.01907832,0.0038444552884103977,,,,,,554.336,482.2,214.7,2432.8,434.5408897905927,n/a
5503a9566e74d9b7c3221a857d903c0e3b1b7a98,2026-05-11 23:33:39,input_length_1024-num_aie_columns_4-num_channels_2-tile_size_128,5/5,0.0142305626,0.01555669,0.009598283,0.01886349,0.004012128401964324,,,,,,308.68,263.3,217.1,426.7,93.41831726165913,iron/operators/gelu/test.py::test_gelu
5503a9566e74d9b7c3221a857d903c0e3b1b7a98,2026-05-11 23:33:39,input_length_1024-num_aie_columns_4-num_channels_2-tile_size_128,5/5,0.0101144408,0.008934024,0.007379077,0.01334389,0.002634390872081761,,,,,,426.92,458.5,307.0,555.1,106.12757417372735,iron/operators/layer_norm/test.py::test_layer_norm
5503a9566e74d9b7c3221a857d903c0e3b1b7a98,2026-05-11 23:33:39,input_length_1024-num_aie_columns_4-num_channels_2-tile_size_128,5/5,0.009307423,0.008590856,0.007148504,0.01282204,0.002141265463250178,,,,,,456.82,476.8,319.4,573.0,92.67638318363531,iron/operators/relu/test.py::test_relu
5503a9566e74d9b7c3221a857d903c0e3b1b7a98,2026-05-11 23:33:39,input_length_1024-num_aie_columns_4-num_channels_2-tile_size_128,5/5,0.0079071374,0.008395903,0.001638466,0.01352757,0.00425885007742158,,,,,,865.5600000000001,487.9,302.8,2499.9,918.8468223811846,iron/operators/sigmoid/test.py::test_sigmoid
5503a9566e74d9b7c3221a857d903c0e3b1b7a98,2026-05-11 23:33:39,input_length_1024-num_aie_columns_4-num_channels_2-tile_size_128,5/5,0.0118238166,0.008578226,0.007747539,0.02243105,0.006198840212710423,,,,,,405.68,477.5,182.6,528.7,145.89760793104185,iron/operators/tanh/test.py::test_tanh
4d4b803c99fe896d0f08aba5dcc86a8f319c18a5,2026-06-22 17:55:05,input_length_1024-num_aie_columns_4-num_channels_2-tile_size_128,5/5,0.0109518172,0.01264709,0.003945096,0.01505318,0.004376077792259776,,,,,,472.48,323.9,272.1,1038.3,321.2925800574921,iron/operators/gelu/test.py::test_gelu
4d4b803c99fe896d0f08aba5dcc86a8f319c18a5,2026-06-22 17:55:05,input_length_1024-num_aie_columns_4-num_channels_2-tile_size_128,5/5,0.0082794744,0.007927967,0.003328744,0.01598801,0.0047031593438865435,,,,,,635.8,516.7,256.2,1230.5,363.0077753988198,iron/operators/layer_norm/test.py::test_layer_norm
4d4b803c99fe896d0f08aba5dcc86a8f319c18a5,2026-06-22 17:55:05,input_length_1024-num_aie_columns_4-num_channels_2-tile_size_128,5/5,0.0093377318,0.008537389,0.007734928,0.01270168,0.0019890397351095576,,,,,,452.32,479.8,322.5,529.5,80.9222589897242,iron/operators/relu/test.py::test_relu
4d4b803c99fe896d0f08aba5dcc86a8f319c18a5,2026-06-22 17:55:05,input_length_1024-num_aie_columns_4-num_channels_2-tile_size_128,5/5,0.0116175864,0.01120234,0.005913077,0.01849911,0.0051786177944609215,,,,,,419.14000000000004,365.6,221.4,692.7,195.27889798951654,iron/operators/sigmoid/test.py::test_sigmoid
4d4b803c99fe896d0f08aba5dcc86a8f319c18a5,2026-06-22 17:55:05,input_length_1024-num_aie_columns_4-num_channels_2-tile_size_128,5/5,0.0085286158,0.008568697,0.007082241,0.01015422,0.001132292383572238,,,,,,487.03999999999996,478.0,403.4,578.3,64.50157362421477,iron/operators/tanh/test.py::test_tanh
7e6b95b65dcb69d511057cd3d8b565db1e1227e6,2026-04-27 21:03:51,input_length_1024-num_aie_columns_4-num_channels_2-tile_size_128-group_size_32,5/5,0.0077885798,0.007002655,0.006798879,0.009263149,0.0012206723899200803,,,,,,343.28,374.7,283.3,385.9,50.8570742375139,n/a
5503a9566e74d9b7c3221a857d903c0e3b1b7a98,2026-05-11 23:33:39,input_length_1024-num_aie_columns_4-num_channels_2-tile_size_128-group_size_32,5/5,0.0066790784,0.007724281,0.003423259,0.009330806,0.002456234400364265,,,,,,451.03999999999996,339.7,281.2,766.5,203.3010649258877,iron/operators/dequant/test.py::test_dequant
4d4b803c99fe896d0f08aba5dcc86a8f319c18a5,2026-06-22 17:55:05,input_length_1024-num_aie_columns_4-num_channels_2-tile_size_128-group_size_32,5/5,0.0067473982,0.00611675,0.004528049,0.01018776,0.002262435220000608,,,,,,422.26,429.0,257.6,579.5,127.83173706087231,iron/operators/dequant/test.py::test_dequant
7e6b95b65dcb69d511057cd3d8b565db1e1227e6,2026-04-27 21:03:51,input_length_1024-num_aie_columns_4-num_channels_2-tile_size_128-weighted_False,5/5,0.0099148326,0.008362068,0.006303061,0.0146908,0.00391391808539305,,,,,,466.24,489.8,278.8,649.8,170.5385381665974,n/a
5503a9566e74d9b7c3221a857d903c0e3b1b7a98,2026-05-11 23:33:39,input_length_1024-num_aie_columns_4-num_channels_2-tile_size_128-weighted_False,5/5,0.0105991018,0.009457531,0.006620087,0.01621889,0.003767815688538745,,,,,,425.28000000000003,433.1,252.5,618.7,141.6508100929889,iron/operators/rms_norm/test.py::test_rms_norm
4d4b803c99fe896d0f08aba5dcc86a8f319c18a5,2026-06-22 17:55:05,input_length_1024-num_aie_columns_4-num_channels_2-tile_size_128-weighted_False,5/5,0.0100093984,0.007879075,0.006213686,0.01494045,0.0038011070337031156,,,,,,457.18,519.9,274.2,659.2,160.9502314381685,iron/operators/rms_norm/test.py::test_rms_norm
7e6b95b65dcb69d511057cd3d8b565db1e1227e6,2026-04-27 21:03:51,input_length_1024-num_aie_columns_4-tile_size_256,10/10,0.019654615,0.021069135,0.0106265,0.02875166,0.005999625899432304,,,,,,346.46,291.79999999999995,213.7,578.2,126.88065433486875,n/a
5503a9566e74d9b7c3221a857d903c0e3b1b7a98,2026-05-11 23:33:39,input_length_1024-num_aie_columns_4-tile_size_256,5/5,0.016806136,0.01370502,0.01045298,0.02972582,0.0076079181178447235,,,,,,414.76,448.3,206.7,587.8,142.21595550429635,iron/operators/elementwise_add/test.py::test_elementwise_add
5503a9566e74d9b7c3221a857d903c0e3b1b7a98,2026-05-11 23:33:39,input_length_1024-num_aie_columns_4-tile_size_256,5/5,0.013835548,0.01160702,0.01102543,0.0222223,0.0047374208584914645,,,,,,475.35999999999996,529.3,276.5,557.3,114.92218236702605,iron/operators/elementwise_mul/test.py::test_elementwise_mul
4d4b803c99fe896d0f08aba5dcc86a8f319c18a5,2026-06-22 17:55:05,input_length_1024-num_aie_columns_4-tile_size_256,5/5,0.019463126,0.02066676,0.0139238,0.02167861,0.0031792122437924774,,,,,,324.3,297.3,283.4,441.3,66.2201253396579,iron/operators/elementwise_add/test.py::test_elementwise_add
4d4b803c99fe896d0f08aba5dcc86a8f319c18a5,2026-06-22 17:55:05,input_length_1024-num_aie_columns_4-tile_size_256,5/5,0.022287458,0.02376182,0.01241463,0.03038125,0.006541361579814251,,,,,,301.3,258.6,202.2,494.9,113.31985704191476,iron/operators/elementwise_mul/test.py::test_elementwise_mul
7e6b95b65dcb69d511057cd3d8b565db1e1227e6,2026-04-27 21:03:51,input_length_1024-num_aie_columns_4-tile_size_256-scalar_factor_10.0,5/5,0.014157048,0.01315381,0.01071188,0.01855336,0.003383354849771156,,,,,,453.7,467.1,331.2,573.6,103.92263949688733,n/a
5503a9566e74d9b7c3221a857d903c0e3b1b7a98,2026-05-11 23:33:39,input_length_1024-num_aie_columns_4-tile_size_256-scalar_factor_10.0,5/5,0.014516585799999999,0.01262992,0.002492259,0.02496313,0.00903655120060431,,,,,,811.42,486.5,246.1,2465.2,934.8739631629495,iron/operators/axpy/test.py::test_axpy
4d4b803c99fe896d0f08aba5dcc86a8f319c18a5,2026-06-22 17:55:05,input_length_1024-num_aie_columns_4-tile_size_256-scalar_factor_10.0,5/5,0.0121791858,0.01034871,0.009337287,0.01912148,0.00403142023637467,,,,,,539.72,593.7,321.3,658.0,135.06756457417896,iron/operators/axpy/test.py::test_axpy
7e6b95b65dcb69d511057cd3d8b565db1e1227e6,2026-04-27 21:03:51,input_length_1024-num_aie_columns_4-tile_size_256-scalar_factor_3.0,5/5,0.019197678,0.0197229,0.01240255,0.0292396,0.007054981213863719,,,,,,356.8,311.5,210.1,495.4,128.58158888425666,n/a
5503a9566e74d9b7c3221a857d903c0e3b1b7a98,2026-05-11 23:33:39,input_length_1024-num_aie_columns_4-tile_size_256-scalar_factor_3.0,5/5,0.019767116,0.02196121,0.01076605,0.02526139,0.006207300285758697,,,,,,344.7,279.8,243.2,570.7,138.03155436348604,iron/operators/axpy/test.py::test_axpy
4d4b803c99fe896d0f08aba5dcc86a8f319c18a5,2026-06-22 17:55:05,input_length_1024-num_aie_columns_4-tile_size_256-scalar_factor_3.0,5/5,0.01642622,0.01215647,0.01184557,0.02375907,0.0060810121295965195,,,,,,413.86,505.4,258.6,518.7,134.63048688911437,iron/operators/axpy/test.py::test_axpy
7e6b95b65dcb69d511057cd3d8b565db1e1227e6,2026-04-27 21:03:51,input_length_1024-num_cores_1-num_channels_1-bypass_False-tile_size_1024,5/5,0.0122107144,0.01298734,0.007203417,0.01839419,0.004248234473933766,,,,,,370.96,315.4,222.7,568.6,133.43276584107818,n/a
5503a9566e74d9b7c3221a857d903c0e3b1b7a98,2026-05-11 23:33:39,input_length_1024-num_cores_1-num_channels_1-bypass_False-tile_size_1024,5/5,0.011732183,0.01110617,0.007860145,0.01561315,0.0030856246256746782,,,,,,370.1,368.8,262.3,521.1,101.9339737280952,iron/operators/mem_copy/test.py::test_mem_copy
4d4b803c99fe896d0f08aba5dcc86a8f319c18a5,2026-06-22 17:55:05,input_length_1024-num_cores_1-num_channels_1-bypass_False-tile_size_1024,5/5,0.0105486812,0.008709446,0.007900701,0.01477735,0.0030314579650570286,,,,,,412.52,470.3,277.2,518.4,106.0808983747781,iron/operators/mem_copy/test.py::test_mem_copy
7e6b95b65dcb69d511057cd3d8b565db1e1227e6,2026-04-27 21:03:51,input_length_1024-num_cores_1-num_channels_1-bypass_True-tile_size_1024,5/5,0.009835429,0.008174637,0.007687789,0.01567001,0.003332282173782632,,,,,,445.9,501.1,261.4,532.8,109.77508824865504,n/a
5503a9566e74d9b7c3221a857d903c0e3b1b7a98,2026-05-11 23:33:39,input_length_1024-num_cores_1-num_channels_1-bypass_True-tile_size_1024,5/5,0.0105751042,0.008233067,0.005922927,0.01851843,0.00526753705984872,,,,,,462.2,497.5,221.2,691.5,195.30033282101698,iron/operators/mem_copy/test.py::test_mem_copy
4d4b803c99fe896d0f08aba5dcc86a8f319c18a5,2026-06-22 17:55:05,input_length_1024-num_cores_1-num_channels_1-bypass_True-tile_size_1024,5/5,0.016195504,0.01523152,0.01081073,0.02085869,0.004178849530334874,,,,,,267.86,268.9,196.4,378.9,73.82223919659982,iron/operators/mem_copy/test.py::test_mem_copy
7e6b95b65dcb69d511057cd3d8b565db1e1227e6,2026-04-27 21:03:51,input_length_1024-num_cores_2-num_channels_1-bypass_False-tile_size_512,5/5,0.011968837999999999,0.01115833,0.007452774,0.01772048,0.0039947041306732595,,,,,,373.94,367.1,231.1,549.6,123.17578089868155,n/a
5503a9566e74d9b7c3221a857d903c0e3b1b7a98,2026-05-11 23:33:39,input_length_1024-num_cores_2-num_channels_1-bypass_False-tile_size_512,5/5,0.0106571266,0.009184515,0.007399232,0.01649106,0.003516116130905917,,,,,,413.36,446.0,248.4,553.6,113.25311474745408,iron/operators/mem_copy/test.py::test_mem_copy
4d4b803c99fe896d0f08aba5dcc86a8f319c18a5,2026-06-22 17:55:05,input_length_1024-num_cores_2-num_channels_1-bypass_False-tile_size_512,5/5,0.012550278,0.009718528,0.008801126,0.01858321,0.004603992202840269,,,,,,360.26,421.5,220.4,465.4,116.06684711837397,iron/operators/mem_copy/test.py::test_mem_copy
7e6b95b65dcb69d511057cd3d8b565db1e1227e6,2026-04-27 21:03:51,input_length_1024-num_cores_2-num_channels_1-bypass_True-tile_size_512,5/5,0.0127921512,0.01383517,0.006231686,0.01560779,0.0037866843404153984,,,,,,359.48,296.1,262.4,657.3,167.53474863442506,n/a
5503a9566e74d9b7c3221a857d903c0e3b1b7a98,2026-05-11 23:33:39,input_length_1024-num_cores_2-num_channels_1-bypass_True-tile_size_512,5/5,0.015427271999999999,0.01564183,0.01251123,0.01858068,0.0021892848755746697,,,,,,269.86,261.9,220.4,327.4,38.733099540315635,iron/operators/mem_copy/test.py::test_mem_copy
4d4b803c99fe896d0f08aba5dcc86a8f319c18a5,2026-06-22 17:55:05,input_length_1024-num_cores_2-num_channels_1-bypass_True-tile_size_512,5/5,0.0153948898,0.01647176,0.008100609,0.02193882,0.005292426055335133,,,,,,299.32,248.7,186.7,505.6,126.1384437830117,iron/operators/mem_copy/test.py::test_mem_copy
7e6b95b65dcb69d511057cd3d8b565db1e1227e6,2026-04-27 21:03:51,input_length_1024-num_cores_2-num_channels_2-bypass_False-tile_size_512,5/5,0.0100843636,0.009101676,0.005069056,0.01454861,0.004063839057082699,,,,,,472.02,450.0,281.5,808.0,214.59032364018654,n/a
5503a9566e74d9b7c3221a857d903c0e3b1b7a98,2026-05-11 23:33:39,input_length_1024-num_cores_2-num_channels_2-bypass_False-tile_size_512,5/5,0.0128394454,0.01394801,0.006297547,0.01677801,0.0042458325681514805,,,,,,362.08,293.7,244.1,650.4,168.02345669578398,iron/operators/mem_copy/test.py::test_mem_copy
4d4b803c99fe896d0f08aba5dcc86a8f319c18a5,2026-06-22 17:55:05,input_length_1024-num_cores_2-num_channels_2-bypass_False-tile_size_512,5/5,0.012534843,0.01398239,0.006417045,0.01781629,0.004315291205917626,,,,,,369.34,292.9,229.9,638.3,161.5880657721974,iron/operators/mem_copy/test.py::test_mem_copy
7e6b95b65dcb69d511057cd3d8b565db1e1227e6,2026-04-27 21:03:51,input_length_1024-num_cores_2-num_channels_2-bypass_True-tile_size_512,5/5,0.0130969678,0.01402115,0.007001829,0.01785053,0.003928562114920572,,,,,,344.82,292.1,229.5,585.0,138.67925944422979,n/a
5503a9566e74d9b7c3221a857d903c0e3b1b7a98,2026-05-11 23:33:39,input_length_1024-num_cores_2-num_channels_2-bypass_True-tile_size_512,5/5,0.01550535,0.01545905,0.01302546,0.01774974,0.0019125532245142876,,,,,,267.5,265.0,230.8,314.5,33.76595918969281,iron/operators/mem_copy/test.py::test_mem_copy
4d4b803c99fe896d0f08aba5dcc86a8f319c18a5,2026-06-22 17:55:05,input_length_1024-num_cores_2-num_channels_2-bypass_True-tile_size_512,5/5,0.0128748596,0.01273893,0.009398828,0.01637548,0.003102934148226611,,,,,,333.78,321.5,250.1,435.8,81.91640250889928,iron/operators/mem_copy/test.py::test_mem_copy
7e6b95b65dcb69d511057cd3d8b565db1e1227e6,2026-04-27 21:03:51,input_length_1024-num_cores_4-num_channels_1-bypass_False-tile_size_256,5/5,0.0085486852,0.009155098,0.006546195,0.009356447,0.001194052579669212,,,,,,488.06,447.4,437.8,625.7,79.99817497918315,n/a
5503a9566e74d9b7c3221a857d903c0e3b1b7a98,2026-05-11 23:33:39,input_length_1024-num_cores_4-num_channels_1-bypass_False-tile_size_256,5/5,0.0120575872,0.01262211,0.008419426,0.01583203,0.003365802649716587,,,,,,363.3,324.5,258.7,486.5,106.52257976598202,iron/operators/mem_copy/test.py::test_mem_copy
4d4b803c99fe896d0f08aba5dcc86a8f319c18a5,2026-06-22 17:55:05,input_length_1024-num_cores_4-num_channels_1-bypass_False-tile_size_256,5/5,0.0110282824,0.01127868,0.007421527,0.01487896,0.00333530360091496,,,,,,401.64,363.2,275.3,551.9,126.33421151849564,iron/operators/mem_copy/test.py::test_mem_copy
7e6b95b65dcb69d511057cd3d8b565db1e1227e6,2026-04-27 21:03:51,input_length_1024-num_cores_4-num_channels_1-bypass_True-tile_size_256,5/5,0.0126979166,0.01424641,0.007197569,0.01768673,0.004734026909721237,,,,,,368.18,287.5,231.6,569.1,154.75854419061974,n/a
5503a9566e74d9b7c3221a857d903c0e3b1b7a98,2026-05-11 23:33:39,input_length_1024-num_cores_4-num_channels_1-bypass_True-tile_size_256,5/5,0.0089100086,0.007088136,0.006350949,0.01673544,0.004389375012892702,,,,,,521.52,577.9,244.8,644.9,158.0003227844804,iron/operators/mem_copy/test.py::test_mem_copy
4d4b803c99fe896d0f08aba5dcc86a8f319c18a5,2026-06-22 17:55:05,input_length_1024-num_cores_4-num_channels_1-bypass_True-tile_size_256,5/5,0.008768244599999999,0.006583738,0.006485764,0.01332431,0.0031863862345184713,,,,,,513.02,622.1,307.4,631.5,159.01844861524717,iron/operators/mem_copy/test.py::test_mem_copy
7e6b95b65dcb69d511057cd3d8b565db1e1227e6,2026-04-27 21:03:51,input_length_1024-num_cores_4-num_channels_2-bypass_False-tile_size_256,5/5,0.0113175226,0.009102101,0.006966863,0.01696741,0.004291952511893543,,,,,,404.38,450.0,241.4,587.9,143.1097550832926,n/a
5503a9566e74d9b7c3221a857d903c0e3b1b7a98,2026-05-11 23:33:39,input_length_1024-num_cores_4-num_channels_2-bypass_False-tile_size_256,5/5,0.0113196272,0.009598283,0.008159623,0.01654649,0.003619231785248729,,,,,,389.72,426.7,247.5,502.0,110.35131172759117,iron/operators/mem_copy/test.py::test_mem_copy
4d4b803c99fe896d0f08aba5dcc86a8f319c18a5,2026-06-22 17:55:05,input_length_1024-num_cores_4-num_channels_2-bypass_False-tile_size_256,5/5,0.0046365916,0.005172253,0.00222363,0.00603609,0.001627826930892317,,,,,,1016.54,791.9,678.6,1842.0,489.9704205357707,iron/operators/mem_copy/test.py::test_mem_copy
7e6b95b65dcb69d511057cd3d8b565db1e1227e6,2026-04-27 21:03:51,input_length_1024-num_cores_4-num_channels_2-bypass_True-tile_size_256,5/5,0.0084654738,0.007920302,0.001967399,0.01708225,0.00544856376218327,,,,,,782.5,517.2,239.8,2081.9,737.8511401360033,n/a
5503a9566e74d9b7c3221a857d903c0e3b1b7a98,2026-05-11 23:33:39,input_length_1024-num_cores_4-num_channels_2-bypass_True-tile_size_256,5/5,0.0093338628,0.008678021,0.006381593,0.01529654,0.0035288682764922246,,,,,,480.78,472.0,267.8,641.8,143.51812429097586,iron/operators/mem_copy/test.py::test_mem_copy
4d4b803c99fe896d0f08aba5dcc86a8f319c18a5,2026-06-22 17:55:05,input_length_1024-num_cores_4-num_channels_2-bypass_True-tile_size_256,5/5,0.0111863318,0.01184637,0.006629537,0.01490935,0.003534032500338558,,,,,,402.04,345.8,274.7,617.8,144.8076413729607,iron/operators/mem_copy/test.py::test_mem_copy
7e6b95b65dcb69d511057cd3d8b565db1e1227e6,2026-04-27 21:03:51,input_length_1024-num_cores_8-num_channels_2-bypass_False-tile_size_128,5/5,0.0119758158,0.01253961,0.008407639,0.01412969,0.002350241817232474,,,,,,354.62,326.6,289.9,487.2,81.07710527639723,n/a
5503a9566e74d9b7c3221a857d903c0e3b1b7a98,2026-05-11 23:33:39,input_length_1024-num_cores_8-num_channels_2-bypass_False-tile_size_128,5/5,0.0102930036,0.008284304,0.007255452,0.01935572,0.005088630167951371,,,,,,452.02,494.4,211.6,564.5,138.13450691264654,iron/operators/mem_copy/test.py::test_mem_copy
4d4b803c99fe896d0f08aba5dcc86a8f319c18a5,2026-06-22 17:55:05,input_length_1024-num_cores_8-num_channels_2-bypass_False-tile_size_128,5/5,0.009721569,0.01199232,0.002006172,0.01470029,0.005150439537239225,,,,,,711.94,341.6,278.6,2041.7,752.523975033354,iron/operators/mem_copy/test.py::test_mem_copy
7e6b95b65dcb69d511057cd3d8b565db1e1227e6,2026-04-27 21:03:51,input_length_1024-num_cores_8-num_channels_2-bypass_True-tile_size_128,5/5,0.0087694572,0.008776742,0.00167527,0.01325348,0.004791803958269287,,,,,,822.7,466.7,309.1,2445.0,913.9285393289783,n/a
5503a9566e74d9b7c3221a857d903c0e3b1b7a98,2026-05-11 23:33:39,input_length_1024-num_cores_8-num_channels_2-bypass_True-tile_size_128,5/5,0.0114669072,0.01203821,0.006333645,0.01877779,0.0049509212019332016,,,,,,415.44,340.2,218.1,646.7,177.0190752433195,iron/operators/mem_copy/test.py::test_mem_copy
4d4b803c99fe896d0f08aba5dcc86a8f319c18a5,2026-06-22 17:55:05,input_length_1024-num_cores_8-num_channels_2-bypass_True-tile_size_128,5/5,0.0107626046,0.009089356,0.00628485,0.01476557,0.003800129198166136,,,,,,423.06,450.6,277.4,651.7,155.2251364953499,iron/operators/mem_copy/test.py::test_mem_copy
7e6b95b65dcb69d511057cd3d8b565db1e1227e6,2026-04-27 21:03:51,input_length_2048-num_aie_columns_1-num_channels_1-tile_size_2048,30/30,0.024816645000000002,0.02438217,0.0130159,0.04767392,0.009732118467764974,,,,,,381.96,337.6,171.8,629.4,143.90117921445378,n/a
5503a9566e74d9b7c3221a857d903c0e3b1b7a98,2026-05-11 23:33:39,input_length_2048-num_aie_columns_1-num_channels_1-tile_size_2048,5/5,0.021804906,0.01953928,0.01184003,0.03597906,0.009654428593776538,,,,,,437.91999999999996,419.3,227.7,691.9,184.87536882992282,iron/operators/gelu/test.py::test_gelu
5503a9566e74d9b7c3221a857d903c0e3b1b7a98,2026-05-11 23:33:39,input_length_2048-num_aie_columns_1-num_channels_1-tile_size_2048,5/5,0.027359466000000002,0.02803463,0.021448,0.03251658,0.004146593722554696,,,,,,305.34,292.2,251.9,381.9,49.375530376898226,iron/operators/layer_norm/test.py::test_layer_norm
5503a9566e74d9b7c3221a857d903c0e3b1b7a98,2026-05-11 23:33:39,input_length_2048-num_aie_columns_1-num_channels_1-tile_size_2048,5/5,0.028898346,0.02984379,0.01582436,0.03793717,0.008171399433666795,,,,,,309.78000000000003,274.5,215.9,517.7,119.45956219574892,iron/operators/relu/test.py::test_relu
5503a9566e74d9b7c3221a857d903c0e3b1b7a98,2026-05-11 23:33:39,input_length_2048-num_aie_columns_1-num_channels_1-tile_size_2048,5/5,0.0315303,0.03414173,0.01787355,0.04080738,0.009169739459324894,,,,,,283.6,239.9,200.7,458.3,104.89547178024416,iron/operators/sigmoid/test.py::test_sigmoid
5503a9566e74d9b7c3221a857d903c0e3b1b7a98,2026-05-11 23:33:39,input_length_2048-num_aie_columns_1-num_channels_1-tile_size_2048,5/5,0.025598616,0.03071374,0.01381043,0.03327606,0.009241172742759981,,,,,,365.16,266.7,246.2,593.2,158.07492843585288,iron/operators/silu/test.py::test_silu
5503a9566e74d9b7c3221a857d903c0e3b1b7a98,2026-05-11 23:33:39,input_length_2048-num_aie_columns_1-num_channels_1-tile_size_2048,5/5,0.021534612,0.01957434,0.01569797,0.02787134,0.005610401650833032,,,,,,401.32,418.5,293.9,521.9,101.11336212390526,iron/operators/tanh/test.py::test_tanh
4d4b803c99fe896d0f08aba5dcc86a8f319c18a5,2026-06-22 17:55:05,input_length_2048-num_aie_columns_1-num_channels_1-tile_size_2048,5/5,0.02402686,0.02331107,0.01475547,0.03403647,0.009363862519665696,,,,,,388.52,351.4,240.7,555.2,155.0383726694782,iron/operators/gelu/test.py::test_gelu
4d4b803c99fe896d0f08aba5dcc86a8f319c18a5,2026-06-22 17:55:05,input_length_2048-num_aie_columns_1-num_channels_1-tile_size_2048,5/5,0.026917732,0.02639575,0.01415029,0.04206937,0.010825404667744298,,,,,,350.21999999999997,310.4,194.7,578.9,150.6961081116563,iron/operators/layer_norm/test.py::test_layer_norm
4d4b803c99fe896d0f08aba5dcc86a8f319c18a5,2026-06-22 17:55:05,input_length_2048-num_aie_columns_1-num_channels_1-tile_size_2048,5/5,0.022121118000000002,0.02043892,0.01408083,0.03059525,0.007726324796989186,,,,,,409.34,400.8,267.8,581.8,141.71520031386893,iron/operators/relu/test.py::test_relu
4d4b803c99fe896d0f08aba5dcc86a8f319c18a5,2026-06-22 17:55:05,input_length_2048-num_aie_columns_1-num_channels_1-tile_size_2048,5/5,0.019443128,0.01637709,0.01545378,0.02941863,0.005902253830052551,,,,,,446.92,500.2,278.5,530.1,106.57329402810069,iron/operators/sigmoid/test.py::test_sigmoid
4d4b803c99fe896d0f08aba5dcc86a8f319c18a5,2026-06-22 17:55:05,input_length_2048-num_aie_columns_1-num_channels_1-tile_size_2048,5/5,0.0150890538,0.01380554,0.007915159,0.02563196,0.006467887387743172,,,,,,623.42,593.4,319.6,1035.0,258.4467488671506,iron/operators/silu/test.py::test_silu
4d4b803c99fe896d0f08aba5dcc86a8f319c18a5,2026-06-22 17:55:05,input_length_2048-num_aie_columns_1-num_channels_1-tile_size_2048,5/5,0.026278402,0.02588841,0.01490392,0.04002462,0.009607849769673753,,,,,,348.88,316.4,204.7,549.7,133.3441299795383,iron/operators/tanh/test.py::test_tanh
7e6b95b65dcb69d511057cd3d8b565db1e1227e6,2026-04-27 21:03:51,input_length_2048-num_aie_columns_1-num_channels_1-tile_size_2048-group_size_32,5/5,0.0137129106,0.01217038,0.008678583,0.01945382,0.004401290113581108,,,,,,416.08,431.2,269.8,604.7,133.44139912336053,n/a
5503a9566e74d9b7c3221a857d903c0e3b1b7a98,2026-05-11 23:33:39,input_length_2048-num_aie_columns_1-num_channels_1-tile_size_2048-group_size_32,5/5,0.0149418734,0.01354574,0.009115827,0.02151366,0.005302710318426588,,,,,,389.44,387.4,243.9,575.7,137.94046904371467,iron/operators/dequant/test.py::test_dequant
4d4b803c99fe896d0f08aba5dcc86a8f319c18a5,2026-06-22 17:55:05,input_length_2048-num_aie_columns_1-num_channels_1-tile_size_2048-group_size_32,5/5,0.014502624,0.01103787,0.01025437,0.02019401,0.005189510383926406,,,,,,398.12,475.5,259.9,511.8,126.71969854762125,iron/operators/dequant/test.py::test_dequant
7e6b95b65dcb69d511057cd3d8b565db1e1227e6,2026-04-27 21:03:51,input_length_2048-num_aie_columns_1-num_channels_1-tile_size_2048-weighted_False,5/5,0.026124856,0.02770694,0.02091252,0.03007099,0.0042719479318959405,,,,,,320.8,295.7,272.4,391.7,55.388717262633925,n/a
5503a9566e74d9b7c3221a857d903c0e3b1b7a98,2026-05-11 23:33:39,input_length_2048-num_aie_columns_1-num_channels_1-tile_size_2048-weighted_False,5/5,0.020937326,0.0180563,0.01557447,0.03637914,0.008721841585400986,,,,,,430.88,453.7,225.2,526.0,120.27791567864817,iron/operators/rms_norm/test.py::test_rms_norm
4d4b803c99fe896d0f08aba5dcc86a8f319c18a5,2026-06-22 17:55:05,input_length_2048-num_aie_columns_1-num_channels_1-tile_size_2048-weighted_False,5/5,0.022358556,0.02026318,0.01468735,0.0357634,0.008057063141997214,,,,,,399.71999999999997,404.3,229.1,557.8,120.47863711048527,iron/operators/rms_norm/test.py::test_rms_norm
7e6b95b65dcb69d511057cd3d8b565db1e1227e6,2026-04-27 21:03:51,input_length_2048-num_aie_columns_1-num_channels_1-tile_size_2048-weighted_True,5/5,0.030509202,0.02510214,0.0195884,0.05372743,0.013718330065446012,,,,,,456.0,489.5,228.7,627.3,153.88677655991108,n/a
5503a9566e74d9b7c3221a857d903c0e3b1b7a98,2026-05-11 23:33:39,input_length_2048-num_aie_columns_1-num_channels_1-tile_size_2048-weighted_True,5/5,0.038780364,0.03945594,0.02603241,0.05456653,0.012107912930302233,,,,,,343.53999999999996,311.4,225.2,472.0,108.64735615743257,iron/operators/rms_norm/test.py::test_rms_norm
4d4b803c99fe896d0f08aba5dcc86a8f319c18a5,2026-06-22 17:55:05,input_length_2048-num_aie_columns_1-num_channels_1-tile_size_2048-weighted_True,5/5,0.03048963,0.02826667,0.01606004,0.05117399,0.01383415394484426,,,,,,473.96,434.7,240.1,765.1,207.47416224677232,iron/operators/rms_norm/test.py::test_rms_norm
7e6b95b65dcb69d511057cd3d8b565db1e1227e6,2026-04-27 21:03:51,input_length_2048-num_aie_columns_1-num_channels_2-tile_size_1024,25/25,0.0237208648,0.01970642,0.01269816,0.05117377,0.009663662673516153,,,,,,396.34,415.7,160.1,645.1,139.09355664443987,n/a
5503a9566e74d9b7c3221a857d903c0e3b1b7a98,2026-05-11 23:33:39,input_length_2048-num_aie_columns_1-num_channels_2-tile_size_1024,5/5,0.02282363,0.02050455,0.01553127,0.03826929,0.009014146606163002,,,,,,395.12,399.5,214.1,527.5,118.38919714230687,iron/operators/gelu/test.py::test_gelu
5503a9566e74d9b7c3221a857d903c0e3b1b7a98,2026-05-11 23:33:39,input_length_2048-num_aie_columns_1-num_channels_2-tile_size_1024,5/5,0.019379046,0.01811428,0.01451708,0.02865358,0.005457438538158722,,,,,,445.36,452.2,285.9,564.3,102.6646141569723,iron/operators/layer_norm/test.py::test_layer_norm
5503a9566e74d9b7c3221a857d903c0e3b1b7a98,2026-05-11 23:33:39,input_length_2048-num_aie_columns_1-num_channels_2-tile_size_1024,5/5,0.034384684,0.03159421,0.02806642,0.04648181,0.007186954544132722,,,,,,245.48,259.3,176.2,291.9,43.74519402174369,iron/operators/relu/test.py::test_relu
5503a9566e74d9b7c3221a857d903c0e3b1b7a98,2026-05-11 23:33:39,input_length_2048-num_aie_columns_1-num_channels_2-tile_size_1024,5/5,0.030323494,0.0301264,0.02729266,0.03332764,0.0021775565036251067,,,,,,271.3,271.9,245.8,300.2,19.67168015193414,iron/operators/sigmoid/test.py::test_sigmoid
5503a9566e74d9b7c3221a857d903c0e3b1b7a98,2026-05-11 23:33:39,input_length_2048-num_aie_columns_1-num_channels_2-tile_size_1024,5/5,0.020323582,0.01946625,0.01744567,0.02693576,0.003813075812683246,,,,,,412.72,420.8,304.1,469.6,64.67771640990426,iron/operators/tanh/test.py::test_tanh
4d4b803c99fe896d0f08aba5dcc86a8f319c18a5,2026-06-22 17:55:05,input_length_2048-num_aie_columns_1-num_channels_2-tile_size_1024,5/5,0.02329264,0.02481289,0.01393254,0.03556281,0.009321412562514331,,,,,,404.28,330.2,230.4,588.0,168.25668485977013,iron/operators/gelu/test.py::test_gelu
4d4b803c99fe896d0f08aba5dcc86a8f319c18a5,2026-06-22 17:55:05,input_length_2048-num_aie_columns_1-num_channels_2-tile_size_1024,5/5,0.0255673248,0.02923344,0.004228384,0.03485483,0.01228414513540707,,,,,,601.46,280.2,235.0,1937.4,747.2445436401661,iron/operators/layer_norm/test.py::test_layer_norm
4d4b803c99fe896d0f08aba5dcc86a8f319c18a5,2026-06-22 17:55:05,input_length_2048-num_aie_columns_1-num_channels_2-tile_size_1024,5/5,0.020363384,0.01860812,0.01413437,0.03310367,0.007747795448882863,,,,,,442.84,440.2,247.5,579.6,137.6580655101618,iron/operators/relu/test.py::test_relu
4d4b803c99fe896d0f08aba5dcc86a8f319c18a5,2026-06-22 17:55:05,input_length_2048-num_aie_columns_1-num_channels_2-tile_size_1024,5/5,0.026791370000000002,0.02441212,0.02189005,0.03470245,0.00554386826083106,,,,,,315.7,335.6,236.1,374.2,60.20436030720698,iron/operators/sigmoid/test.py::test_sigmoid
4d4b803c99fe896d0f08aba5dcc86a8f319c18a5,2026-06-22 17:55:05,input_length_2048-num_aie_columns_1-num_channels_2-tile_size_1024,5/5,0.0152597134,0.01767681,0.003283127,0.02101467,0.0069261017298880186,,,,,,861.3399999999999,463.4,389.8,2495.2,914.3425933423423,iron/operators/tanh/test.py::test_tanh
7e6b95b65dcb69d511057cd3d8b565db1e1227e6,2026-04-27 21:03:51,input_length_2048-num_aie_columns_1-num_channels_2-tile_size_1024-group_size_32,5/5,0.014448322,0.0138443,0.01046747,0.01855322,0.0036717794167229053,,,,,,382.82,379.1,282.9,501.4,97.12583075577783,n/a
5503a9566e74d9b7c3221a857d903c0e3b1b7a98,2026-05-11 23:33:39,input_length_2048-num_aie_columns_1-num_channels_2-tile_size_1024-group_size_32,5/5,0.0137843494,0.01145824,0.008781456,0.02413439,0.0063043001663994225,,,,,,435.76,458.0,217.4,597.6,156.4418997583448,iron/operators/dequant/test.py::test_dequant
4d4b803c99fe896d0f08aba5dcc86a8f319c18a5,2026-06-22 17:55:05,input_length_2048-num_aie_columns_1-num_channels_2-tile_size_1024-group_size_32,5/5,0.0131761746,0.01067852,0.008626698,0.01864437,0.005031079257619661,,,,,,445.28,491.5,281.5,608.3,154.98194088344616,iron/operators/dequant/test.py::test_dequant
7e6b95b65dcb69d511057cd3d8b565db1e1227e6,2026-04-27 21:03:51,input_length_2048-num_aie_columns_1-num_channels_2-tile_size_1024-weighted_False,5/5,0.020731424000000002,0.01879589,0.0129485,0.03317889,0.007985470084001318,,,,,,439.84000000000003,435.8,246.9,632.7,150.9582326340634,n/a
5503a9566e74d9b7c3221a857d903c0e3b1b7a98,2026-05-11 23:33:39,input_length_2048-num_aie_columns_1-num_channels_2-tile_size_1024-weighted_False,5/5,0.02445881,0.02790837,0.01774551,0.03001139,0.0057784934727357785,,,,,,351.98,293.5,273.0,461.6,90.40277650603439,iron/operators/rms_norm/test.py::test_rms_norm
4d4b803c99fe896d0f08aba5dcc86a8f319c18a5,2026-06-22 17:55:05,input_length_2048-num_aie_columns_1-num_channels_2-tile_size_1024-weighted_False,5/5,0.026752194,0.03046758,0.01480544,0.0408605,0.011150478451384048,,,,,,359.09999999999997,268.9,200.5,553.3,162.22069843272158,iron/operators/rms_norm/test.py::test_rms_norm
7e6b95b65dcb69d511057cd3d8b565db1e1227e6,2026-04-27 21:03:51,input_length_2048-num_aie_columns_1-num_channels_2-tile_size_1024-weighted_True,5/5,0.021789699,0.0259878,0.004235735,0.03550353,0.012415812936141354,,,,,,832.92,394.0,288.4,2417.5,900.4264306427261,n/a
5503a9566e74d9b7c3221a857d903c0e3b1b7a98,2026-05-11 23:33:39,input_length_2048-num_aie_columns_1-num_channels_2-tile_size_1024-weighted_True,5/5,0.02374838,0.02433402,0.01483935,0.03454826,0.008508996741993147,,,,,,481.2,420.8,296.4,690.1,177.81272451655423,iron/operators/rms_norm/test.py::test_rms_norm
4d4b803c99fe896d0f08aba5dcc86a8f319c18a5,2026-06-22 17:55:05,input_length_2048-num_aie_columns_1-num_channels_2-tile_size_1024-weighted_True,5/5,0.026336268,0.02046236,0.01968103,0.03846587,0.008756141755811747,,,,,,421.12,500.4,266.2,520.3,122.05292704396729,iron/operators/rms_norm/test.py::test_rms_norm
7e6b95b65dcb69d511057cd3d8b565db1e1227e6,2026-04-27 21:03:51,input_length_2048-num_aie_columns_1-tile_size_2048,10/10,0.039609797,0.038922055,0.02722204,0.05293882,0.008258418762452249,,,,,,323.84,315.75,232.1,451.4,74.37115928458647,n/a
5503a9566e74d9b7c3221a857d903c0e3b1b7a98,2026-05-11 23:33:39,input_length_2048-num_aie_columns_1-tile_size_2048,5/5,0.0257274256,0.02357727,0.006575578,0.04517797,0.014047375071278505,,,,,,721.84,521.2,272.0,1868.7,650.5887510555343,iron/operators/elementwise_add/test.py::test_elementwise_add
5503a9566e74d9b7c3221a857d903c0e3b1b7a98,2026-05-11 23:33:39,input_length_2048-num_aie_columns_1-tile_size_2048,5/5,0.047378382,0.04109809,0.04102249,0.06264945,0.00956295762936969,,,,,,266.88,299.0,196.1,299.5,46.95058040109834,iron/operators/elementwise_mul/test.py::test_elementwise_mul
4d4b803c99fe896d0f08aba5dcc86a8f319c18a5,2026-06-22 17:55:05,input_length_2048-num_aie_columns_1-tile_size_2048,5/5,0.03429352,0.02543636,0.02031991,0.05977322,0.016672011314596988,,,,,,421.68,483.1,205.6,604.7,167.84177668268413,iron/operators/elementwise_add/test.py::test_elementwise_add
4d4b803c99fe896d0f08aba5dcc86a8f319c18a5,2026-06-22 17:55:05,input_length_2048-num_aie_columns_1-tile_size_2048,5/5,0.054016262,0.05022275,0.04521287,0.06512131,0.008258013760349398,,,,,,231.64,244.7,188.7,271.8,34.08838511868816,iron/operators/elementwise_mul/test.py::test_elementwise_mul
7e6b95b65dcb69d511057cd3d8b565db1e1227e6,2026-04-27 21:03:51,input_length_2048-num_aie_columns_1-tile_size_2048-scalar_factor_10.0,5/5,0.039408684,0.04536159,0.01932878,0.05754129,0.015610880979578957,,,,,,365.52,270.9,213.6,635.7,175.45085351744518,n/a
5503a9566e74d9b7c3221a857d903c0e3b1b7a98,2026-05-11 23:33:39,input_length_2048-num_aie_columns_1-tile_size_2048-scalar_factor_10.0,5/5,0.042708416,0.04526467,0.02354334,0.05779325,0.012400070152443895,,,,,,314.64,271.5,212.6,521.9,120.09191479862413,iron/operators/axpy/test.py::test_axpy
4d4b803c99fe896d0f08aba5dcc86a8f319c18a5,2026-06-22 17:55:05,input_length_2048-num_aie_columns_1-tile_size_2048-scalar_factor_10.0,5/5,0.027150386000000002,0.02312256,0.02046601,0.03510777,0.007199751712519676,,,,,,477.47999999999996,531.4,350.0,600.4,117.77738322785065,iron/operators/axpy/test.py::test_axpy
7e6b95b65dcb69d511057cd3d8b565db1e1227e6,2026-04-27 21:03:51,input_length_2048-num_aie_columns_1-tile_size_2048-scalar_factor_3.0,5/5,0.038847306,0.03591155,0.0182886,0.06083469,0.018460825888272983,,,,,,387.98,342.2,202.0,671.9,197.50256200869902,n/a
5503a9566e74d9b7c3221a857d903c0e3b1b7a98,2026-05-11 23:33:39,input_length_2048-num_aie_columns_1-tile_size_2048-scalar_factor_3.0,5/5,0.0350909282,0.04108146,0.006265501,0.05413788,0.017823932240469728,,,,,,632.02,299.1,227.0,1961.2,744.8475125822735,iron/operators/axpy/test.py::test_axpy
4d4b803c99fe896d0f08aba5dcc86a8f319c18a5,2026-06-22 17:55:05,input_length_2048-num_aie_columns_1-tile_size_2048-scalar_factor_3.0,5/5,0.035993544,0.03189245,0.02229532,0.05295023,0.01164919771720482,,,,,,371.28,385.3,232.1,551.1,120.31181155647188,iron/operators/axpy/test.py::test_axpy
7e6b95b65dcb69d511057cd3d8b565db1e1227e6,2026-04-27 21:03:51,input_length_2048-num_aie_columns_2-num_channels_1-tile_size_1024,30/30,0.023705552666666668,0.019089429999999998,0.0108033,0.04901427,0.009779494465488325,,,,,,400.59333333333336,429.65,167.1,758.3,148.38800010348763,n/a
5503a9566e74d9b7c3221a857d903c0e3b1b7a98,2026-05-11 23:33:39,input_length_2048-num_aie_columns_2-num_channels_1-tile_size_1024,5/5,0.027700139999999998,0.03018634,0.01314419,0.04546615,0.013060676401716336,,,,,,362.64,271.4,180.2,623.2,186.2929762497771,iron/operators/gelu/test.py::test_gelu
5503a9566e74d9b7c3221a857d903c0e3b1b7a98,2026-05-11 23:33:39,input_length_2048-num_aie_columns_2-num_channels_1-tile_size_1024,5/5,0.022114998,0.02354815,0.01569436,0.02806258,0.004694479540819195,,,,,,385.3,347.9,291.9,522.0,88.94748450630856,iron/operators/layer_norm/test.py::test_layer_norm
5503a9566e74d9b7c3221a857d903c0e3b1b7a98,2026-05-11 23:33:39,input_length_2048-num_aie_columns_2-num_channels_1-tile_size_1024,5/5,0.026537276000000002,0.03033759,0.01373665,0.03999121,0.010619295038917603,,,,,,359.06,270.0,204.8,596.4,162.95790253927544,iron/operators/relu/test.py::test_relu
5503a9566e74d9b7c3221a857d903c0e3b1b7a98,2026-05-11 23:33:39,input_length_2048-num_aie_columns_2-num_channels_1-tile_size_1024,5/5,0.029295019999999998,0.02841268,0.02696946,0.03477921,0.003171013987425788,,,,,,281.98,288.3,235.5,303.8,27.34423156718799,iron/operators/sigmoid/test.py::test_sigmoid
5503a9566e74d9b7c3221a857d903c0e3b1b7a98,2026-05-11 23:33:39,input_length_2048-num_aie_columns_2-num_channels_1-tile_size_1024,5/5,0.02258524,0.02308601,0.01023713,0.03625501,0.01031494004322856,,,,,,442.3,354.8,226.0,800.2,231.8260986170453,iron/operators/silu/test.py::test_silu
5503a9566e74d9b7c3221a857d903c0e3b1b7a98,2026-05-11 23:33:39,input_length_2048-num_aie_columns_2-num_channels_1-tile_size_1024,5/5,0.020264144,0.01668625,0.01409757,0.03120595,0.006986469063187784,,,,,,438.86,490.9,262.5,581.1,128.12569219325218,iron/operators/tanh/test.py::test_tanh
4d4b803c99fe896d0f08aba5dcc86a8f319c18a5,2026-06-22 17:55:05,input_length_2048-num_aie_columns_2-num_channels_1-tile_size_1024,5/5,0.024439242,0.02578144,0.01625794,0.03616202,0.008264729785420696,,,,,,367.58,317.7,226.5,503.9,122.73189072119763,iron/operators/gelu/test.py::test_gelu
4d4b803c99fe896d0f08aba5dcc86a8f319c18a5,2026-06-22 17:55:05,input_length_2048-num_aie_columns_2-num_channels_1-tile_size_1024,5/5,0.022775038,0.02527155,0.01465524,0.02997066,0.006278545110960819,,,,,,385.5,324.2,273.3,559.0,118.7915821933524,iron/operators/layer_norm/test.py::test_layer_norm
4d4b803c99fe896d0f08aba5dcc86a8f319c18a5,2026-06-22 17:55:05,input_length_2048-num_aie_columns_2-num_channels_1-tile_size_1024,5/5,0.020256124,0.02069288,0.01211025,0.03167876,0.007754743440567844,,,,,,454.48,395.9,258.6,676.5,170.0001088234946,iron/operators/relu/test.py::test_relu
4d4b803c99fe896d0f08aba5dcc86a8f319c18a5,2026-06-22 17:55:05,input_length_2048-num_aie_columns_2-num_channels_1-tile_size_1024,5/5,0.020057892,0.01700305,0.01354863,0.03073794,0.00671142956846155,,,,,,441.74,481.8,266.5,604.6,128.31197527900505,iron/operators/sigmoid/test.py::test_sigmoid
4d4b803c99fe896d0f08aba5dcc86a8f319c18a5,2026-06-22 17:55:05,input_length_2048-num_aie_columns_2-num_channels_1-tile_size_1024,5/5,0.023023478,0.01635417,0.01291476,0.03756747,0.011358355705561875,,,,,,427.28,500.9,218.1,634.3,184.0218247926044,iron/operators/silu/test.py::test_silu
4d4b803c99fe896d0f08aba5dcc86a8f319c18a5,2026-06-22 17:55:05,input_length_2048-num_aie_columns_2-num_channels_1-tile_size_1024,5/5,0.0121607908,0.01390367,0.003334964,0.01546664,0.0049763968879344015,,,,,,948.34,589.2,529.7,2456.4,843.3934301380348,iron/operators/tanh/test.py::test_tanh
7e6b95b65dcb69d511057cd3d8b565db1e1227e6,2026-04-27 21:03:51,input_length_2048-num_aie_columns_2-num_channels_1-tile_size_1024-group_size_32,5/5,0.018320760000000002,0.01860327,0.01406247,0.02103997,0.002677175786682675,,,,,,292.08,282.1,249.4,373.2,48.46769026887912,n/a
5503a9566e74d9b7c3221a857d903c0e3b1b7a98,2026-05-11 23:33:39,input_length_2048-num_aie_columns_2-num_channels_1-tile_size_1024-group_size_32,5/5,0.0122203256,0.01159651,0.006454168,0.01998675,0.004872368116597596,,,,,,487.74,452.6,262.6,813.1,199.9934073913438,iron/operators/dequant/test.py::test_dequant
4d4b803c99fe896d0f08aba5dcc86a8f319c18a5,2026-06-22 17:55:05,input_length_2048-num_aie_columns_2-num_channels_1-tile_size_1024-group_size_32,5/5,0.0134429036,0.01311797,0.006698808,0.01858943,0.004735448142369928,,,,,,444.66,400.1,282.3,783.4,201.67241506958754,iron/operators/dequant/test.py::test_dequant
7e6b95b65dcb69d511057cd3d8b565db1e1227e6,2026-04-27 21:03:51,input_length_2048-num_aie_columns_2-num_channels_1-tile_size_1024-weighted_False,5/5,0.020897772,0.02159916,0.00438882,0.03353391,0.011241485789910959,,,,,,654.24,379.3,244.3,1866.6,684.2915263248551,n/a
5503a9566e74d9b7c3221a857d903c0e3b1b7a98,2026-05-11 23:33:39,input_length_2048-num_aie_columns_2-num_channels_1-tile_size_1024-weighted_False,5/5,0.02140668,0.0195964,0.01420141,0.02900018,0.00610272087607241,,,,,,409.12,418.0,282.5,576.8,118.3851637664112,iron/operators/rms_norm/test.py::test_rms_norm
4d4b803c99fe896d0f08aba5dcc86a8f319c18a5,2026-06-22 17:55:05,input_length_2048-num_aie_columns_2-num_channels_1-tile_size_1024-weighted_False,5/5,0.019562402,0.01533121,0.01306104,0.03691786,0.009871143288445365,,,,,,480.82,534.3,221.9,627.2,157.65584987560723,iron/operators/rms_norm/test.py::test_rms_norm
7e6b95b65dcb69d511057cd3d8b565db1e1227e6,2026-04-27 21:03:51,input_length_2048-num_aie_columns_2-num_channels_1-tile_size_1024-weighted_True,5/5,0.022738456,0.02110631,0.01566806,0.03602779,0.007789154266852723,,,,,,485.64,485.2,284.2,653.6,133.33832157335715,n/a
5503a9566e74d9b7c3221a857d903c0e3b1b7a98,2026-05-11 23:33:39,input_length_2048-num_aie_columns_2-num_channels_1-tile_size_1024-weighted_True,5/5,0.021575396,0.01818379,0.01538737,0.03722053,0.008933691390197,,,,,,523.6800000000001,563.1,275.1,665.5,151.15995501454742,iron/operators/rms_norm/test.py::test_rms_norm
4d4b803c99fe896d0f08aba5dcc86a8f319c18a5,2026-06-22 17:55:05,input_length_2048-num_aie_columns_2-num_channels_1-tile_size_1024-weighted_True,5/5,0.02610449,0.0277995,0.01934499,0.0315611,0.0048824094279771345,,,,,,404.52,368.4,324.4,529.3,82.72150264592634,iron/operators/rms_norm/test.py::test_rms_norm
7e6b95b65dcb69d511057cd3d8b565db1e1227e6,2026-04-27 21:03:51,input_length_2048-num_aie_columns_2-num_channels_2-tile_size_512,25/25,0.02346037452,0.01960249,0.009734743,0.05220994,0.010720446597803614,,,,,,420.192,417.9,156.9,841.5,181.62223138518405,n/a
5503a9566e74d9b7c3221a857d903c0e3b1b7a98,2026-05-11 23:33:39,input_length_2048-num_aie_columns_2-num_channels_2-tile_size_512,5/5,0.0196077536,0.01724221,0.007997298,0.0307912,0.01023002263678995,,,,,,540.88,475.1,266.1,1024.3,315.54201305056034,iron/operators/gelu/test.py::test_gelu
5503a9566e74d9b7c3221a857d903c0e3b1b7a98,2026-05-11 23:33:39,input_length_2048-num_aie_columns_2-num_channels_2-tile_size_512,5/5,0.02265057,0.0255399,0.01567361,0.0300953,0.006433547315373533,,,,,,388.3,320.8,272.2,522.7,118.00716079967353,iron/operators/layer_norm/test.py::test_layer_norm
5503a9566e74d9b7c3221a857d903c0e3b1b7a98,2026-05-11 23:33:39,input_length_2048-num_aie_columns_2-num_channels_2-tile_size_512,5/5,0.019569984000000002,0.01694036,0.01515729,0.02986664,0.006011703244350139,,,,,,444.26,483.6,274.3,540.5,105.86336949105673,iron/operators/relu/test.py::test_relu
5503a9566e74d9b7c3221a857d903c0e3b1b7a98,2026-05-11 23:33:39,input_length_2048-num_aie_columns_2-num_channels_2-tile_size_512,5/5,0.021502998,0.02310424,0.01223804,0.02991364,0.007660634529242339,,,,,,428.94,354.6,273.9,669.4,171.54025183612154,iron/operators/sigmoid/test.py::test_sigmoid
5503a9566e74d9b7c3221a857d903c0e3b1b7a98,2026-05-11 23:33:39,input_length_2048-num_aie_columns_2-num_channels_2-tile_size_512,5/5,0.014281676,0.01420437,0.01162175,0.01658877,0.0018481863253957914,,,,,,581.74,576.7,493.8,704.9,79.3169149677419,iron/operators/tanh/test.py::test_tanh
4d4b803c99fe896d0f08aba5dcc86a8f319c18a5,2026-06-22 17:55:05,input_length_2048-num_aie_columns_2-num_channels_2-tile_size_512,5/5,0.01838433,0.01585014,0.01068082,0.03292499,0.008560314843692959,,,,,,510.98,516.8,248.8,767.0,187.6962492965696,iron/operators/gelu/test.py::test_gelu
4d4b803c99fe896d0f08aba5dcc86a8f319c18a5,2026-06-22 17:55:05,input_length_2048-num_aie_columns_2-num_channels_2-tile_size_512,5/5,0.0136036182,0.01521907,0.004117241,0.0173837,0.005408465724984416,,,,,,809.98,538.3,471.2,1989.7,660.3626480957263,iron/operators/layer_norm/test.py::test_layer_norm
4d4b803c99fe896d0f08aba5dcc86a8f319c18a5,2026-06-22 17:55:05,input_length_2048-num_aie_columns_2-num_channels_2-tile_size_512,5/5,0.019209900000000002,0.0161612,0.01370601,0.02702382,0.0060305217404259485,,,,,,459.22,506.9,303.1,597.7,131.54425871165947,iron/operators/relu/test.py::test_relu
4d4b803c99fe896d0f08aba5dcc86a8f319c18a5,2026-06-22 17:55:05,input_length_2048-num_aie_columns_2-num_channels_2-tile_size_512,5/5,0.023997154,0.01957767,0.01681424,0.03377504,0.007703867087147207,,,,,,368.9,418.4,242.5,487.2,108.12018775418399,iron/operators/sigmoid/test.py::test_sigmoid
4d4b803c99fe896d0f08aba5dcc86a8f319c18a5,2026-06-22 17:55:05,input_length_2048-num_aie_columns_2-num_channels_2-tile_size_512,5/5,0.019764482,0.01933325,0.01361972,0.02805489,0.005751105487840576,,,,,,442.8,423.7,292.0,601.5,124.43208991253019,iron/operators/tanh/test.py::test_tanh
7e6b95b65dcb69d511057cd3d8b565db1e1227e6,2026-04-27 21:03:51,input_length_2048-num_aie_columns_2-num_channels_2-tile_size_512-group_size_32,5/5,0.012471970399999999,0.01169982,0.009097922,0.01819297,0.003389583426824128,,,,,,442.44,448.6,288.5,576.8,102.33309826248787,n/a
5503a9566e74d9b7c3221a857d903c0e3b1b7a98,2026-05-11 23:33:39,input_length_2048-num_aie_columns_2-num_channels_2-tile_size_512-group_size_32,5/5,0.009908319799999999,0.009708882,0.005527207,0.01483722,0.0033025536061883536,,,,,,584.44,540.5,353.7,949.5,219.45664264268694,iron/operators/dequant/test.py::test_dequant
4d4b803c99fe896d0f08aba5dcc86a8f319c18a5,2026-06-22 17:55:05,input_length_2048-num_aie_columns_2-num_channels_2-tile_size_512-group_size_32,5/5,0.0087761736,0.009884393,0.00287287,0.01347254,0.004119578228547469,,,,,,803.16,530.9,389.5,1826.7,591.6518215978043,iron/operators/dequant/test.py::test_dequant
7e6b95b65dcb69d511057cd3d8b565db1e1227e6,2026-04-27 21:03:51,input_length_2048-num_aie_columns_2-num_channels_2-tile_size_512-weighted_False,5/5,0.027033668,0.02963821,0.01683397,0.03642945,0.00906523641118752,,,,,,335.94,276.4,224.9,486.6,123.69453504500513,n/a
5503a9566e74d9b7c3221a857d903c0e3b1b7a98,2026-05-11 23:33:39,input_length_2048-num_aie_columns_2-num_channels_2-tile_size_512-weighted_False,5/5,0.021869282,0.01784781,0.01355403,0.03318292,0.008463988958722121,,,,,,419.92,459.0,246.9,604.4,149.49400322420962,iron/operators/rms_norm/test.py::test_rms_norm
4d4b803c99fe896d0f08aba5dcc86a8f319c18a5,2026-06-22 17:55:05,input_length_2048-num_aie_columns_2-num_channels_2-tile_size_512-weighted_False,5/5,0.0225793,0.02417111,0.01570763,0.02987317,0.005752427735008933,,,,,,383.42,338.9,274.2,521.5,102.61333733974351,iron/operators/rms_norm/test.py::test_rms_norm
7e6b95b65dcb69d511057cd3d8b565db1e1227e6,2026-04-27 21:03:51,input_length_2048-num_aie_columns_2-num_channels_2-tile_size_512-weighted_True,5/5,0.02172889,0.01944341,0.01559547,0.03088358,0.00623874574606547,,,,,,450.86,474.0,298.4,590.9,118.28122420739481,n/a
5503a9566e74d9b7c3221a857d903c0e3b1b7a98,2026-05-11 23:33:39,input_length_2048-num_aie_columns_2-num_channels_2-tile_size_512-weighted_True,5/5,0.0219575,0.01536056,0.01359908,0.03722057,0.010869505424022291,,,,,,500.0,600.0,247.6,677.7,205.33576161984058,iron/operators/rms_norm/test.py::test_rms_norm
4d4b803c99fe896d0f08aba5dcc86a8f319c18a5,2026-06-22 17:55:05,input_length_2048-num_aie_columns_2-num_channels_2-tile_size_512-weighted_True,5/5,0.0157761652,0.01889814,0.005089786,0.02591392,0.008616851333757895,,,,,,833.5,487.7,355.6,1810.7,611.8368123936317,iron/operators/rms_norm/test.py::test_rms_norm
7e6b95b65dcb69d511057cd3d8b565db1e1227e6,2026-04-27 21:03:51,input_length_2048-num_aie_columns_2-tile_size_1024,10/10,0.0306012871,0.022436385000000003,0.006299471,0.05234237,0.01802631397664098,,,,,,625.59,548.45,234.8,1950.6,526.4459230432778,n/a
5503a9566e74d9b7c3221a857d903c0e3b1b7a98,2026-05-11 23:33:39,input_length_2048-num_aie_columns_2-tile_size_1024,5/5,0.0253948354,0.02220776,0.004924697,0.04689844,0.015549064956507378,,,,,,858.02,553.3,262.0,2495.2,925.2928763370006,iron/operators/elementwise_add/test.py::test_elementwise_add
5503a9566e74d9b7c3221a857d903c0e3b1b7a98,2026-05-11 23:33:39,input_length_2048-num_aie_columns_2-tile_size_1024,5/5,0.032739988,0.02890893,0.02056765,0.0507842,0.012913668100695481,,,,,,422.76,425.1,242.0,597.4,153.9578286414822,iron/operators/elementwise_mul/test.py::test_elementwise_mul
4d4b803c99fe896d0f08aba5dcc86a8f319c18a5,2026-06-22 17:55:05,input_length_2048-num_aie_columns_2-tile_size_1024,5/5,0.041849906,0.03812644,0.0243279,0.06207252,0.01517971282690091,,,,,,327.66,322.3,198.0,505.1,121.69249360580956,iron/operators/elementwise_add/test.py::test_elementwise_add
4d4b803c99fe896d0f08aba5dcc86a8f319c18a5,2026-06-22 17:55:05,input_length_2048-num_aie_columns_2-tile_size_1024,5/5,0.041150136000000004,0.04111046,0.02374341,0.05828752,0.014236520845927561,,,,,,332.4,298.9,210.8,517.5,125.75901558138884,iron/operators/elementwise_mul/test.py::test_elementwise_mul
7e6b95b65dcb69d511057cd3d8b565db1e1227e6,2026-04-27 21:03:51,input_length_2048-num_aie_columns_2-tile_size_1024-scalar_factor_10.0,5/5,0.034187582,0.02765164,0.02509389,0.04767503,0.01104852803875566,,,,,,388.54,444.4,257.7,489.7,113.00036725604036,n/a
5503a9566e74d9b7c3221a857d903c0e3b1b7a98,2026-05-11 23:33:39,input_length_2048-num_aie_columns_2-tile_size_1024-scalar_factor_10.0,5/5,0.04671987,0.04814104,0.02930822,0.06306519,0.012233517375695755,,,,,,280.12,255.2,194.8,419.3,84.47364677815206,iron/operators/axpy/test.py::test_axpy
4d4b803c99fe896d0f08aba5dcc86a8f319c18a5,2026-06-22 17:55:05,input_length_2048-num_aie_columns_2-tile_size_1024-scalar_factor_10.0,5/5,0.026336094,0.02343535,0.02054252,0.03486818,0.006718567779707963,,,,,,490.24,524.3,352.4,598.2,116.48481875334659,iron/operators/axpy/test.py::test_axpy
7e6b95b65dcb69d511057cd3d8b565db1e1227e6,2026-04-27 21:03:51,input_length_2048-num_aie_columns_2-tile_size_1024-scalar_factor_3.0,5/5,0.037380168,0.0342145,0.0278128,0.04884467,0.010119873076065234,,,,,,348.18,359.1,251.6,441.8,90.35948760368223,n/a
5503a9566e74d9b7c3221a857d903c0e3b1b7a98,2026-05-11 23:33:39,input_length_2048-num_aie_columns_2-tile_size_1024-scalar_factor_3.0,5/5,0.03758849,0.03741926,0.02245499,0.05249712,0.014731813958615211,,,,,,374.24,328.4,234.1,547.2,153.33937198254077,iron/operators/axpy/test.py::test_axpy
4d4b803c99fe896d0f08aba5dcc86a8f319c18a5,2026-06-22 17:55:05,input_length_2048-num_aie_columns_2-tile_size_1024-scalar_factor_3.0,5/5,0.035942536000000004,0.0435513,0.01980157,0.04909701,0.014507622354923637,,,,,,402.58000000000004,282.1,250.3,620.6,188.60012460229183,iron/operators/axpy/test.py::test_axpy
7e6b95b65dcb69d511057cd3d8b565db1e1227e6,2026-04-27 21:03:51,input_length_2048-num_aie_columns_4-num_channels_1-tile_size_512,30/30,0.022005368366666667,0.018002295,0.009055926,0.04230662,0.009300741165501147,,,,,,437.9,455.4,193.6,904.6,176.44621921668391,n/a
5503a9566e74d9b7c3221a857d903c0e3b1b7a98,2026-05-11 23:33:39,input_length_2048-num_aie_columns_4-num_channels_1-tile_size_512,5/5,0.0179207958,0.01523523,0.007548769,0.02842451,0.008243799579131773,,,,,,563.6,537.7,288.2,1085.2,315.08515515650686,iron/operators/gelu/test.py::test_gelu
5503a9566e74d9b7c3221a857d903c0e3b1b7a98,2026-05-11 23:33:39,input_length_2048-num_aie_columns_4-num_channels_1-tile_size_512,5/5,0.032095888,0.03068027,0.02951636,0.03927096,0.00406743063722911,,,,,,258.08,267.0,208.6,277.5,28.302243727308976,iron/operators/layer_norm/test.py::test_layer_norm
5503a9566e74d9b7c3221a857d903c0e3b1b7a98,2026-05-11 23:33:39,input_length_2048-num_aie_columns_4-num_channels_1-tile_size_512,5/5,0.018793362,0.01542174,0.01002624,0.02832798,0.008353214634888775,,,,,,512.7,531.2,289.2,817.1,223.13564260332774,iron/operators/relu/test.py::test_relu
5503a9566e74d9b7c3221a857d903c0e3b1b7a98,2026-05-11 23:33:39,input_length_2048-num_aie_columns_4-num_channels_1-tile_size_512,5/5,0.018755784,0.01559974,0.01277792,0.03185157,0.007611362438783875,,,,,,482.36,525.1,257.2,641.1,144.7522987727656,iron/operators/sigmoid/test.py::test_sigmoid
5503a9566e74d9b7c3221a857d903c0e3b1b7a98,2026-05-11 23:33:39,input_length_2048-num_aie_columns_4-num_channels_1-tile_size_512,5/5,0.026663968,0.02767511,0.01881497,0.03404496,0.005952214201418661,,,,,,320.78,296.0,240.6,435.4,77.02293165025594,iron/operators/silu/test.py::test_silu
5503a9566e74d9b7c3221a857d903c0e3b1b7a98,2026-05-11 23:33:39,input_length_2048-num_aie_columns_4-num_channels_1-tile_size_512,5/5,0.02642071,0.03005775,0.01639846,0.03376654,0.008205852207574176,,,,,,339.54,272.5,242.6,499.6,119.45500408103463,iron/operators/tanh/test.py::test_tanh
4d4b803c99fe896d0f08aba5dcc86a8f319c18a5,2026-06-22 17:55:05,input_length_2048-num_aie_columns_4-num_channels_1-tile_size_512,5/5,0.022866198,0.01920471,0.01340909,0.03549486,0.008994707281794667,,,,,,404.06,426.6,230.8,610.9,150.90111994282879,iron/operators/gelu/test.py::test_gelu
4d4b803c99fe896d0f08aba5dcc86a8f319c18a5,2026-06-22 17:55:05,input_length_2048-num_aie_columns_4-num_channels_1-tile_size_512,5/5,0.018585128,0.01635322,0.01503768,0.02855052,0.0056933451096056,,,,,,466.67999999999995,500.9,286.9,544.8,106.73175253878294,iron/operators/layer_norm/test.py::test_layer_norm
4d4b803c99fe896d0f08aba5dcc86a8f319c18a5,2026-06-22 17:55:05,input_length_2048-num_aie_columns_4-num_channels_1-tile_size_512,5/5,0.019371956,0.01560568,0.01378435,0.02999151,0.006847705987104732,,,,,,460.74,524.9,273.1,594.3,136.11169310533168,iron/operators/relu/test.py::test_relu
4d4b803c99fe896d0f08aba5dcc86a8f319c18a5,2026-06-22 17:55:05,input_length_2048-num_aie_columns_4-num_channels_1-tile_size_512,5/5,0.024126688,0.02159466,0.01365315,0.03738557,0.010352338266175425,,,,,,394.62,379.4,219.1,600.0,165.0137479121058,iron/operators/sigmoid/test.py::test_sigmoid
4d4b803c99fe896d0f08aba5dcc86a8f319c18a5,2026-06-22 17:55:05,input_length_2048-num_aie_columns_4-num_channels_1-tile_size_512,5/5,0.023205968,0.02135213,0.01432203,0.033932,0.007891737180099829,,,,,,387.7,383.7,241.4,572.0,131.48294566216563,iron/operators/silu/test.py::test_silu
4d4b803c99fe896d0f08aba5dcc86a8f319c18a5,2026-06-22 17:55:05,input_length_2048-num_aie_columns_4-num_channels_1-tile_size_512,5/5,0.018617449,0.01823098,0.008291095,0.03465987,0.009897475628011418,,,,,,545.74,449.3,236.4,988.0,281.0733142793887,iron/operators/tanh/test.py::test_tanh
7e6b95b65dcb69d511057cd3d8b565db1e1227e6,2026-04-27 21:03:51,input_length_2048-num_aie_columns_4-num_channels_1-tile_size_512-group_size_32,5/5,0.0126362726,0.0109598,0.008837888,0.02144229,0.005055207885846911,,,,,,456.32,478.8,244.8,593.8,131.45589374387134,n/a
5503a9566e74d9b7c3221a857d903c0e3b1b7a98,2026-05-11 23:33:39,input_length_2048-num_aie_columns_4-num_channels_1-tile_size_512-group_size_32,5/5,0.011861358,0.01221949,0.01017234,0.01393639,0.001477924972172133,,,,,,447.92,429.5,376.6,515.9,55.12845907514555,iron/operators/dequant/test.py::test_dequant
4d4b803c99fe896d0f08aba5dcc86a8f319c18a5,2026-06-22 17:55:05,input_length_2048-num_aie_columns_4-num_channels_1-tile_size_512-group_size_32,5/5,0.017204308,0.01840203,0.01001076,0.02252767,0.004659228072424658,,,,,,329.16,285.2,233.0,524.2,114.26881901901325,iron/operators/dequant/test.py::test_dequant
7e6b95b65dcb69d511057cd3d8b565db1e1227e6,2026-04-27 21:03:51,input_length_2048-num_aie_columns_4-num_channels_1-tile_size_512-weighted_False,5/5,0.01999426,0.01877173,0.01457348,0.0297536,0.005749421041057091,,,,,,432.82,436.4,275.3,562.1,103.16073380894497,n/a
5503a9566e74d9b7c3221a857d903c0e3b1b7a98,2026-05-11 23:33:39,input_length_2048-num_aie_columns_4-num_channels_1-tile_size_512-weighted_False,5/5,0.0221313,0.02061783,0.01216829,0.03374721,0.007828949718027316,,,,,,412.5,397.3,242.7,673.2,159.99379675474924,iron/operators/rms_norm/test.py::test_rms_norm
4d4b803c99fe896d0f08aba5dcc86a8f319c18a5,2026-06-22 17:55:05,input_length_2048-num_aie_columns_4-num_channels_1-tile_size_512-weighted_False,5/5,0.024417731999999998,0.02491568,0.01162654,0.03363056,0.009484766362684954,,,,,,392.46,328.8,243.6,704.6,191.78990588662376,iron/operators/rms_norm/test.py::test_rms_norm
7e6b95b65dcb69d511057cd3d8b565db1e1227e6,2026-04-27 21:03:51,input_length_2048-num_aie_columns_4-num_channels_1-tile_size_512-weighted_True,5/5,0.018179870600000002,0.01998408,0.004616043,0.02649464,0.009232513823171716,,,,,,766.74,461.2,347.8,1996.5,700.2351412204332,n/a
5503a9566e74d9b7c3221a857d903c0e3b1b7a98,2026-05-11 23:33:39,input_length_2048-num_aie_columns_4-num_channels_1-tile_size_512-weighted_True,5/5,0.02724414,0.03243198,0.01709031,0.03487514,0.008724873686171622,,,,,,372.86,284.2,264.3,539.3,135.19601695316322,iron/operators/rms_norm/test.py::test_rms_norm
4d4b803c99fe896d0f08aba5dcc86a8f319c18a5,2026-06-22 17:55:05,input_length_2048-num_aie_columns_4-num_channels_1-tile_size_512-weighted_True,5/5,0.021168176,0.02001146,0.01782861,0.02754671,0.0037696450123957284,,,,,,445.06,460.5,334.6,516.9,68.61678366114225,iron/operators/rms_norm/test.py::test_rms_norm
7e6b95b65dcb69d511057cd3d8b565db1e1227e6,2026-04-27 21:03:51,input_length_2048-num_aie_columns_4-num_channels_2-tile_size_256,25/25,0.0198540276,0.01783025,0.01054663,0.03322599,0.006452070920023327,,,,,,453.088,459.4,246.6,776.7,136.80276654122656,n/a
5503a9566e74d9b7c3221a857d903c0e3b1b7a98,2026-05-11 23:33:39,input_length_2048-num_aie_columns_4-num_channels_2-tile_size_256,5/5,0.019349948,0.01726369,0.01368721,0.02891195,0.0061170440961562465,,,,,,454.36,474.5,283.3,598.5,125.40047049353524,iron/operators/gelu/test.py::test_gelu
5503a9566e74d9b7c3221a857d903c0e3b1b7a98,2026-05-11 23:33:39,input_length_2048-num_aie_columns_4-num_channels_2-tile_size_256,5/5,0.0164594,0.01502998,0.01310144,0.02241148,0.003570893462230426,,,,,,514.2,545.0,365.5,625.3,96.31804088539175,iron/operators/layer_norm/test.py::test_layer_norm
5503a9566e74d9b7c3221a857d903c0e3b1b7a98,2026-05-11 23:33:39,input_length_2048-num_aie_columns_4-num_channels_2-tile_size_256,5/5,0.01919209,0.01976934,0.01339746,0.02477687,0.004650627752572765,,,,,,448.94,414.4,330.6,611.5,115.4484213837504,iron/operators/relu/test.py::test_relu
5503a9566e74d9b7c3221a857d903c0e3b1b7a98,2026-05-11 23:33:39,input_length_2048-num_aie_columns_4-num_channels_2-tile_size_256,5/5,0.017121116,0.01770746,0.01282322,0.02178741,0.003449518379865514,,,,,,494.7,462.6,376.0,638.8,102.19075300632635,iron/operators/sigmoid/test.py::test_sigmoid
5503a9566e74d9b7c3221a857d903c0e3b1b7a98,2026-05-11 23:33:39,input_length_2048-num_aie_columns_4-num_channels_2-tile_size_256,5/5,0.0146572324,0.01541533,0.008065382,0.02201914,0.00516799543886397,,,,,,624.32,531.4,372.0,1015.7,245.18873750643607,iron/operators/tanh/test.py::test_tanh
4d4b803c99fe896d0f08aba5dcc86a8f319c18a5,2026-06-22 17:55:05,input_length_2048-num_aie_columns_4-num_channels_2-tile_size_256,5/5,0.0158176308,0.01778527,0.007640394,0.02155994,0.005265702779532206,,,,,,589.5600000000001,460.6,380.0,1072.2,278.9452060889378,iron/operators/gelu/test.py::test_gelu
4d4b803c99fe896d0f08aba5dcc86a8f319c18a5,2026-06-22 17:55:05,input_length_2048-num_aie_columns_4-num_channels_2-tile_size_256,5/5,0.0147670282,0.01498204,0.003321821,0.02179089,0.007231432370316838,,,,,,879.06,546.8,375.9,2466.1,891.9774509481728,iron/operators/layer_norm/test.py::test_layer_norm
4d4b803c99fe896d0f08aba5dcc86a8f319c18a5,2026-06-22 17:55:05,input_length_2048-num_aie_columns_4-num_channels_2-tile_size_256,5/5,0.0162236966,0.01723238,0.007467823,0.02341388,0.005717154113951084,,,,,,583.46,475.4,349.9,1097.0,294.0339827298879,iron/operators/relu/test.py::test_relu
4d4b803c99fe896d0f08aba5dcc86a8f319c18a5,2026-06-22 17:55:05,input_length_2048-num_aie_columns_4-num_channels_2-tile_size_256,5/5,0.018510916,0.01562628,0.01372627,0.02603677,0.005593994820960241,,,,,,473.52,524.2,314.6,596.8,129.02796983600103,iron/operators/sigmoid/test.py::test_sigmoid
4d4b803c99fe896d0f08aba5dcc86a8f319c18a5,2026-06-22 17:55:05,input_length_2048-num_aie_columns_4-num_channels_2-tile_size_256,5/5,0.02182364,0.02290424,0.01534646,0.02844632,0.005013945548442863,,,,,,392.62,357.7,288.0,533.8,95.49655491168254,iron/operators/tanh/test.py::test_tanh
7e6b95b65dcb69d511057cd3d8b565db1e1227e6,2026-04-27 21:03:51,input_length_2048-num_aie_columns_4-num_channels_2-tile_size_256-group_size_32,5/5,0.0130892886,0.01187137,0.007794943,0.02114705,0.004918966476242728,,,,,,443.8,442.1,248.2,673.3,152.34360833326744,n/a
5503a9566e74d9b7c3221a857d903c0e3b1b7a98,2026-05-11 23:33:39,input_length_2048-num_aie_columns_4-num_channels_2-tile_size_256-group_size_32,5/5,0.0130336298,0.01143599,0.009589259,0.02166044,0.004918184062648042,,,,,,437.56,458.9,242.3,547.3,117.5621877986285,iron/operators/dequant/test.py::test_dequant
4d4b803c99fe896d0f08aba5dcc86a8f319c18a5,2026-06-22 17:55:05,input_length_2048-num_aie_columns_4-num_channels_2-tile_size_256-group_size_32,5/5,0.0133441,0.01188998,0.01007274,0.0218839,0.00488847945901893,,,,,,425.8,441.4,239.8,521.0,112.85337832781082,iron/operators/dequant/test.py::test_dequant
7e6b95b65dcb69d511057cd3d8b565db1e1227e6,2026-04-27 21:03:51,input_length_2048-num_aie_columns_4-num_channels_2-tile_size_256-weighted_False,5/5,0.020922918000000002,0.01902859,0.01500015,0.0315066,0.006450431064864581,,,,,,417.68,430.5,260.0,546.1,108.7596524451968,n/a
5503a9566e74d9b7c3221a857d903c0e3b1b7a98,2026-05-11 23:33:39,input_length_2048-num_aie_columns_4-num_channels_2-tile_size_256-weighted_False,5/5,0.021359052,0.01741778,0.01559941,0.02949606,0.00709327311670501,,,,,,416.68,470.3,277.7,525.1,125.2000079872202,iron/operators/rms_norm/test.py::test_rms_norm
4d4b803c99fe896d0f08aba5dcc86a8f319c18a5,2026-06-22 17:55:05,input_length_2048-num_aie_columns_4-num_channels_2-tile_size_256-weighted_False,5/5,0.019649164,0.01708083,0.01429524,0.03175009,0.006996949788992344,,,,,,450.40000000000003,479.6,258.0,573.1,120.02772596362894,iron/operators/rms_norm/test.py::test_rms_norm
7e6b95b65dcb69d511057cd3d8b565db1e1227e6,2026-04-27 21:03:51,input_length_2048-num_aie_columns_4-tile_size_512,10/10,0.029288321,0.025929975,0.0064388,0.04948115,0.012768890832268391,,,,,,569.76,475.70000000000005,248.3,1908.4,484.09245489770746,n/a
5503a9566e74d9b7c3221a857d903c0e3b1b7a98,2026-05-11 23:33:39,input_length_2048-num_aie_columns_4-tile_size_512,5/5,0.0289186046,0.02453419,0.009424823,0.04928823,0.015180800796195035,,,,,,580.18,500.9,249.3,1303.8,420.67411020884083,iron/operators/elementwise_add/test.py::test_elementwise_add
5503a9566e74d9b7c3221a857d903c0e3b1b7a98,2026-05-11 23:33:39,input_length_2048-num_aie_columns_4-tile_size_512,5/5,0.041661348,0.04103633,0.03472118,0.05038564,0.005708038212325669,,,,,,299.26,299.4,243.9,353.9,39.74057120877856,iron/operators/elementwise_mul/test.py::test_elementwise_mul
4d4b803c99fe896d0f08aba5dcc86a8f319c18a5,2026-06-22 17:55:05,input_length_2048-num_aie_columns_4-tile_size_512,5/5,0.031438746000000004,0.03082411,0.02524421,0.04363791,0.007404233081348129,,,,,,406.2,398.6,281.6,486.8,82.6138305612323,iron/operators/elementwise_add/test.py::test_elementwise_add
4d4b803c99fe896d0f08aba5dcc86a8f319c18a5,2026-06-22 17:55:05,input_length_2048-num_aie_columns_4-tile_size_512,5/5,0.040766972,0.04950308,0.02060117,0.05770342,0.016723804650036127,,,,,,357.74,248.2,213.0,596.5,173.8726056628818,iron/operators/elementwise_mul/test.py::test_elementwise_mul
7e6b95b65dcb69d511057cd3d8b565db1e1227e6,2026-04-27 21:03:51,input_length_2048-num_aie_columns_4-tile_size_512-scalar_factor_10.0,5/5,0.035937432,0.03872834,0.02187734,0.05309482,0.012596454422029637,,,,,,379.54,317.3,231.4,561.7,137.9546410962676,n/a
5503a9566e74d9b7c3221a857d903c0e3b1b7a98,2026-05-11 23:33:39,input_length_2048-num_aie_columns_4-tile_size_512-scalar_factor_10.0,5/5,0.038253256,0.03440841,0.02945322,0.05660899,0.010576347797237474,,,,,,337.26,357.1,217.1,417.2,73.51913356399136,iron/operators/axpy/test.py::test_axpy
4d4b803c99fe896d0f08aba5dcc86a8f319c18a5,2026-06-22 17:55:05,input_length_2048-num_aie_columns_4-tile_size_512-scalar_factor_10.0,5/5,0.02770319,0.02551145,0.01903717,0.0387259,0.008625263964096984,,,,,,478.82,481.7,317.3,645.5,143.4650027010072,iron/operators/axpy/test.py::test_axpy
7e6b95b65dcb69d511057cd3d8b565db1e1227e6,2026-04-27 21:03:51,input_length_2048-num_aie_columns_4-tile_size_512-scalar_factor_3.0,5/5,0.039297656,0.04150973,0.02714368,0.05576481,0.012195362829552468,,,,,,338.58,296.0,220.4,452.7,106.05871958495445,n/a
5503a9566e74d9b7c3221a857d903c0e3b1b7a98,2026-05-11 23:33:39,input_length_2048-num_aie_columns_4-tile_size_512-scalar_factor_3.0,5/5,0.035323888,0.03384732,0.02494944,0.05048521,0.009963720420704808,,,,,,369.2,363.0,243.4,492.5,96.82538406843528,iron/operators/axpy/test.py::test_axpy
4d4b803c99fe896d0f08aba5dcc86a8f319c18a5,2026-06-22 17:55:05,input_length_2048-num_aie_columns_4-tile_size_512-scalar_factor_3.0,5/5,0.029240722,0.02807383,0.01693626,0.0507276,0.012909070171572001,,,,,,478.97999999999996,437.7,242.2,725.5,178.00190167523493,iron/operators/axpy/test.py::test_axpy
7e6b95b65dcb69d511057cd3d8b565db1e1227e6,2026-04-27 21:03:51,input_length_2048-num_cores_1-num_channels_1-bypass_False-tile_size_2048,5/5,0.02561988,0.02961346,0.01645056,0.03364713,0.007825959242632815,,,,,,348.52,276.6,243.5,498.0,118.3786171569849,n/a
5503a9566e74d9b7c3221a857d903c0e3b1b7a98,2026-05-11 23:33:39,input_length_2048-num_cores_1-num_channels_1-bypass_False-tile_size_2048,5/5,0.023594064,0.02793892,0.01487413,0.03112403,0.0077060403794153584,,,,,,383.84,293.2,263.2,550.8,140.6644695720991,iron/operators/mem_copy/test.py::test_mem_copy
4d4b803c99fe896d0f08aba5dcc86a8f319c18a5,2026-06-22 17:55:05,input_length_2048-num_cores_1-num_channels_1-bypass_False-tile_size_2048,5/5,0.030575980000000003,0.0343829,0.01468948,0.03795844,0.00969541232875632,,,,,,303.92,238.3,215.8,557.7,144.97534962882486,iron/operators/mem_copy/test.py::test_mem_copy
7e6b95b65dcb69d511057cd3d8b565db1e1227e6,2026-04-27 21:03:51,input_length_2048-num_cores_1-num_channels_1-bypass_True-tile_size_2048,5/5,0.031173726,0.03307146,0.02213181,0.03685309,0.005537362792099683,,,,,,270.92,247.7,222.3,370.1,57.81679686734644,n/a
5503a9566e74d9b7c3221a857d903c0e3b1b7a98,2026-05-11 23:33:39,input_length_2048-num_cores_1-num_channels_1-bypass_True-tile_size_2048,5/5,0.023696402,0.02805201,0.01310542,0.02932574,0.0070751754080319446,,,,,,380.36,292.0,279.3,625.1,147.89147372313255,iron/operators/mem_copy/test.py::test_mem_copy
4d4b803c99fe896d0f08aba5dcc86a8f319c18a5,2026-06-22 17:55:05,input_length_2048-num_cores_1-num_channels_1-bypass_True-tile_size_2048,5/5,0.024728612,0.02273995,0.01606467,0.0354071,0.00710103859888608,,,,,,353.82,360.2,231.4,509.9,102.18750902140631,iron/operators/mem_copy/test.py::test_mem_copy
7e6b95b65dcb69d511057cd3d8b565db1e1227e6,2026-04-27 21:03:51,input_length_2048-num_cores_2-num_channels_1-bypass_False-tile_size_1024,5/5,0.020118642,0.01496447,0.01442614,0.02879589,0.007326506394016864,,,,,,449.2,547.4,284.5,567.9,144.32742289669,n/a
5503a9566e74d9b7c3221a857d903c0e3b1b7a98,2026-05-11 23:33:39,input_length_2048-num_cores_2-num_channels_1-bypass_False-tile_size_1024,5/5,0.020450954,0.01857512,0.01423008,0.03402799,0.0078841546813739,,,,,,438.62,441.0,240.7,575.7,127.09046777787863,iron/operators/mem_copy/test.py::test_mem_copy
4d4b803c99fe896d0f08aba5dcc86a8f319c18a5,2026-06-22 17:55:05,input_length_2048-num_cores_2-num_channels_1-bypass_False-tile_size_1024,5/5,0.026059926,0.02864656,0.01441523,0.03540114,0.009899263935181242,,,,,,360.94,286.0,231.4,568.3,155.44205672854434,iron/operators/mem_copy/test.py::test_mem_copy
7e6b95b65dcb69d511057cd3d8b565db1e1227e6,2026-04-27 21:03:51,input_length_2048-num_cores_2-num_channels_1-bypass_True-tile_size_1024,5/5,0.024486964,0.02793597,0.01619318,0.03219506,0.007372343070858137,,,,,,363.34,293.2,254.4,505.9,120.22663182506611,n/a
5503a9566e74d9b7c3221a857d903c0e3b1b7a98,2026-05-11 23:33:39,input_length_2048-num_cores_2-num_channels_1-bypass_True-tile_size_1024,5/5,0.027577591999999998,0.0282117,0.0231934,0.03089129,0.002878992593524686,,,,,,299.84,290.4,265.2,353.2,33.383648692136696,iron/operators/mem_copy/test.py::test_mem_copy
4d4b803c99fe896d0f08aba5dcc86a8f319c18a5,2026-06-22 17:55:05,input_length_2048-num_cores_2-num_channels_1-bypass_True-tile_size_1024,5/5,0.027722132,0.03079583,0.01464578,0.03348046,0.00750496053499084,,,,,,323.96,266.0,244.7,559.3,132.352910810454,iron/operators/mem_copy/test.py::test_mem_copy
7e6b95b65dcb69d511057cd3d8b565db1e1227e6,2026-04-27 21:03:51,input_length_2048-num_cores_2-num_channels_2-bypass_False-tile_size_1024,5/5,0.0230395376,0.01751887,0.007298308,0.03696467,0.013044546980033411,,,,,,502.92,467.6,221.6,1122.5,367.96038781368844,n/a
5503a9566e74d9b7c3221a857d903c0e3b1b7a98,2026-05-11 23:33:39,input_length_2048-num_cores_2-num_channels_2-bypass_False-tile_size_1024,5/5,0.021562589,0.02328053,0.003318925,0.03524563,0.013659894270101619,,,,,,790.44,351.9,232.4,2468.3,953.281096004741,iron/operators/mem_copy/test.py::test_mem_copy
4d4b803c99fe896d0f08aba5dcc86a8f319c18a5,2026-06-22 17:55:05,input_length_2048-num_cores_2-num_channels_2-bypass_False-tile_size_1024,5/5,0.030372876,0.03092278,0.01962226,0.03892685,0.0069678753101810025,,,,,,283.8,264.9,210.4,417.5,78.65519690395543,iron/operators/mem_copy/test.py::test_mem_copy
7e6b95b65dcb69d511057cd3d8b565db1e1227e6,2026-04-27 21:03:51,input_length_2048-num_cores_2-num_channels_2-bypass_True-tile_size_1024,5/5,0.01777728,0.01609345,0.00422194,0.02747232,0.009758282716736075,,,,,,726.8,509.0,298.2,1940.3,689.9323988623813,n/a
5503a9566e74d9b7c3221a857d903c0e3b1b7a98,2026-05-11 23:33:39,input_length_2048-num_cores_2-num_channels_2-bypass_True-tile_size_1024,5/5,0.0220354926,0.02790362,0.004171203,0.03189125,0.011354745599868533,,,,,,653.5600000000001,293.6,256.9,1963.9,737.2034271488434,iron/operators/mem_copy/test.py::test_mem_copy
4d4b803c99fe896d0f08aba5dcc86a8f319c18a5,2026-06-22 17:55:05,input_length_2048-num_cores_2-num_channels_2-bypass_True-tile_size_1024,5/5,0.033187742,0.03503415,0.02893248,0.03574015,0.0031791342660494842,,,,,,248.74,233.8,229.2,283.1,24.924947341970462,iron/operators/mem_copy/test.py::test_mem_copy
7e6b95b65dcb69d511057cd3d8b565db1e1227e6,2026-04-27 21:03:51,input_length_2048-num_cores_4-num_channels_1-bypass_False-tile_size_512,5/5,0.024714338,0.02672522,0.0149276,0.03517873,0.008546853142263531,,,,,,368.82,306.5,232.9,548.8,137.5358026115382,n/a
5503a9566e74d9b7c3221a857d903c0e3b1b7a98,2026-05-11 23:33:39,input_length_2048-num_cores_4-num_channels_1-bypass_False-tile_size_512,5/5,0.0202918104,0.01584428,0.004273872,0.03556435,0.012475983405335662,,,,,,691.02,517.0,230.3,1916.8,698.1163670907595,iron/operators/mem_copy/test.py::test_mem_copy
4d4b803c99fe896d0f08aba5dcc86a8f319c18a5,2026-06-22 17:55:05,input_length_2048-num_cores_4-num_channels_1-bypass_False-tile_size_512,5/5,0.021547158,0.01674982,0.0143772,0.03205372,0.008362323776553979,,,,,,425.34,489.1,255.6,569.8,146.36091691431835,iron/operators/mem_copy/test.py::test_mem_copy
7e6b95b65dcb69d511057cd3d8b565db1e1227e6,2026-04-27 21:03:51,input_length_2048-num_cores_4-num_channels_1-bypass_True-tile_size_512,5/5,0.019940906,0.01786415,0.01348604,0.03142068,0.007567924205228274,,,,,,455.92,458.6,260.7,607.4,152.62878824127512,n/a
5503a9566e74d9b7c3221a857d903c0e3b1b7a98,2026-05-11 23:33:39,input_length_2048-num_cores_4-num_channels_1-bypass_True-tile_size_512,5/5,0.021022156,0.01374264,0.01301197,0.03387588,0.01054958798053886,,,,,,469.22,596.1,241.8,629.6,198.56086472414447,iron/operators/mem_copy/test.py::test_mem_copy
4d4b803c99fe896d0f08aba5dcc86a8f319c18a5,2026-06-22 17:55:05,input_length_2048-num_cores_4-num_channels_1-bypass_True-tile_size_512,5/5,0.025070501999999998,0.02625582,0.01429801,0.03325715,0.008575873111040647,,,,,,364.74,312.0,246.3,572.9,141.81474888036152,iron/operators/mem_copy/test.py::test_mem_copy
7e6b95b65dcb69d511057cd3d8b565db1e1227e6,2026-04-27 21:03:51,input_length_2048-num_cores_4-num_channels_2-bypass_False-tile_size_512,5/5,0.0218409762,0.02326995,0.008129041,0.03172673,0.009734312721890653,,,,,,478.7,352.0,258.2,1007.7,310.67787980479073,n/a
5503a9566e74d9b7c3221a857d903c0e3b1b7a98,2026-05-11 23:33:39,input_length_2048-num_cores_4-num_channels_2-bypass_False-tile_size_512,5/5,0.0177404698,0.01380694,0.007853589,0.02752975,0.008786933018015456,,,,,,574.72,593.3,297.6,1043.1,304.29383332561963,iron/operators/mem_copy/test.py::test_mem_copy
4d4b803c99fe896d0f08aba5dcc86a8f319c18a5,2026-06-22 17:55:05,input_length_2048-num_cores_4-num_channels_2-bypass_False-tile_size_512,5/5,0.024238726,0.02779267,0.01540834,0.03352033,0.007906919723117847,,,,,,371.96000000000004,294.8,244.4,531.7,131.62193206301146,iron/operators/mem_copy/test.py::test_mem_copy
7e6b95b65dcb69d511057cd3d8b565db1e1227e6,2026-04-27 21:03:51,input_length_2048-num_cores_4-num_channels_2-bypass_True-tile_size_512,5/5,0.0167219338,0.01792525,0.003361589,0.02859646,0.009784077679699922,,,,,,854.14,457.0,286.5,2436.9,900.0980852107175,n/a
5503a9566e74d9b7c3221a857d903c0e3b1b7a98,2026-05-11 23:33:39,input_length_2048-num_cores_4-num_channels_2-bypass_True-tile_size_512,5/5,0.014806094,0.01370532,0.01237864,0.01947689,0.002786294181853381,,,,,,567.0600000000001,597.7,420.6,661.8,92.22691038953867,iron/operators/mem_copy/test.py::test_mem_copy
4d4b803c99fe896d0f08aba5dcc86a8f319c18a5,2026-06-22 17:55:05,input_length_2048-num_cores_4-num_channels_2-bypass_True-tile_size_512,5/5,0.02756436,0.03289194,0.01582527,0.03339829,0.007987776504913618,,,,,,324.38,249.1,245.3,517.7,118.97359791146944,iron/operators/mem_copy/test.py::test_mem_copy
7e6b95b65dcb69d511057cd3d8b565db1e1227e6,2026-04-27 21:03:51,input_length_2048-num_cores_8-num_channels_2-bypass_False-tile_size_256,5/5,0.018770422,0.01238858,0.01167617,0.03411613,0.010006836934544803,,,,,,527.86,661.3,240.1,701.6,219.08414593484395,n/a
5503a9566e74d9b7c3221a857d903c0e3b1b7a98,2026-05-11 23:33:39,input_length_2048-num_cores_8-num_channels_2-bypass_False-tile_size_256,5/5,0.02098049,0.01822814,0.01203326,0.03763512,0.00995249183227497,,,,,,451.7,449.4,217.7,680.8,172.28972691370777,iron/operators/mem_copy/test.py::test_mem_copy
4d4b803c99fe896d0f08aba5dcc86a8f319c18a5,2026-06-22 17:55:05,input_length_2048-num_cores_8-num_channels_2-bypass_False-tile_size_256,5/5,0.01905116,0.01464895,0.01390957,0.02679708,0.006604534932654229,,,,,,470.12,559.2,305.7,588.9,144.80453031587098,iron/operators/mem_copy/test.py::test_mem_copy
7e6b95b65dcb69d511057cd3d8b565db1e1227e6,2026-04-27 21:03:51,input_length_2048-num_cores_8-num_channels_2-bypass_True-tile_size_256,5/5,0.020746244,0.02339709,0.01306708,0.02546195,0.005509749823365849,,,,,,422.68,350.1,321.7,626.9,132.50800730521908,n/a
5503a9566e74d9b7c3221a857d903c0e3b1b7a98,2026-05-11 23:33:39,input_length_2048-num_cores_8-num_channels_2-bypass_True-tile_size_256,5/5,0.023865162,0.01734351,0.01582527,0.0377183,0.010048888265742139,,,,,,389.98,472.3,217.2,517.7,139.83160229361604,iron/operators/mem_copy/test.py::test_mem_copy
4d4b803c99fe896d0f08aba5dcc86a8f319c18a5,2026-06-22 17:55:05,input_length_2048-num_cores_8-num_channels_2-bypass_True-tile_size_256,5/5,0.022869636,0.02464464,0.0152466,0.03097668,0.0073015240356400935,,,,,,392.21999999999997,332.4,264.5,537.3,134.27869153369048,iron/operators/mem_copy/test.py::test_mem_copy
7e6b95b65dcb69d511057cd3d8b565db1e1227e6,2026-04-27 21:03:51,input_length_32768-num_aie_columns_2-num_channels_2-tile_size_1024,5/5,0.41394632,0.4548079,0.2335417,0.5199537,0.1092006487511956,,,,,,342.58000000000004,288.2,252.1,561.2,125.00750777453331,n/a
5503a9566e74d9b7c3221a857d903c0e3b1b7a98,2026-05-11 23:33:39,input_length_32768-num_aie_columns_2-num_channels_2-tile_size_1024,5/5,0.35699822,0.3413404,0.2402452,0.4963984,0.10281624152896274,,,,,,392.54,384.0,264.0,545.6,112.62285736030675,iron/operators/softmax/test.py::test_softmax
4d4b803c99fe896d0f08aba5dcc86a8f319c18a5,2026-06-22 17:55:05,input_length_32768-num_aie_columns_2-num_channels_2-tile_size_1024,5/5,0.35129034,0.2980487,0.2274316,0.4910314,0.11327712730029836,,,,,,405.32,439.8,266.9,576.3,127.36521110570185,iron/operators/softmax/test.py::test_softmax
7e6b95b65dcb69d511057cd3d8b565db1e1227e6,2026-04-27 21:03:51,input_length_32768-num_aie_columns_2-num_channels_2-tile_size_2048,5/5,0.30116856000000003,0.2521018,0.2270172,0.4704936,0.10250809695564542,,,,,,469.2,519.9,278.6,577.4,126.959304503451,n/a
5503a9566e74d9b7c3221a857d903c0e3b1b7a98,2026-05-11 23:33:39,input_length_32768-num_aie_columns_2-num_channels_2-tile_size_2048,5/5,0.36991915999999997,0.4429515,0.2136522,0.5039893,0.13414762733650193,,,,,,402.38,295.9,260.1,613.5,166.72104546217315,iron/operators/softmax/test.py::test_softmax
4d4b803c99fe896d0f08aba5dcc86a8f319c18a5,2026-06-22 17:55:05,input_length_32768-num_aie_columns_2-num_channels_2-tile_size_2048,5/5,0.39197718,0.4129084,0.2303797,0.613745,0.16016180895573076,,,,,,384.91999999999996,317.4,213.6,568.9,159.4913383228067,iron/operators/softmax/test.py::test_softmax
7e6b95b65dcb69d511057cd3d8b565db1e1227e6,2026-04-27 21:03:51,input_length_32768-num_aie_columns_2-num_channels_2-tile_size_512,5/5,0.28318336,0.2657492,0.1959463,0.4684221,0.11072693006966734,,,,,,510.96,493.2,279.8,668.9,159.3386425196349,n/a
5503a9566e74d9b7c3221a857d903c0e3b1b7a98,2026-05-11 23:33:39,input_length_32768-num_aie_columns_2-num_channels_2-tile_size_512,5/5,0.215387598,0.2499628,0.06604518,0.4023057,0.14643994335884974,,,,,,1042.16,524.4,325.8,1984.6,836.3644618227152,iron/operators/softmax/test.py::test_softmax
4d4b803c99fe896d0f08aba5dcc86a8f319c18a5,2026-06-22 17:55:05,input_length_32768-num_aie_columns_2-num_channels_2-tile_size_512,5/5,0.37572163999999997,0.4310558,0.2555687,0.4525576,0.09455388319425596,,,,,,369.8,304.1,289.6,512.9,104.42394361447951,iron/operators/softmax/test.py::test_softmax
7e6b95b65dcb69d511057cd3d8b565db1e1227e6,2026-04-27 21:03:51,input_length_4096-num_aie_columns_1-num_channels_1-tile_size_4096,30/30,0.04276913266666667,0.034976855,0.02386175,0.07870415,0.01711751822868465,,,,,,439.06,469.65,208.2,686.6,150.82033979722937,n/a
5503a9566e74d9b7c3221a857d903c0e3b1b7a98,2026-05-11 23:33:39,input_length_4096-num_aie_columns_1-num_channels_1-tile_size_4096,5/5,0.040096509,0.04008926,0.008275955,0.06232644,0.021163996811459786,,,,,,685.44,408.7,262.9,1979.7,728.8820604185563,iron/operators/gelu/test.py::test_gelu
5503a9566e74d9b7c3221a857d903c0e3b1b7a98,2026-05-11 23:33:39,input_length_4096-num_aie_columns_1-num_channels_1-tile_size_4096,5/5,0.053264234,0.05248809,0.03862356,0.07118774,0.01215698016584423,,,,,,320.52,312.1,230.2,424.2,72.3377287451023,iron/operators/layer_norm/test.py::test_layer_norm
5503a9566e74d9b7c3221a857d903c0e3b1b7a98,2026-05-11 23:33:39,input_length_4096-num_aie_columns_1-num_channels_1-tile_size_4096,5/5,0.05436991,0.05488943,0.03850257,0.065481,0.010180684069710148,,,,,,311.4,298.5,250.2,425.5,68.06368341487259,iron/operators/relu/test.py::test_relu
5503a9566e74d9b7c3221a857d903c0e3b1b7a98,2026-05-11 23:33:39,input_length_4096-num_aie_columns_1-num_channels_1-tile_size_4096,5/5,0.036064987,0.03413532,0.008593605,0.06791774,0.021848612448675548,,,,,,724.6,480.0,241.2,1906.5,674.6516471483635,iron/operators/sigmoid/test.py::test_sigmoid
5503a9566e74d9b7c3221a857d903c0e3b1b7a98,2026-05-11 23:33:39,input_length_4096-num_aie_columns_1-num_channels_1-tile_size_4096,5/5,0.051215064,0.05241069,0.04392717,0.05488023,0.004234644972837746,,,,,,321.84000000000003,312.6,298.5,373.0,29.360739091514706,iron/operators/silu/test.py::test_silu
5503a9566e74d9b7c3221a857d903c0e3b1b7a98,2026-05-11 23:33:39,input_length_4096-num_aie_columns_1-num_channels_1-tile_size_4096,5/5,0.049371965999999996,0.05374394,0.02974388,0.06891939,0.01727016316750308,,,,,,371.02,304.9,237.7,550.8,141.8562899557154,iron/operators/tanh/test.py::test_tanh
4d4b803c99fe896d0f08aba5dcc86a8f319c18a5,2026-06-22 17:55:05,input_length_4096-num_aie_columns_1-num_channels_1-tile_size_4096,5/5,0.052469501999999994,0.05316736,0.04115663,0.06358644,0.008042525429606671,,,,,,318.44,308.2,257.7,398.1,51.02747299249691,iron/operators/gelu/test.py::test_gelu
4d4b803c99fe896d0f08aba5dcc86a8f319c18a5,2026-06-22 17:55:05,input_length_4096-num_aie_columns_1-num_channels_1-tile_size_4096,5/5,0.045548086,0.0423658,0.02966241,0.06391461,0.013052718679276359,,,,,,384.65999999999997,386.7,256.3,552.3,112.42554425040599,iron/operators/layer_norm/test.py::test_layer_norm
4d4b803c99fe896d0f08aba5dcc86a8f319c18a5,2026-06-22 17:55:05,input_length_4096-num_aie_columns_1-num_channels_1-tile_size_4096,5/5,0.042831702,0.03408193,0.02970069,0.06119301,0.015425638558241923,,,,,,421.58,480.7,267.7,551.6,136.19954845740128,iron/operators/relu/test.py::test_relu
4d4b803c99fe896d0f08aba5dcc86a8f319c18a5,2026-06-22 17:55:05,input_length_4096-num_aie_columns_1-num_channels_1-tile_size_4096,5/5,0.06284746199999999,0.06250262,0.05066673,0.07841373,0.010211096863347738,,,,,,266.06,262.1,208.9,323.4,41.80254776924487,iron/operators/sigmoid/test.py::test_sigmoid
4d4b803c99fe896d0f08aba5dcc86a8f319c18a5,2026-06-22 17:55:05,input_length_4096-num_aie_columns_1-num_channels_1-tile_size_4096,5/5,0.048778172,0.05225656,0.03721032,0.06160093,0.010600266427221063,,,,,,349.48,313.5,266.0,440.3,78.7153860436446,iron/operators/silu/test.py::test_silu
4d4b803c99fe896d0f08aba5dcc86a8f319c18a5,2026-06-22 17:55:05,input_length_4096-num_aie_columns_1-num_channels_1-tile_size_4096,5/5,0.043921214,0.04453118,0.02305706,0.06214653,0.016359131139968282,,,,,,426.0,367.9,263.6,710.6,184.31761988480645,iron/operators/tanh/test.py::test_tanh
7e6b95b65dcb69d511057cd3d8b565db1e1227e6,2026-04-27 21:03:51,input_length_4096-num_aie_columns_1-num_channels_1-tile_size_4096-group_size_32,5/5,0.040335002,0.04170143,0.03507517,0.04428954,0.0035642346584603543,,,,,,261.92,251.7,237.0,299.2,24.253803825379634,n/a
5503a9566e74d9b7c3221a857d903c0e3b1b7a98,2026-05-11 23:33:39,input_length_4096-num_aie_columns_1-num_channels_1-tile_size_4096-group_size_32,5/5,0.027356134,0.02432834,0.02006872,0.03612136,0.007052239793255756,,,,,,403.98,431.4,290.6,523.0,99.29064407082875,iron/operators/dequant/test.py::test_dequant
4d4b803c99fe896d0f08aba5dcc86a8f319c18a5,2026-06-22 17:55:05,input_length_4096-num_aie_columns_1-num_channels_1-tile_size_4096-group_size_32,5/5,0.030809064,0.02258399,0.01752939,0.04982034,0.015221216138752842,,,,,,409.84,464.8,210.7,598.8,177.38929787334973,iron/operators/dequant/test.py::test_dequant
7e6b95b65dcb69d511057cd3d8b565db1e1227e6,2026-04-27 21:03:51,input_length_4096-num_aie_columns_1-num_channels_1-tile_size_4096-weighted_False,5/5,0.041030948,0.04698649,0.02495564,0.05314821,0.013046673435373095,,,,,,439.54,348.7,308.3,656.5,159.37463097996493,n/a
5503a9566e74d9b7c3221a857d903c0e3b1b7a98,2026-05-11 23:33:39,input_length_4096-num_aie_columns_1-num_channels_1-tile_size_4096-weighted_False,5/5,0.053364332,0.05481212,0.03800061,0.06341637,0.009378956742811004,,,,,,316.32,298.9,258.4,431.2,66.68385861660977,iron/operators/rms_norm/test.py::test_rms_norm
4d4b803c99fe896d0f08aba5dcc86a8f319c18a5,2026-06-22 17:55:05,input_length_4096-num_aie_columns_1-num_channels_1-tile_size_4096-weighted_False,5/5,0.049403758,0.05037186,0.02771022,0.065615,0.014307364665542709,,,,,,361.92,325.3,249.7,591.3,134.78991802059974,iron/operators/rms_norm/test.py::test_rms_norm
7e6b95b65dcb69d511057cd3d8b565db1e1227e6,2026-04-27 21:03:51,input_length_4096-num_aie_columns_1-num_channels_1-tile_size_4096-weighted_True,5/5,0.056840614,0.04911752,0.03491137,0.1078514,0.029170979440300424,,,,,,501.08,500.4,227.9,704.0,175.20392975044822,n/a
5503a9566e74d9b7c3221a857d903c0e3b1b7a98,2026-05-11 23:33:39,input_length_4096-num_aie_columns_1-num_channels_1-tile_size_4096-weighted_True,5/5,0.070515614,0.08209431,0.04101831,0.09880276,0.025940965187813077,,,,,,396.2,299.4,248.7,599.1,163.6368387619365,iron/operators/rms_norm/test.py::test_rms_norm
4d4b803c99fe896d0f08aba5dcc86a8f319c18a5,2026-06-22 17:55:05,input_length_4096-num_aie_columns_1-num_channels_1-tile_size_4096-weighted_True,5/5,0.061787538,0.06404153,0.03635551,0.08263368,0.0209138440410693,,,,,,441.78,383.8,297.4,676.0,165.68585334904125,iron/operators/rms_norm/test.py::test_rms_norm
7e6b95b65dcb69d511057cd3d8b565db1e1227e6,2026-04-27 21:03:51,input_length_4096-num_aie_columns_1-num_channels_2-tile_size_2048,25/25,0.0454168536,0.04365981,0.02510119,0.06866751,0.01487296719088861,,,,,,401.656,375.3,238.6,652.7,133.74561076910152,n/a
5503a9566e74d9b7c3221a857d903c0e3b1b7a98,2026-05-11 23:33:39,input_length_4096-num_aie_columns_1-num_channels_2-tile_size_2048,5/5,0.05540036,0.05724908,0.02890537,0.0719199,0.016241206796560714,,,,,,327.06,286.2,227.8,566.8,136.85235840130778,iron/operators/gelu/test.py::test_gelu
5503a9566e74d9b7c3221a857d903c0e3b1b7a98,2026-05-11 23:33:39,input_length_4096-num_aie_columns_1-num_channels_2-tile_size_2048,5/5,0.044286149999999996,0.0407475,0.02054242,0.06517804,0.01971652293090747,,,,,,446.32,402.1,251.4,797.6,226.31817646844013,iron/operators/layer_norm/test.py::test_layer_norm
5503a9566e74d9b7c3221a857d903c0e3b1b7a98,2026-05-11 23:33:39,input_length_4096-num_aie_columns_1-num_channels_2-tile_size_2048,5/5,0.036488122,0.0335967,0.02769195,0.04617982,0.0077568247831906086,,,,,,465.40000000000003,487.7,354.8,591.7,97.1796274946555,iron/operators/relu/test.py::test_relu
5503a9566e74d9b7c3221a857d903c0e3b1b7a98,2026-05-11 23:33:39,input_length_4096-num_aie_columns_1-num_channels_2-tile_size_2048,5/5,0.042641078,0.03022995,0.02861904,0.06761168,0.018355092418478037,,,,,,439.06,542.0,242.3,572.5,160.21165063752386,iron/operators/sigmoid/test.py::test_sigmoid
5503a9566e74d9b7c3221a857d903c0e3b1b7a98,2026-05-11 23:33:39,input_length_4096-num_aie_columns_1-num_channels_2-tile_size_2048,5/5,0.046229321999999996,0.05415142,0.02416754,0.06214417,0.015558365397620342,,,,,,399.36,302.6,263.6,677.9,171.5603188385939,iron/operators/tanh/test.py::test_tanh
4d4b803c99fe896d0f08aba5dcc86a8f319c18a5,2026-06-22 17:55:05,input_length_4096-num_aie_columns_1-num_channels_2-tile_size_2048,5/5,0.039924094,0.03827814,0.02052127,0.06130291,0.01740803672839732,,,,,,485.8,428.0,267.3,798.4,224.42360615585875,iron/operators/gelu/test.py::test_gelu
4d4b803c99fe896d0f08aba5dcc86a8f319c18a5,2026-06-22 17:55:05,input_length_4096-num_aie_columns_1-num_channels_2-tile_size_2048,5/5,0.032201648,0.02862354,0.02621587,0.04627778,0.008100993977578923,,,,,,529.8199999999999,572.4,354.0,625.0,105.32787855074268,iron/operators/layer_norm/test.py::test_layer_norm
4d4b803c99fe896d0f08aba5dcc86a8f319c18a5,2026-06-22 17:55:05,input_length_4096-num_aie_columns_1-num_channels_2-tile_size_2048,5/5,0.043901884,0.04436814,0.02644351,0.06335752,0.01560514094662493,,,,,,416.24,369.3,258.6,619.6,154.8047253800736,iron/operators/relu/test.py::test_relu
4d4b803c99fe896d0f08aba5dcc86a8f319c18a5,2026-06-22 17:55:05,input_length_4096-num_aie_columns_1-num_channels_2-tile_size_2048,5/5,0.04785111,0.03812467,0.02744007,0.07347448,0.02095366772190611,,,,,,397.76,429.7,223.0,597.1,161.51256297885934,iron/operators/sigmoid/test.py::test_sigmoid
4d4b803c99fe896d0f08aba5dcc86a8f319c18a5,2026-06-22 17:55:05,input_length_4096-num_aie_columns_1-num_channels_2-tile_size_2048,5/5,0.044312224,0.03362849,0.02437359,0.07021845,0.021764333732710035,,,,,,445.90000000000003,487.2,233.3,672.2,197.44766395174193,iron/operators/tanh/test.py::test_tanh
7e6b95b65dcb69d511057cd3d8b565db1e1227e6,2026-04-27 21:03:51,input_length_4096-num_aie_columns_1-num_channels_2-tile_size_2048-group_size_32,5/5,0.035320607999999996,0.03745655,0.01868756,0.04725629,0.010406742005025877,,,,,,327.78000000000003,280.2,222.1,561.7,133.96580533852662,n/a
5503a9566e74d9b7c3221a857d903c0e3b1b7a98,2026-05-11 23:33:39,input_length_4096-num_aie_columns_1-num_channels_2-tile_size_2048-group_size_32,5/5,0.02761896,0.02182057,0.01749456,0.04301128,0.010873636264113766,,,,,,425.88,481.0,244.0,600.0,148.59763457067544,iron/operators/dequant/test.py::test_dequant
4d4b803c99fe896d0f08aba5dcc86a8f319c18a5,2026-06-22 17:55:05,input_length_4096-num_aie_columns_1-num_channels_2-tile_size_2048-group_size_32,5/5,0.02791198,0.02278638,0.01798748,0.05490401,0.01536786318082153,,,,,,442.48,460.6,191.2,583.5,156.14729264383678,iron/operators/dequant/test.py::test_dequant
7e6b95b65dcb69d511057cd3d8b565db1e1227e6,2026-04-27 21:03:51,input_length_4096-num_aie_columns_1-num_channels_2-tile_size_2048-weighted_False,5/5,0.048979075999999996,0.05630086,0.03141881,0.06407509,0.015202595844281989,,,,,,365.76,291.0,255.7,521.5,126.42083689012662,n/a
5503a9566e74d9b7c3221a857d903c0e3b1b7a98,2026-05-11 23:33:39,input_length_4096-num_aie_columns_1-num_channels_2-tile_size_2048-weighted_False,5/5,0.056276136,0.05684704,0.04473704,0.06627188,0.008917645211743402,,,,,,297.3,288.2,247.2,366.2,49.05323638660348,iron/operators/rms_norm/test.py::test_rms_norm
4d4b803c99fe896d0f08aba5dcc86a8f319c18a5,2026-06-22 17:55:05,input_length_4096-num_aie_columns_1-num_channels_2-tile_size_2048-weighted_False,5/5,0.045104624,0.05271812,0.02012055,0.06451969,0.019862144498782854,,,,,,447.28,310.8,253.9,814.3,245.0898345505174,iron/operators/rms_norm/test.py::test_rms_norm
7e6b95b65dcb69d511057cd3d8b565db1e1227e6,2026-04-27 21:03:51,input_length_4096-num_aie_columns_1-num_channels_2-tile_size_2048-weighted_True,5/5,0.044141426000000004,0.03719538,0.03167944,0.07490993,0.017499578230699732,,,,,,507.82,550.6,273.4,646.5,140.86941470738068,n/a
5503a9566e74d9b7c3221a857d903c0e3b1b7a98,2026-05-11 23:33:39,input_length_4096-num_aie_columns_1-num_channels_2-tile_size_2048-weighted_True,5/5,0.047137686,0.04625405,0.03274568,0.05962762,0.011492549274905459,,,,,,457.08,442.8,343.5,625.4,117.5407461266092,iron/operators/rms_norm/test.py::test_rms_norm
4d4b803c99fe896d0f08aba5dcc86a8f319c18a5,2026-06-22 17:55:05,input_length_4096-num_aie_columns_1-num_channels_2-tile_size_2048-weighted_True,5/5,0.049008197999999996,0.04426098,0.03705989,0.07511379,0.014979765661610665,,,,,,442.82,462.7,272.7,552.6,103.58188548197026,iron/operators/rms_norm/test.py::test_rms_norm
7e6b95b65dcb69d511057cd3d8b565db1e1227e6,2026-04-27 21:03:51,input_length_4096-num_aie_columns_1-tile_size_4096,10/10,0.062138181,0.0599215,0.01309127,0.1001785,0.032090736980578974,,,,,,658.21,410.29999999999995,245.3,1877.3,640.1972446919083,n/a
5503a9566e74d9b7c3221a857d903c0e3b1b7a98,2026-05-11 23:33:39,input_length_4096-num_aie_columns_1-tile_size_4096,5/5,0.058409918,0.05193257,0.0442968,0.08745627,0.017046699425670945,,,,,,444.53999999999996,473.2,281.0,554.8,103.68132908098737,iron/operators/elementwise_add/test.py::test_elementwise_add
5503a9566e74d9b7c3221a857d903c0e3b1b7a98,2026-05-11 23:33:39,input_length_4096-num_aie_columns_1-tile_size_4096,5/5,0.067072128,0.06749534,0.0458706,0.09039249,0.020245364643124365,,,,,,395.71999999999997,364.1,271.9,535.8,122.70656869132962,iron/operators/elementwise_mul/test.py::test_elementwise_mul
4d4b803c99fe896d0f08aba5dcc86a8f319c18a5,2026-06-22 17:55:05,input_length_4096-num_aie_columns_1-tile_size_4096,5/5,0.057148426,0.05451182,0.03297371,0.09232468,0.021675561824532487,,,,,,478.58,450.8,266.2,745.3,172.16980571517178,iron/operators/elementwise_add/test.py::test_elementwise_add
4d4b803c99fe896d0f08aba5dcc86a8f319c18a5,2026-06-22 17:55:05,input_length_4096-num_aie_columns_1-tile_size_4096,5/5,0.075166998,0.08171435,0.04296616,0.09899419,0.0233652933771025,,,,,,359.68,300.8,248.3,572.0,134.55648256401471,iron/operators/elementwise_mul/test.py::test_elementwise_mul
7e6b95b65dcb69d511057cd3d8b565db1e1227e6,2026-04-27 21:03:51,input_length_4096-num_aie_columns_1-tile_size_4096-scalar_factor_10.0,5/5,0.069073294,0.0841961,0.01383907,0.09713988,0.034068478884631465,,,,,,601.16,291.9,253.0,1775.8,659.7089456722563,n/a
5503a9566e74d9b7c3221a857d903c0e3b1b7a98,2026-05-11 23:33:39,input_length_4096-num_aie_columns_1-tile_size_4096-scalar_factor_10.0,5/5,0.07481089,0.0874846,0.0473905,0.09014316,0.020171840496513944,,,,,,352.28000000000003,280.9,272.6,518.6,111.23199629602986,iron/operators/axpy/test.py::test_axpy
4d4b803c99fe896d0f08aba5dcc86a8f319c18a5,2026-06-22 17:55:05,input_length_4096-num_aie_columns_1-tile_size_4096-scalar_factor_10.0,5/5,0.06882408,0.0673138,0.05383111,0.08441097,0.01179274051287698,,,,,,365.72,365.1,291.1,456.5,63.6826664014628,iron/operators/axpy/test.py::test_axpy
7e6b95b65dcb69d511057cd3d8b565db1e1227e6,2026-04-27 21:03:51,input_length_4096-num_aie_columns_1-tile_size_4096-scalar_factor_3.0,5/5,0.071032398,0.07269156,0.04134117,0.09142653,0.01838595403626013,,,,,,371.88,338.1,268.8,594.5,127.907884823415,n/a
5503a9566e74d9b7c3221a857d903c0e3b1b7a98,2026-05-11 23:33:39,input_length_4096-num_aie_columns_1-tile_size_4096-scalar_factor_3.0,5/5,0.08524604399999999,0.09278584,0.04900665,0.1028547,0.021692483201752856,,,,,,310.26,264.9,238.9,501.5,109.28084461606252,iron/operators/axpy/test.py::test_axpy
4d4b803c99fe896d0f08aba5dcc86a8f319c18a5,2026-06-22 17:55:05,input_length_4096-num_aie_columns_1-tile_size_4096-scalar_factor_3.0,5/5,0.075363782,0.08298021,0.04489595,0.09670717,0.02152868085403098,,,,,,353.44,296.2,254.1,547.4,121.87552256298227,iron/operators/axpy/test.py::test_axpy
7e6b95b65dcb69d511057cd3d8b565db1e1227e6,2026-04-27 21:03:51,input_length_4096-num_aie_columns_2-num_channels_1-tile_size_2048,30/30,0.042952285666666666,0.035708825,0.01695492,0.07342838,0.015968281622720987,,,,,,435.6533333333333,458.8,223.1,966.3,164.48122570431983,n/a
5503a9566e74d9b7c3221a857d903c0e3b1b7a98,2026-05-11 23:33:39,input_length_4096-num_aie_columns_2-num_channels_1-tile_size_2048,5/5,0.04474126,0.04129282,0.0279475,0.06044664,0.01310784651586217,,,,,,394.64,396.8,271.0,586.2,124.93081285255454,iron/operators/gelu/test.py::test_gelu
5503a9566e74d9b7c3221a857d903c0e3b1b7a98,2026-05-11 23:33:39,input_length_4096-num_aie_columns_2-num_channels_1-tile_size_2048,5/5,0.045834664,0.04921524,0.02775021,0.06972746,0.017303238946937943,,,,,,402.96,332.9,235.0,590.4,154.96042397980202,iron/operators/layer_norm/test.py::test_layer_norm
5503a9566e74d9b7c3221a857d903c0e3b1b7a98,2026-05-11 23:33:39,input_length_4096-num_aie_columns_2-num_channels_1-tile_size_2048,5/5,0.05011787,0.05523603,0.02831721,0.06098755,0.013177812381581019,,,,,,353.66,296.6,268.6,578.6,128.97165580079988,iron/operators/relu/test.py::test_relu
5503a9566e74d9b7c3221a857d903c0e3b1b7a98,2026-05-11 23:33:39,input_length_4096-num_aie_columns_2-num_channels_1-tile_size_2048,5/5,0.048973678,0.05173922,0.03871035,0.05795297,0.008976177189771268,,,,,,344.21999999999997,316.7,282.7,423.2,66.18864706277053,iron/operators/sigmoid/test.py::test_sigmoid
5503a9566e74d9b7c3221a857d903c0e3b1b7a98,2026-05-11 23:33:39,input_length_4096-num_aie_columns_2-num_channels_1-tile_size_2048,5/5,0.039421456,0.03817717,0.01523127,0.05665989,0.016909267108871986,,,,,,518.96,429.2,289.2,1075.7,323.30011289821726,iron/operators/silu/test.py::test_silu
5503a9566e74d9b7c3221a857d903c0e3b1b7a98,2026-05-11 23:33:39,input_length_4096-num_aie_columns_2-num_channels_1-tile_size_2048,5/5,0.041530226,0.03716137,0.03206632,0.067564,0.014774288187773378,,,,,,424.74,440.9,242.5,510.9,107.47349905907036,iron/operators/tanh/test.py::test_tanh
4d4b803c99fe896d0f08aba5dcc86a8f319c18a5,2026-06-22 17:55:05,input_length_4096-num_aie_columns_2-num_channels_1-tile_size_2048,5/5,0.042911504,0.0384862,0.02981055,0.05950072,0.012522470050873749,,,,,,407.94,425.7,275.4,549.6,113.53745197070437,iron/operators/gelu/test.py::test_gelu
4d4b803c99fe896d0f08aba5dcc86a8f319c18a5,2026-06-22 17:55:05,input_length_4096-num_aie_columns_2-num_channels_1-tile_size_2048,5/5,0.036489414,0.02885381,0.02661741,0.06903875,0.018223836316722117,,,,,,510.36,567.8,237.3,615.5,154.15258025735412,iron/operators/layer_norm/test.py::test_layer_norm
4d4b803c99fe896d0f08aba5dcc86a8f319c18a5,2026-06-22 17:55:05,input_length_4096-num_aie_columns_2-num_channels_1-tile_size_2048,5/5,0.04275665,0.03219076,0.02818641,0.0863971,0.024537954390684243,,,,,,452.36,509.0,189.6,581.3,153.0897873798249,iron/operators/relu/test.py::test_relu
4d4b803c99fe896d0f08aba5dcc86a8f319c18a5,2026-06-22 17:55:05,input_length_4096-num_aie_columns_2-num_channels_1-tile_size_2048,5/5,0.05256965,0.06260556,0.02115495,0.07975583,0.024007485659930113,,,,,,393.9,261.7,205.4,774.5,236.8845182784219,iron/operators/sigmoid/test.py::test_sigmoid
4d4b803c99fe896d0f08aba5dcc86a8f319c18a5,2026-06-22 17:55:05,input_length_4096-num_aie_columns_2-num_channels_1-tile_size_2048,5/5,0.0378337356,0.03471871,0.008270428,0.06586321,0.021230685888262935,,,,,,710.0,471.9,248.8,1981.0,717.9752119676556,iron/operators/silu/test.py::test_silu
4d4b803c99fe896d0f08aba5dcc86a8f319c18a5,2026-06-22 17:55:05,input_length_4096-num_aie_columns_2-num_channels_1-tile_size_2048,5/5,0.040496924000000004,0.03317613,0.03128479,0.06071589,0.012457094282884754,,,,,,430.88,493.8,269.8,523.7,108.30584933418879,iron/operators/tanh/test.py::test_tanh
7e6b95b65dcb69d511057cd3d8b565db1e1227e6,2026-04-27 21:03:51,input_length_4096-num_aie_columns_2-num_channels_1-tile_size_2048-group_size_32,5/5,0.030274318,0.02040007,0.0181316,0.04779969,0.01544753408110725,,,,,,421.09999999999997,514.5,219.6,578.9,182.82815702183294,n/a
5503a9566e74d9b7c3221a857d903c0e3b1b7a98,2026-05-11 23:33:39,input_length_4096-num_aie_columns_2-num_channels_1-tile_size_2048-group_size_32,5/5,0.029902272,0.03202871,0.01438595,0.04146388,0.012252714977011015,,,,,,416.15999999999997,327.7,253.1,729.6,205.5175369646104,iron/operators/dequant/test.py::test_dequant
4d4b803c99fe896d0f08aba5dcc86a8f319c18a5,2026-06-22 17:55:05,input_length_4096-num_aie_columns_2-num_channels_1-tile_size_2048-group_size_32,5/5,0.031904416,0.03148104,0.01786724,0.04627744,0.012858277228817631,,,,,,379.9,333.4,226.8,587.4,161.52439444244945,iron/operators/dequant/test.py::test_dequant
7e6b95b65dcb69d511057cd3d8b565db1e1227e6,2026-04-27 21:03:51,input_length_4096-num_aie_columns_2-num_channels_1-tile_size_2048-weighted_False,5/5,0.047299328,0.04657311,0.0264089,0.06026388,0.013579525522287958,,,,,,378.08,351.8,271.9,620.4,141.81173082647288,n/a
5503a9566e74d9b7c3221a857d903c0e3b1b7a98,2026-05-11 23:33:39,input_length_4096-num_aie_columns_2-num_channels_1-tile_size_2048-weighted_False,5/5,0.0393725026,0.02782056,0.006609573,0.0704576,0.027406336311833507,,,,,,832.96,588.9,232.5,2478.8,937.5104068755718,iron/operators/rms_norm/test.py::test_rms_norm
4d4b803c99fe896d0f08aba5dcc86a8f319c18a5,2026-06-22 17:55:05,input_length_4096-num_aie_columns_2-num_channels_1-tile_size_2048-weighted_False,5/5,0.04404727,0.03994237,0.02769008,0.05777701,0.012965794131446403,,,,,,401.0,410.2,283.6,591.7,126.31177696477872,iron/operators/rms_norm/test.py::test_rms_norm
7e6b95b65dcb69d511057cd3d8b565db1e1227e6,2026-04-27 21:03:51,input_length_4096-num_aie_columns_2-num_channels_1-tile_size_2048-weighted_True,5/5,0.052843092,0.03630942,0.03239071,0.1206985,0.03799639482001509,,,,,,492.38,564.0,169.7,632.3,184.07003286792775,n/a
5503a9566e74d9b7c3221a857d903c0e3b1b7a98,2026-05-11 23:33:39,input_length_4096-num_aie_columns_2-num_channels_1-tile_size_2048-weighted_True,5/5,0.056486294,0.05095098,0.04058588,0.07400181,0.014507851274729833,,,,,,382.04,402.0,276.8,504.6,95.69364137705286,iron/operators/rms_norm/test.py::test_rms_norm
4d4b803c99fe896d0f08aba5dcc86a8f319c18a5,2026-06-22 17:55:05,input_length_4096-num_aie_columns_2-num_channels_1-tile_size_2048-weighted_True,5/5,0.060408266,0.04381133,0.04250232,0.08870639,0.02351992384287266,,,,,,379.18,467.5,230.9,481.9,128.9578497029165,iron/operators/rms_norm/test.py::test_rms_norm
7e6b95b65dcb69d511057cd3d8b565db1e1227e6,2026-04-27 21:03:51,input_length_4096-num_aie_columns_2-num_channels_2-tile_size_1024,25/25,0.0430915304,0.03577433,0.01513497,0.07758017,0.01649634650171705,,,,,,442.124,458.0,211.2,1082.5,190.86374782376387,n/a
5503a9566e74d9b7c3221a857d903c0e3b1b7a98,2026-05-11 23:33:39,input_length_4096-num_aie_columns_2-num_channels_2-tile_size_1024,5/5,0.049269342,0.03742246,0.02900742,0.08103269,0.022271098647764775,,,,,,386.09999999999997,437.8,202.2,564.8,151.9381124010694,iron/operators/gelu/test.py::test_gelu
5503a9566e74d9b7c3221a857d903c0e3b1b7a98,2026-05-11 23:33:39,input_length_4096-num_aie_columns_2-num_channels_2-tile_size_1024,5/5,0.041703874,0.04700415,0.02746592,0.05173416,0.0108558433615832,,,,,,418.44,348.6,316.7,596.5,123.62674872372888,iron/operators/layer_norm/test.py::test_layer_norm
5503a9566e74d9b7c3221a857d903c0e3b1b7a98,2026-05-11 23:33:39,input_length_4096-num_aie_columns_2-num_channels_2-tile_size_1024,5/5,0.030310378000000002,0.03548494,0.01540416,0.04079834,0.011268711913369691,,,,,,624.14,461.7,401.6,1063.6,287.0623416611799,iron/operators/relu/test.py::test_relu
5503a9566e74d9b7c3221a857d903c0e3b1b7a98,2026-05-11 23:33:39,input_length_4096-num_aie_columns_2-num_channels_2-tile_size_1024,5/5,0.040731268,0.03523638,0.02642299,0.07017033,0.017851577884376777,,,,,,455.62,465.0,233.5,620.1,158.32254103569713,iron/operators/sigmoid/test.py::test_sigmoid
5503a9566e74d9b7c3221a857d903c0e3b1b7a98,2026-05-11 23:33:39,input_length_4096-num_aie_columns_2-num_channels_2-tile_size_1024,5/5,0.027942488,0.02880303,0.01508083,0.03525002,0.007957937303115677,,,,,,643.08,568.8,464.8,1086.4,254.6912778247422,iron/operators/tanh/test.py::test_tanh
4d4b803c99fe896d0f08aba5dcc86a8f319c18a5,2026-06-22 17:55:05,input_length_4096-num_aie_columns_2-num_channels_2-tile_size_1024,5/5,0.04395838,0.03344895,0.03185832,0.08255859,0.02174691123108636,,,,,,423.96,489.8,198.5,514.3,130.85867567723585,iron/operators/gelu/test.py::test_gelu
4d4b803c99fe896d0f08aba5dcc86a8f319c18a5,2026-06-22 17:55:05,input_length_4096-num_aie_columns_2-num_channels_2-tile_size_1024,5/5,0.0303336926,0.03020705,0.006719893,0.05203549,0.01650658678926442,,,,,,874.5999999999999,542.4,314.9,2438.1,881.9241690757772,iron/operators/layer_norm/test.py::test_layer_norm
4d4b803c99fe896d0f08aba5dcc86a8f319c18a5,2026-06-22 17:55:05,input_length_4096-num_aie_columns_2-num_channels_2-tile_size_1024,5/5,0.0323100022,0.03096667,0.006650101,0.04863554,0.017363624163719945,,,,,,854.8199999999999,529.1,336.9,2463.7,906.9976995560683,iron/operators/relu/test.py::test_relu
4d4b803c99fe896d0f08aba5dcc86a8f319c18a5,2026-06-22 17:55:05,input_length_4096-num_aie_columns_2-num_channels_2-tile_size_1024,5/5,0.046723348,0.05090649,0.03072526,0.05712114,0.011860541656259634,,,,,,372.28000000000003,321.8,286.8,533.2,107.73788562989346,iron/operators/sigmoid/test.py::test_sigmoid
4d4b803c99fe896d0f08aba5dcc86a8f319c18a5,2026-06-22 17:55:05,input_length_4096-num_aie_columns_2-num_channels_2-tile_size_1024,5/5,0.041359918,0.04201855,0.02994322,0.05428617,0.009520391253497412,,,,,,413.7,389.9,301.8,547.2,96.85713706278956,iron/operators/tanh/test.py::test_tanh
7e6b95b65dcb69d511057cd3d8b565db1e1227e6,2026-04-27 21:03:51,input_length_4096-num_aie_columns_2-num_channels_2-tile_size_1024-group_size_32,5/5,0.028893872,0.02742977,0.01739433,0.04454744,0.010385782768885068,,,,,,401.74,382.6,235.6,603.4,140.21400785941466,n/a
5503a9566e74d9b7c3221a857d903c0e3b1b7a98,2026-05-11 23:33:39,input_length_4096-num_aie_columns_2-num_channels_2-tile_size_1024-group_size_32,5/5,0.024566016,0.01982641,0.01757291,0.04270277,0.010324512130603557,,,,,,472.21999999999997,529.4,245.8,597.3,136.13921918389275,iron/operators/dequant/test.py::test_dequant
4d4b803c99fe896d0f08aba5dcc86a8f319c18a5,2026-06-22 17:55:05,input_length_4096-num_aie_columns_2-num_channels_2-tile_size_1024-group_size_32,5/5,0.033788844,0.03494776,0.01745055,0.05026748,0.013950030668626863,,,,,,364.18,300.3,208.8,601.5,167.3434402658198,iron/operators/dequant/test.py::test_dequant
7e6b95b65dcb69d511057cd3d8b565db1e1227e6,2026-04-27 21:03:51,input_length_4096-num_aie_columns_2-num_channels_2-tile_size_1024-weighted_False,5/5,0.04046639,0.03814331,0.03006873,0.05984476,0.011908482843005231,,,,,,429.76,429.5,273.8,544.9,108.01373986674102,n/a
5503a9566e74d9b7c3221a857d903c0e3b1b7a98,2026-05-11 23:33:39,input_length_4096-num_aie_columns_2-num_channels_2-tile_size_1024-weighted_False,5/5,0.057359178000000004,0.06795154,0.03489276,0.07483602,0.01875156079246525,,,,,,316.3,241.1,218.9,469.6,117.85068943370675,iron/operators/rms_norm/test.py::test_rms_norm
4d4b803c99fe896d0f08aba5dcc86a8f319c18a5,2026-06-22 17:55:05,input_length_4096-num_aie_columns_2-num_channels_2-tile_size_1024-weighted_False,5/5,0.04332655,0.03546489,0.02990436,0.07905428,0.020494582621024514,,,,,,429.02,462.0,207.2,547.9,138.14695798315645,iron/operators/rms_norm/test.py::test_rms_norm
7e6b95b65dcb69d511057cd3d8b565db1e1227e6,2026-04-27 21:03:51,input_length_4096-num_aie_columns_2-num_channels_2-tile_size_1024-weighted_True,5/5,0.028815562,0.0299797,0.01707948,0.03418049,0.006967555364327577,,,,,,682.84,614.8,539.3,1079.2,225.78156036310853,n/a
5503a9566e74d9b7c3221a857d903c0e3b1b7a98,2026-05-11 23:33:39,input_length_4096-num_aie_columns_2-num_channels_2-tile_size_1024-weighted_True,5/5,0.054248646,0.05469858,0.03309412,0.07908761,0.017453849090383475,,,,,,370.58,337.0,233.1,557.0,124.43043036170855,iron/operators/rms_norm/test.py::test_rms_norm
4d4b803c99fe896d0f08aba5dcc86a8f319c18a5,2026-06-22 17:55:05,input_length_4096-num_aie_columns_2-num_channels_2-tile_size_1024-weighted_True,5/5,0.04867124,0.05342175,0.02602574,0.06593336,0.017070705425533825,,,,,,428.26,345.0,279.6,708.2,181.0883983031492,iron/operators/rms_norm/test.py::test_rms_norm
7e6b95b65dcb69d511057cd3d8b565db1e1227e6,2026-04-27 21:03:51,input_length_4096-num_aie_columns_2-tile_size_2048,10/10,0.062661304,0.055964484999999994,0.01255824,0.1090793,0.030824645653762618,,,,,,565.0,440.2,225.3,1957.0,508.53769881013847,n/a
5503a9566e74d9b7c3221a857d903c0e3b1b7a98,2026-05-11 23:33:39,input_length_4096-num_aie_columns_2-tile_size_2048,5/5,0.050233566,0.04487792,0.04072961,0.07300315,0.013439473920236982,,,,,,512.64,547.6,336.6,603.4,110.63881778110247,iron/operators/elementwise_add/test.py::test_elementwise_add
5503a9566e74d9b7c3221a857d903c0e3b1b7a98,2026-05-11 23:33:39,input_length_4096-num_aie_columns_2-tile_size_2048,5/5,0.07387702,0.05826569,0.0421844,0.1272293,0.035029210916278856,,,,,,390.2,421.8,193.2,582.6,157.84630182554167,iron/operators/elementwise_mul/test.py::test_elementwise_mul
4d4b803c99fe896d0f08aba5dcc86a8f319c18a5,2026-06-22 17:55:05,input_length_4096-num_aie_columns_2-tile_size_2048,5/5,0.051852544,0.04418356,0.04194708,0.07792183,0.015015318423377841,,,,,,499.34,556.2,315.4,585.9,110.51960459574582,iron/operators/elementwise_add/test.py::test_elementwise_add
4d4b803c99fe896d0f08aba5dcc86a8f319c18a5,2026-06-22 17:55:05,input_length_4096-num_aie_columns_2-tile_size_2048,5/5,0.060134556,0.05835284,0.05038988,0.07865377,0.01116226381217672,,,,,,418.71999999999997,421.2,312.5,487.7,68.18740352880435,iron/operators/elementwise_mul/test.py::test_elementwise_mul
7e6b95b65dcb69d511057cd3d8b565db1e1227e6,2026-04-27 21:03:51,input_length_4096-num_aie_columns_2-tile_size_2048-scalar_factor_10.0,5/5,0.075791672,0.05604625,0.04122992,0.1409514,0.04313048837700856,,,,,,407.46000000000004,438.5,174.4,596.1,190.20660608927338,n/a
5503a9566e74d9b7c3221a857d903c0e3b1b7a98,2026-05-11 23:33:39,input_length_4096-num_aie_columns_2-tile_size_2048-scalar_factor_10.0,5/5,0.07826644,0.08509342,0.01309787,0.1566498,0.05376832485563364,,,,,,624.34,288.8,156.9,1876.3,712.5762787238991,iron/operators/axpy/test.py::test_axpy
4d4b803c99fe896d0f08aba5dcc86a8f319c18a5,2026-06-22 17:55:05,input_length_4096-num_aie_columns_2-tile_size_2048-scalar_factor_10.0,5/5,0.061662866,0.05001587,0.04327004,0.08954115,0.022278415134771815,,,,,,439.52,491.4,274.5,568.0,142.48802405816429,iron/operators/axpy/test.py::test_axpy
7e6b95b65dcb69d511057cd3d8b565db1e1227e6,2026-04-27 21:03:51,input_length_4096-num_aie_columns_2-tile_size_2048-scalar_factor_3.0,5/5,0.075350728,0.0794666,0.0392935,0.09807568,0.023288429345108698,,,,,,362.88,309.3,250.6,625.4,152.9762955493432,n/a
5503a9566e74d9b7c3221a857d903c0e3b1b7a98,2026-05-11 23:33:39,input_length_4096-num_aie_columns_2-tile_size_2048-scalar_factor_3.0,5/5,0.07310619,0.08642444,0.04030332,0.1041254,0.02831053314727577,,,,,,388.58,284.4,236.0,609.8,171.26164777906348,iron/operators/axpy/test.py::test_axpy
4d4b803c99fe896d0f08aba5dcc86a8f319c18a5,2026-06-22 17:55:05,input_length_4096-num_aie_columns_2-tile_size_2048-scalar_factor_3.0,5/5,0.076991052,0.0776726,0.05381944,0.116437,0.025491944388200755,,,,,,346.06,316.4,211.1,456.6,104.30857107639812,iron/operators/axpy/test.py::test_axpy
7e6b95b65dcb69d511057cd3d8b565db1e1227e6,2026-04-27 21:03:51,input_length_4096-num_aie_columns_4-num_channels_1-tile_size_1024,30/30,0.0440622218,0.039348035,0.008591654,0.08138328,0.01828980802400885,,,,,,462.68333333333334,417.1,201.3,1907.0,306.8620616580966,n/a
5503a9566e74d9b7c3221a857d903c0e3b1b7a98,2026-05-11 23:33:39,input_length_4096-num_aie_columns_4-num_channels_1-tile_size_1024,5/5,0.052956596,0.05333715,0.03908695,0.0739998,0.013401202602351775,,,,,,324.34,307.2,221.4,419.2,75.43704660178578,iron/operators/gelu/test.py::test_gelu
5503a9566e74d9b7c3221a857d903c0e3b1b7a98,2026-05-11 23:33:39,input_length_4096-num_aie_columns_4-num_channels_1-tile_size_1024,5/5,0.037050698,0.03207825,0.02823508,0.05783003,0.011914519285043354,,,,,,470.98,510.8,283.3,580.3,113.41964997300951,iron/operators/layer_norm/test.py::test_layer_norm
5503a9566e74d9b7c3221a857d903c0e3b1b7a98,2026-05-11 23:33:39,input_length_4096-num_aie_columns_4-num_channels_1-tile_size_1024,5/5,0.05058646,0.05323145,0.02695034,0.06831762,0.015142708534157619,,,,,,357.34,307.8,239.8,607.9,144.65152263284335,iron/operators/relu/test.py::test_relu
5503a9566e74d9b7c3221a857d903c0e3b1b7a98,2026-05-11 23:33:39,input_length_4096-num_aie_columns_4-num_channels_1-tile_size_1024,5/5,0.066492806,0.06606558,0.05528467,0.0826548,0.011781501739879343,,,,,,252.54,248.0,198.2,296.4,43.573937164318764,iron/operators/sigmoid/test.py::test_sigmoid
5503a9566e74d9b7c3221a857d903c0e3b1b7a98,2026-05-11 23:33:39,input_length_4096-num_aie_columns_4-num_channels_1-tile_size_1024,5/5,0.032648184,0.0334633,0.02699528,0.03548025,0.0034041771845675127,,,,,,506.74,489.6,461.8,606.9,58.83585641426492,iron/operators/silu/test.py::test_silu
5503a9566e74d9b7c3221a857d903c0e3b1b7a98,2026-05-11 23:33:39,input_length_4096-num_aie_columns_4-num_channels_1-tile_size_1024,5/5,0.037750151999999995,0.03487865,0.02914177,0.05560797,0.010461572385082465,,,,,,456.22,469.7,294.6,562.2,101.87272451446462,iron/operators/tanh/test.py::test_tanh
4d4b803c99fe896d0f08aba5dcc86a8f319c18a5,2026-06-22 17:55:05,input_length_4096-num_aie_columns_4-num_channels_1-tile_size_1024,5/5,0.043677969999999997,0.0395158,0.02701847,0.07428533,0.018761472299002813,,,,,,424.82,414.6,220.6,606.4,151.60647083815385,iron/operators/gelu/test.py::test_gelu
4d4b803c99fe896d0f08aba5dcc86a8f319c18a5,2026-06-22 17:55:05,input_length_4096-num_aie_columns_4-num_channels_1-tile_size_1024,5/5,0.0287590816,0.03191491,0.008244078,0.04040115,0.012604187122042927,,,,,,794.1600000000001,513.4,405.5,1987.4,671.9087311532721,iron/operators/layer_norm/test.py::test_layer_norm
4d4b803c99fe896d0f08aba5dcc86a8f319c18a5,2026-06-22 17:55:05,input_length_4096-num_aie_columns_4-num_channels_1-tile_size_1024,5/5,0.04283443,0.03873607,0.02904496,0.0601219,0.013952009587469828,,,,,,415.86,423.0,272.5,564.1,129.68250845815714,iron/operators/relu/test.py::test_relu
4d4b803c99fe896d0f08aba5dcc86a8f319c18a5,2026-06-22 17:55:05,input_length_4096-num_aie_columns_4-num_channels_1-tile_size_1024,5/5,0.053921274,0.05371733,0.03331469,0.08188888,0.021132068572684265,,,,,,345.52,305.0,200.1,491.8,136.1380439113182,iron/operators/sigmoid/test.py::test_sigmoid
4d4b803c99fe896d0f08aba5dcc86a8f319c18a5,2026-06-22 17:55:05,input_length_4096-num_aie_columns_4-num_channels_1-tile_size_1024,5/5,0.03647359,0.03077322,0.02022858,0.05786496,0.014895821143998742,,,,,,512.6800000000001,532.4,283.1,809.9,204.30782412820122,iron/operators/silu/test.py::test_silu
4d4b803c99fe896d0f08aba5dcc86a8f319c18a5,2026-06-22 17:55:05,input_length_4096-num_aie_columns_4-num_channels_1-tile_size_1024,5/5,0.040218124,0.03234991,0.02712331,0.06859851,0.01670760784055216,,,,,,452.84000000000003,506.5,238.8,604.1,140.97993828910552,iron/operators/tanh/test.py::test_tanh
7e6b95b65dcb69d511057cd3d8b565db1e1227e6,2026-04-27 21:03:51,input_length_4096-num_aie_columns_4-num_channels_1-tile_size_1024-group_size_32,5/5,0.030631432,0.03278852,0.01859437,0.04403257,0.010359197123110942,,,,,,378.7,320.1,238.4,564.5,136.42919408982814,n/a
5503a9566e74d9b7c3221a857d903c0e3b1b7a98,2026-05-11 23:33:39,input_length_4096-num_aie_columns_4-num_channels_1-tile_size_1024-group_size_32,5/5,0.030889688000000002,0.02662466,0.01745871,0.056479,0.014913909148974658,,,,,,392.62,394.2,185.8,601.2,147.7915153180317,iron/operators/dequant/test.py::test_dequant
4d4b803c99fe896d0f08aba5dcc86a8f319c18a5,2026-06-22 17:55:05,input_length_4096-num_aie_columns_4-num_channels_1-tile_size_1024-group_size_32,5/5,0.032349464,0.03424168,0.02013235,0.04300793,0.010945856130243079,,,,,,359.78,306.5,244.0,521.4,131.84931550827255,iron/operators/dequant/test.py::test_dequant
7e6b95b65dcb69d511057cd3d8b565db1e1227e6,2026-04-27 21:03:51,input_length_4096-num_aie_columns_4-num_channels_1-tile_size_1024-weighted_False,5/5,0.032195012,0.03467227,0.02212434,0.03711061,0.006088914441685809,,,,,,527.48,472.5,441.5,740.5,123.67219574342488,n/a
5503a9566e74d9b7c3221a857d903c0e3b1b7a98,2026-05-11 23:33:39,input_length_4096-num_aie_columns_4-num_channels_1-tile_size_1024-weighted_False,5/5,0.045870244,0.03912718,0.02776201,0.0679882,0.017738007509304137,,,,,,402.08,418.7,241.0,590.2,148.31583529751637,iron/operators/rms_norm/test.py::test_rms_norm
4d4b803c99fe896d0f08aba5dcc86a8f319c18a5,2026-06-22 17:55:05,input_length_4096-num_aie_columns_4-num_channels_1-tile_size_1024-weighted_False,5/5,0.0194013466,0.0215154,0.008643069,0.03087901,0.010332136680846793,,,,,,1132.92,761.5,530.6,1895.6,692.0715259277757,iron/operators/rms_norm/test.py::test_rms_norm
7e6b95b65dcb69d511057cd3d8b565db1e1227e6,2026-04-27 21:03:51,input_length_4096-num_aie_columns_4-num_channels_1-tile_size_1024-weighted_True,5/5,0.04334533,0.02932594,0.0277223,0.06701887,0.02018030516430314,,,,,,499.18,628.5,275.0,664.9,198.80836753014196,n/a
5503a9566e74d9b7c3221a857d903c0e3b1b7a98,2026-05-11 23:33:39,input_length_4096-num_aie_columns_4-num_channels_1-tile_size_1024-weighted_True,5/5,0.050151254,0.05206691,0.03452248,0.06209657,0.010943968767774785,,,,,,383.86,354.0,296.8,533.9,94.90133297272487,iron/operators/rms_norm/test.py::test_rms_norm
4d4b803c99fe896d0f08aba5dcc86a8f319c18a5,2026-06-22 17:55:05,input_length_4096-num_aie_columns_4-num_channels_1-tile_size_1024-weighted_True,5/5,0.0392668,0.03599276,0.02626243,0.06253138,0.013716349082877338,,,,,,508.4,512.1,294.8,701.8,145.47558214353361,iron/operators/rms_norm/test.py::test_rms_norm
7e6b95b65dcb69d511057cd3d8b565db1e1227e6,2026-04-27 21:03:51,input_length_4096-num_aie_columns_4-num_channels_2-tile_size_512,25/25,0.040863467199999996,0.03636703,0.02390816,0.0689513,0.012419854234200818,,,,,,432.852,450.5,237.6,685.3,113.61399972421239,n/a
5503a9566e74d9b7c3221a857d903c0e3b1b7a98,2026-05-11 23:33:39,input_length_4096-num_aie_columns_4-num_channels_2-tile_size_512,5/5,0.048538246,0.04313009,0.01604546,0.08614679,0.025373893373079937,,,,,,455.04,379.9,190.2,1021.1,326.1579494662057,iron/operators/gelu/test.py::test_gelu
5503a9566e74d9b7c3221a857d903c0e3b1b7a98,2026-05-11 23:33:39,input_length_4096-num_aie_columns_4-num_channels_2-tile_size_512,5/5,0.026296912,0.026343,0.01199302,0.03444665,0.009216385633021766,,,,,,722.6999999999999,621.9,475.6,1366.1,370.1588645433201,iron/operators/layer_norm/test.py::test_layer_norm
5503a9566e74d9b7c3221a857d903c0e3b1b7a98,2026-05-11 23:33:39,input_length_4096-num_aie_columns_4-num_channels_2-tile_size_512,5/5,0.038581652,0.03736681,0.01013353,0.06306438,0.02011163966540819,,,,,,631.88,438.5,259.8,1616.8,559.9781933254187,iron/operators/relu/test.py::test_relu
5503a9566e74d9b7c3221a857d903c0e3b1b7a98,2026-05-11 23:33:39,input_length_4096-num_aie_columns_4-num_channels_2-tile_size_512,5/5,0.039656418,0.03066821,0.02547145,0.07161152,0.019121468933880836,,,,,,476.56,534.2,228.8,643.2,170.22591753314182,iron/operators/sigmoid/test.py::test_sigmoid
5503a9566e74d9b7c3221a857d903c0e3b1b7a98,2026-05-11 23:33:39,input_length_4096-num_aie_columns_4-num_channels_2-tile_size_512,5/5,0.04254253,0.03856883,0.03375625,0.06157315,0.011412360822399983,,,,,,404.08,424.8,266.1,485.4,89.4717664964764,iron/operators/tanh/test.py::test_tanh
4d4b803c99fe896d0f08aba5dcc86a8f319c18a5,2026-06-22 17:55:05,input_length_4096-num_aie_columns_4-num_channels_2-tile_size_512,5/5,0.040861748,0.03519535,0.02448889,0.07372277,0.0189685506605518,,,,,,456.26,465.5,222.2,669.0,158.35896880189642,iron/operators/gelu/test.py::test_gelu
4d4b803c99fe896d0f08aba5dcc86a8f319c18a5,2026-06-22 17:55:05,input_length_4096-num_aie_columns_4-num_channels_2-tile_size_512,5/5,0.030394327999999998,0.02998272,0.0257033,0.03539035,0.003614687687680639,,,,,,545.2,546.4,463.0,637.4,65.06719603609794,iron/operators/layer_norm/test.py::test_layer_norm
4d4b803c99fe896d0f08aba5dcc86a8f319c18a5,2026-06-22 17:55:05,input_length_4096-num_aie_columns_4-num_channels_2-tile_size_512,5/5,0.036326782,0.03449379,0.02322437,0.05741781,0.01271988634511999,,,,,,491.02,475.0,285.3,705.5,150.38266854927133,iron/operators/relu/test.py::test_relu
4d4b803c99fe896d0f08aba5dcc86a8f319c18a5,2026-06-22 17:55:05,input_length_4096-num_aie_columns_4-num_channels_2-tile_size_512,5/5,0.054671258,0.05461989,0.03541491,0.07333274,0.015241712012177961,,,,,,320.64,300.0,223.4,462.6,96.0946044270957,iron/operators/sigmoid/test.py::test_sigmoid
4d4b803c99fe896d0f08aba5dcc86a8f319c18a5,2026-06-22 17:55:05,input_length_4096-num_aie_columns_4-num_channels_2-tile_size_512,5/5,0.03361338,0.0308277,0.02541723,0.04829221,0.00868441823215004,,,,,,509.86,531.5,339.3,644.6,110.66902457327434,iron/operators/tanh/test.py::test_tanh
7e6b95b65dcb69d511057cd3d8b565db1e1227e6,2026-04-27 21:03:51,input_length_4096-num_aie_columns_4-num_channels_2-tile_size_512-group_size_32,5/5,0.026997594,0.02655985,0.01985078,0.03403703,0.005368206361693822,,,,,,401.9,395.2,308.4,528.7,83.8486433998786,n/a
5503a9566e74d9b7c3221a857d903c0e3b1b7a98,2026-05-11 23:33:39,input_length_4096-num_aie_columns_4-num_channels_2-tile_size_512-group_size_32,5/5,0.028267976,0.02138318,0.01630801,0.0640711,0.020155453779595985,,,,,,474.26,490.9,163.8,643.6,186.81996146022513,iron/operators/dequant/test.py::test_dequant
4d4b803c99fe896d0f08aba5dcc86a8f319c18a5,2026-06-22 17:55:05,input_length_4096-num_aie_columns_4-num_channels_2-tile_size_512-group_size_32,5/5,0.021427048,0.01821514,0.01631181,0.03408799,0.00731175182622947,,,,,,525.78,576.2,307.9,643.5,133.5965081879014,iron/operators/dequant/test.py::test_dequant
7e6b95b65dcb69d511057cd3d8b565db1e1227e6,2026-04-27 21:03:51,input_length_4096-num_aie_columns_4-num_channels_2-tile_size_512-weighted_False,5/5,0.0383357,0.03114118,0.02984107,0.06526398,0.015188617295167127,,,,,,466.52,526.1,251.0,549.0,124.49802006457774,n/a
5503a9566e74d9b7c3221a857d903c0e3b1b7a98,2026-05-11 23:33:39,input_length_4096-num_aie_columns_4-num_channels_2-tile_size_512-weighted_False,5/5,0.043197238,0.0343865,0.03026016,0.06337957,0.014507058739479894,,,,,,411.92,476.5,258.5,541.4,122.70805597025812,iron/operators/rms_norm/test.py::test_rms_norm
4d4b803c99fe896d0f08aba5dcc86a8f319c18a5,2026-06-22 17:55:05,input_length_4096-num_aie_columns_4-num_channels_2-tile_size_512-weighted_False,5/5,0.04033833,0.03466127,0.03011029,0.0541695,0.010700111615223927,,,,,,428.4,472.7,302.5,544.1,105.36341869928103,iron/operators/rms_norm/test.py::test_rms_norm
7e6b95b65dcb69d511057cd3d8b565db1e1227e6,2026-04-27 21:03:51,input_length_4096-num_aie_columns_4-tile_size_1024,10/10,0.07021371900000001,0.075714385,0.04711738,0.0905627,0.015931535744923894,,,,,,368.28,326.4,271.4,521.6,90.28843656735772,n/a
5503a9566e74d9b7c3221a857d903c0e3b1b7a98,2026-05-11 23:33:39,input_length_4096-num_aie_columns_4-tile_size_1024,5/5,0.048319174,0.04209387,0.03334758,0.08341479,0.02058817024416279,,,,,,568.1800000000001,583.8,294.6,737.0,180.5822305765437,iron/operators/elementwise_add/test.py::test_elementwise_add
5503a9566e74d9b7c3221a857d903c0e3b1b7a98,2026-05-11 23:33:39,input_length_4096-num_aie_columns_4-tile_size_1024,5/5,0.060279334,0.06190007,0.01933141,0.1057046,0.031606050316397176,,,,,,558.3,397.0,232.5,1271.3,412.38448685662263,iron/operators/elementwise_mul/test.py::test_elementwise_mul
4d4b803c99fe896d0f08aba5dcc86a8f319c18a5,2026-06-22 17:55:05,input_length_4096-num_aie_columns_4-tile_size_1024,5/5,0.053964276,0.04614249,0.04031919,0.08585262,0.01830459921908098,,,,,,488.24,532.6,286.3,609.5,122.93332745842358,iron/operators/elementwise_add/test.py::test_elementwise_add
4d4b803c99fe896d0f08aba5dcc86a8f319c18a5,2026-06-22 17:55:05,input_length_4096-num_aie_columns_4-tile_size_1024,5/5,0.06264715,0.07007319,0.03709159,0.08710538,0.022412037322868485,,,,,,441.98,350.7,282.1,662.6,175.63427057382623,iron/operators/elementwise_mul/test.py::test_elementwise_mul
7e6b95b65dcb69d511057cd3d8b565db1e1227e6,2026-04-27 21:03:51,input_length_4096-num_aie_columns_4-tile_size_1024-scalar_factor_10.0,5/5,0.061511046,0.05777409,0.04255688,0.09750292,0.021183211521373008,,,,,,431.32,425.4,252.1,577.5,119.19665263756362,n/a
5503a9566e74d9b7c3221a857d903c0e3b1b7a98,2026-05-11 23:33:39,input_length_4096-num_aie_columns_4-tile_size_1024-scalar_factor_10.0,5/5,0.07037292,0.05669806,0.04947926,0.1016697,0.022941177582311463,,,,,,377.76,433.5,241.7,496.7,110.47686635671741,iron/operators/axpy/test.py::test_axpy
4d4b803c99fe896d0f08aba5dcc86a8f319c18a5,2026-06-22 17:55:05,input_length_4096-num_aie_columns_4-tile_size_1024-scalar_factor_10.0,5/5,0.064285964,0.06261912,0.04435765,0.09799356,0.021080074743139075,,,,,,412.58,392.5,250.8,554.0,119.02574091346796,iron/operators/axpy/test.py::test_axpy
7e6b95b65dcb69d511057cd3d8b565db1e1227e6,2026-04-27 21:03:51,input_length_4096-num_aie_columns_4-tile_size_1024-scalar_factor_3.0,5/5,0.085207278,0.08002657,0.05172871,0.1334876,0.03336308602093293,,,,,,324.98,307.1,184.1,475.1,120.72560623165245,n/a
5503a9566e74d9b7c3221a857d903c0e3b1b7a98,2026-05-11 23:33:39,input_length_4096-num_aie_columns_4-tile_size_1024-scalar_factor_3.0,5/5,0.048413012,0.03909199,0.02361996,0.08647279,0.024374519543275512,,,,,,613.66,628.7,284.2,1040.5,286.68668089048015,iron/operators/axpy/test.py::test_axpy
4d4b803c99fe896d0f08aba5dcc86a8f319c18a5,2026-06-22 17:55:05,input_length_4096-num_aie_columns_4-tile_size_1024-scalar_factor_3.0,5/5,0.064712886,0.06448921,0.04926748,0.08225946,0.012234031105287008,,,,,,390.84000000000003,381.1,298.8,498.8,74.34260555024959,iron/operators/axpy/test.py::test_axpy
7e6b95b65dcb69d511057cd3d8b565db1e1227e6,2026-04-27 21:03:51,input_length_4096-num_cores_1-num_channels_1-bypass_False-tile_size_4096,5/5,0.04174543,0.0409106,0.03126741,0.06086249,0.011953771609477486,,,,,,415.94,400.5,269.2,524.0,104.68637924773213,n/a
5503a9566e74d9b7c3221a857d903c0e3b1b7a98,2026-05-11 23:33:39,input_length_4096-num_cores_1-num_channels_1-bypass_False-tile_size_4096,5/5,0.057085118,0.05986226,0.03222691,0.07941524,0.01791352251423544,,,,,,315.64,273.7,206.3,508.4,118.32137592168203,iron/operators/mem_copy/test.py::test_mem_copy
4d4b803c99fe896d0f08aba5dcc86a8f319c18a5,2026-06-22 17:55:05,input_length_4096-num_cores_1-num_channels_1-bypass_False-tile_size_4096,5/5,0.05577115,0.05724908,0.03418882,0.06951091,0.014815327523726904,,,,,,314.68,286.2,235.7,479.2,100.59491537846235,iron/operators/mem_copy/test.py::test_mem_copy
7e6b95b65dcb69d511057cd3d8b565db1e1227e6,2026-04-27 21:03:51,input_length_4096-num_cores_1-num_channels_1-bypass_True-tile_size_4096,5/5,0.061755364,0.06214629,0.05504267,0.0656963,0.004216215914315821,,,,,,266.36,263.6,249.4,297.7,19.20007812484105,n/a
5503a9566e74d9b7c3221a857d903c0e3b1b7a98,2026-05-11 23:33:39,input_length_4096-num_cores_1-num_channels_1-bypass_True-tile_size_4096,5/5,0.04639112,0.05542888,0.02896521,0.0574462,0.01391137829577465,,,,,,384.82,295.6,285.2,565.6,132.4579631430289,iron/operators/mem_copy/test.py::test_mem_copy
4d4b803c99fe896d0f08aba5dcc86a8f319c18a5,2026-06-22 17:55:05,input_length_4096-num_cores_1-num_channels_1-bypass_True-tile_size_4096,5/5,0.050462256,0.04952363,0.04569593,0.05583386,0.0038221554849757213,,,,,,326.14,330.8,293.4,358.5,24.453793161798036,iron/operators/mem_copy/test.py::test_mem_copy
7e6b95b65dcb69d511057cd3d8b565db1e1227e6,2026-04-27 21:03:51,input_length_4096-num_cores_2-num_channels_1-bypass_False-tile_size_2048,5/5,0.03842264,0.03455505,0.02150176,0.06711756,0.01716553395892916,,,,,,488.0,474.1,244.1,762.0,186.60577429436637,n/a
5503a9566e74d9b7c3221a857d903c0e3b1b7a98,2026-05-11 23:33:39,input_length_4096-num_cores_2-num_channels_1-bypass_False-tile_size_2048,5/5,0.057826586,0.06274005,0.03132019,0.06976041,0.01537915608981943,,,,,,308.82,261.1,234.9,523.1,120.91293148377473,iron/operators/mem_copy/test.py::test_mem_copy
4d4b803c99fe896d0f08aba5dcc86a8f319c18a5,2026-06-22 17:55:05,input_length_4096-num_cores_2-num_channels_1-bypass_False-tile_size_2048,5/5,0.049817956,0.05402981,0.03148481,0.07169613,0.017040556122315375,,,,,,363.96,303.2,228.5,520.4,130.5518402781056,iron/operators/mem_copy/test.py::test_mem_copy
7e6b95b65dcb69d511057cd3d8b565db1e1227e6,2026-04-27 21:03:51,input_length_4096-num_cores_2-num_channels_1-bypass_True-tile_size_2048,5/5,0.05924928,0.06123395,0.03251645,0.08154571,0.017997487411147144,,,,,,304.0,267.6,200.9,503.9,117.5987670003389,n/a
5503a9566e74d9b7c3221a857d903c0e3b1b7a98,2026-05-11 23:33:39,input_length_4096-num_cores_2-num_channels_1-bypass_True-tile_size_2048,5/5,0.04170971,0.03848539,0.02796806,0.05979017,0.011715548697869425,,,,,,417.42,425.7,274.0,585.8,113.63827260214754,iron/operators/mem_copy/test.py::test_mem_copy
4d4b803c99fe896d0f08aba5dcc86a8f319c18a5,2026-06-22 17:55:05,input_length_4096-num_cores_2-num_channels_1-bypass_True-tile_size_2048,5/5,0.059386106,0.06054044,0.03257541,0.08622795,0.019055552898305784,,,,,,304.36,270.6,190.0,503.0,117.47639337330713,iron/operators/mem_copy/test.py::test_mem_copy
7e6b95b65dcb69d511057cd3d8b565db1e1227e6,2026-04-27 21:03:51,input_length_4096-num_cores_2-num_channels_2-bypass_False-tile_size_2048,5/5,0.052358334,0.05403338,0.02575752,0.07524605,0.017607312368664616,,,,,,354.26,303.2,217.7,636.1,162.21243170608105,n/a
5503a9566e74d9b7c3221a857d903c0e3b1b7a98,2026-05-11 23:33:39,input_length_4096-num_cores_2-num_channels_2-bypass_False-tile_size_2048,5/5,0.051579612,0.0591478,0.02866315,0.07080227,0.02078934249651297,,,,,,372.44,277.0,231.4,571.6,171.10133839336268,iron/operators/mem_copy/test.py::test_mem_copy
4d4b803c99fe896d0f08aba5dcc86a8f319c18a5,2026-06-22 17:55:05,input_length_4096-num_cores_2-num_channels_2-bypass_False-tile_size_2048,5/5,0.046164854,0.03923137,0.03265482,0.06872829,0.015552663893376272,,,,,,385.36,417.6,238.4,501.7,114.6424572311672,iron/operators/mem_copy/test.py::test_mem_copy
7e6b95b65dcb69d511057cd3d8b565db1e1227e6,2026-04-27 21:03:51,input_length_4096-num_cores_2-num_channels_2-bypass_True-tile_size_2048,5/5,0.056867688,0.0625217,0.03230902,0.06678052,0.013961433772323313,,,,,,309.78000000000003,262.1,245.3,507.1,110.79806857522382,n/a
5503a9566e74d9b7c3221a857d903c0e3b1b7a98,2026-05-11 23:33:39,input_length_4096-num_cores_2-num_channels_2-bypass_True-tile_size_2048,5/5,0.060603258,0.06708183,0.03208397,0.07718872,0.01724460684817343,,,,,,297.5,244.2,212.3,510.7,121.54532076554818,iron/operators/mem_copy/test.py::test_mem_copy
4d4b803c99fe896d0f08aba5dcc86a8f319c18a5,2026-06-22 17:55:05,input_length_4096-num_cores_2-num_channels_2-bypass_True-tile_size_2048,5/5,0.0326323864,0.03148965,0.008390382,0.05944891,0.018298467512803493,,,,,,758.14,520.3,275.6,1952.7,677.6543093642953,iron/operators/mem_copy/test.py::test_mem_copy
7e6b95b65dcb69d511057cd3d8b565db1e1227e6,2026-04-27 21:03:51,input_length_4096-num_cores_4-num_channels_1-bypass_False-tile_size_1024,5/5,0.0349656666,0.03449024,0.008495823,0.0660174,0.020766206766208238,,,,,,734.3199999999999,475.0,248.2,1928.5,678.7211113557615,n/a
5503a9566e74d9b7c3221a857d903c0e3b1b7a98,2026-05-11 23:33:39,input_length_4096-num_cores_4-num_channels_1-bypass_False-tile_size_1024,5/5,0.045114721999999996,0.03794947,0.03035058,0.06440024,0.014555950658501147,,,,,,393.28,431.7,254.4,539.8,118.50395352054714,iron/operators/mem_copy/test.py::test_mem_copy
4d4b803c99fe896d0f08aba5dcc86a8f319c18a5,2026-06-22 17:55:05,input_length_4096-num_cores_4-num_channels_1-bypass_False-tile_size_1024,5/5,0.03911653,0.03641892,0.03019703,0.05615998,0.010342911140614619,,,,,,439.34,449.9,291.7,542.6,98.45330365203598,iron/operators/mem_copy/test.py::test_mem_copy
7e6b95b65dcb69d511057cd3d8b565db1e1227e6,2026-04-27 21:03:51,input_length_4096-num_cores_4-num_channels_1-bypass_True-tile_size_1024,5/5,0.055209722,0.06042858,0.03881968,0.0685265,0.013120390166817448,,,,,,312.08,271.1,239.1,422.1,81.05807794415064,n/a
5503a9566e74d9b7c3221a857d903c0e3b1b7a98,2026-05-11 23:33:39,input_length_4096-num_cores_4-num_channels_1-bypass_True-tile_size_1024,5/5,0.0372033208,0.03534455,0.008429354,0.06818967,0.026173784098640823,,,,,,800.14,463.6,240.3,1943.7,721.4026011874369,iron/operators/mem_copy/test.py::test_mem_copy
4d4b803c99fe896d0f08aba5dcc86a8f319c18a5,2026-06-22 17:55:05,input_length_4096-num_cores_4-num_channels_1-bypass_True-tile_size_1024,5/5,0.0324039586,0.03283906,0.008536143,0.05360643,0.016016310947477724,,,,,,740.6800000000001,498.9,305.6,1919.4,664.0706641615785,iron/operators/mem_copy/test.py::test_mem_copy
7e6b95b65dcb69d511057cd3d8b565db1e1227e6,2026-04-27 21:03:51,input_length_4096-num_cores_4-num_channels_2-bypass_False-tile_size_1024,5/5,0.04951006,0.04405023,0.03022934,0.06916144,0.01634733726187999,,,,,,362.62,371.9,236.9,542.0,123.38779113024108,n/a
5503a9566e74d9b7c3221a857d903c0e3b1b7a98,2026-05-11 23:33:39,input_length_4096-num_cores_4-num_channels_2-bypass_False-tile_size_1024,5/5,0.04237369,0.03328011,0.02537228,0.06431429,0.018093936396476856,,,,,,444.82,492.3,254.7,645.7,172.91089323695024,iron/operators/mem_copy/test.py::test_mem_copy
4d4b803c99fe896d0f08aba5dcc86a8f319c18a5,2026-06-22 17:55:05,input_length_4096-num_cores_4-num_channels_2-bypass_False-tile_size_1024,5/5,0.036599316,0.03226308,0.02769991,0.05758976,0.012152490675903849,,,,,,479.14,507.8,284.5,591.5,120.45963224250686,iron/operators/mem_copy/test.py::test_mem_copy
7e6b95b65dcb69d511057cd3d8b565db1e1227e6,2026-04-27 21:03:51,input_length_4096-num_cores_4-num_channels_2-bypass_True-tile_size_1024,5/5,0.044966427999999996,0.04121678,0.0085409,0.07210093,0.0255859711482146,,,,,,647.86,397.5,227.2,1918.3,716.6195245735355,n/a
5503a9566e74d9b7c3221a857d903c0e3b1b7a98,2026-05-11 23:33:39,input_length_4096-num_cores_4-num_channels_2-bypass_True-tile_size_1024,5/5,0.049471518,0.05016012,0.03263264,0.0658341,0.01611186299232091,,,,,,363.0,326.6,248.9,502.1,123.39171366019681,iron/operators/mem_copy/test.py::test_mem_copy
4d4b803c99fe896d0f08aba5dcc86a8f319c18a5,2026-06-22 17:55:05,input_length_4096-num_cores_4-num_channels_2-bypass_True-tile_size_1024,5/5,0.039782194,0.03421174,0.02714583,0.07015831,0.017276672637739885,,,,,,458.24,478.9,233.5,603.6,137.0587939535439,iron/operators/mem_copy/test.py::test_mem_copy
7e6b95b65dcb69d511057cd3d8b565db1e1227e6,2026-04-27 21:03:51,input_length_4096-num_cores_8-num_channels_2-bypass_False-tile_size_512,5/5,0.046269432,0.05142014,0.02342191,0.06594831,0.02070987021997289,,,,,,431.94,318.6,248.4,699.5,220.34721010260148,n/a
5503a9566e74d9b7c3221a857d903c0e3b1b7a98,2026-05-11 23:33:39,input_length_4096-num_cores_8-num_channels_2-bypass_False-tile_size_512,5/5,0.044906164,0.05359415,0.02703367,0.05619272,0.013645915692353886,,,,,,399.18,305.7,291.6,606.1,142.42372344521823,iron/operators/mem_copy/test.py::test_mem_copy
4d4b803c99fe896d0f08aba5dcc86a8f319c18a5,2026-06-22 17:55:05,input_length_4096-num_cores_8-num_channels_2-bypass_False-tile_size_512,5/5,0.036141554,0.0295312,0.02678744,0.05231012,0.011056222905381385,,,,,,484.76,554.8,313.2,611.6,129.68518805168154,iron/operators/mem_copy/test.py::test_mem_copy
7e6b95b65dcb69d511057cd3d8b565db1e1227e6,2026-04-27 21:03:51,input_length_4096-num_cores_8-num_channels_2-bypass_True-tile_size_512,5/5,0.046485267999999996,0.04663555,0.02045811,0.06397201,0.018004955075556838,,,,,,418.38,351.3,256.1,800.9,224.4757158358115,n/a
5503a9566e74d9b7c3221a857d903c0e3b1b7a98,2026-05-11 23:33:39,input_length_4096-num_cores_8-num_channels_2-bypass_True-tile_size_512,5/5,0.0359438258,0.02608124,0.008500469,0.06235751,0.023926342237732625,,,,,,761.38,628.2,262.7,1927.4,683.010517488567,iron/operators/mem_copy/test.py::test_mem_copy
4d4b803c99fe896d0f08aba5dcc86a8f319c18a5,2026-06-22 17:55:05,input_length_4096-num_cores_8-num_channels_2-bypass_True-tile_size_512,5/5,0.04852076,0.05114039,0.03809621,0.05629718,0.00833828535705333,,,,,,346.32,320.4,291.0,430.1,63.058679022003,iron/operators/mem_copy/test.py::test_mem_copy
7e6b95b65dcb69d511057cd3d8b565db1e1227e6,2026-04-27 21:03:51,input_length_8192-num_aie_columns_1-num_channels_1-tile_size_8192,5/10,0.06938609700000001,0.07705763,0.01694578,0.1087024,0.031845753029476336,,,,,,671.85,430.8,301.4,1933.7,537.6849743731609,n/a
5503a9566e74d9b7c3221a857d903c0e3b1b7a98,2026-05-11 23:33:39,input_length_8192-num_aie_columns_1-num_channels_1-tile_size_8192,5/5,0.078689132,0.06609756,0.06130417,0.1087493,0.021009438596437315,,,,,,438.58,495.8,301.3,534.5,104.25251555717972,iron/operators/layer_norm/test.py::test_layer_norm
4d4b803c99fe896d0f08aba5dcc86a8f319c18a5,2026-06-22 17:55:05,input_length_8192-num_aie_columns_1-num_channels_1-tile_size_8192,5/5,0.072816988,0.05867354,0.04992124,0.1350612,0.03523385312464093,,,,,,510.68,558.5,242.6,656.4,159.89151634780376,iron/operators/layer_norm/test.py::test_layer_norm
7e6b95b65dcb69d511057cd3d8b565db1e1227e6,2026-04-27 21:03:51,input_length_8192-num_aie_columns_1-num_channels_1-tile_size_8192-group_size_32,5/5,0.068981634,0.06500339,0.04940236,0.09420254,0.01847522809934102,,,,,,321.86,322.9,222.8,424.9,83.1501834032854,n/a
5503a9566e74d9b7c3221a857d903c0e3b1b7a98,2026-05-11 23:33:39,input_length_8192-num_aie_columns_1-num_channels_1-tile_size_8192-group_size_32,5/5,0.0611729,0.06583041,0.04484224,0.07533654,0.012444039131445624,,,,,,355.76,318.9,278.6,468.1,78.17690195959419,iron/operators/dequant/test.py::test_dequant
4d4b803c99fe896d0f08aba5dcc86a8f319c18a5,2026-06-22 17:55:05,input_length_8192-num_aie_columns_1-num_channels_1-tile_size_8192-group_size_32,5/5,0.06252474799999999,0.07327869,0.03809068,0.08474939,0.022045069809381868,,,,,,377.8,286.5,247.7,551.1,149.84228375195036,iron/operators/dequant/test.py::test_dequant
7e6b95b65dcb69d511057cd3d8b565db1e1227e6,2026-04-27 21:03:51,input_length_8192-num_aie_columns_1-num_channels_1-tile_size_8192-weighted_False,5/5,0.065987272,0.06181627,0.01647312,0.1299936,0.04088723401549033,,,,,,771.76,530.1,252.1,1989.2,692.8307462865661,n/a
5503a9566e74d9b7c3221a857d903c0e3b1b7a98,2026-05-11 23:33:39,input_length_8192-num_aie_columns_1-num_channels_1-tile_size_8192-weighted_False,5/5,0.095862276,0.1055963,0.04966655,0.1326296,0.03745728278977441,,,,,,397.46,310.3,247.1,659.8,181.81818665909083,iron/operators/rms_norm/test.py::test_rms_norm
4d4b803c99fe896d0f08aba5dcc86a8f319c18a5,2026-06-22 17:55:05,input_length_8192-num_aie_columns_1-num_channels_1-tile_size_8192-weighted_False,5/5,0.109077088,0.1230769,0.05952569,0.1489089,0.03555733281813992,,,,,,334.44,266.2,220.1,550.5,134.2802963952642,iron/operators/rms_norm/test.py::test_rms_norm
7e6b95b65dcb69d511057cd3d8b565db1e1227e6,2026-04-27 21:03:51,input_length_8192-num_aie_columns_1-num_channels_2-tile_size_4096,25/25,0.09856681440000001,0.1065456,0.02916384,0.1671334,0.033164107498781986,,,,,,387.428,307.5,196.1,1123.6,195.23858592330905,n/a
5503a9566e74d9b7c3221a857d903c0e3b1b7a98,2026-05-11 23:33:39,input_length_8192-num_aie_columns_1-num_channels_2-tile_size_4096,5/5,0.12868046,0.1320029,0.1103567,0.1422636,0.012224800036524111,,,,,,256.58,248.2,230.3,296.9,25.766780939806964,iron/operators/gelu/test.py::test_gelu
5503a9566e74d9b7c3221a857d903c0e3b1b7a98,2026-05-11 23:33:39,input_length_8192-num_aie_columns_1-num_channels_2-tile_size_4096,5/5,0.085515458,0.08271301,0.05759796,0.1230441,0.027142164985181638,,,,,,415.02,396.2,266.3,568.9,127.93727760117454,iron/operators/layer_norm/test.py::test_layer_norm
5503a9566e74d9b7c3221a857d903c0e3b1b7a98,2026-05-11 23:33:39,input_length_8192-num_aie_columns_1-num_channels_2-tile_size_4096,5/5,0.09238869400000001,0.08647462,0.06296961,0.1429912,0.03282706339845951,,,,,,388.65999999999997,378.9,229.2,520.4,122.99243066140289,iron/operators/relu/test.py::test_relu
5503a9566e74d9b7c3221a857d903c0e3b1b7a98,2026-05-11 23:33:39,input_length_8192-num_aie_columns_1-num_channels_2-tile_size_4096,5/5,0.097230446,0.1094079,0.0529547,0.1309149,0.03529082574376208,,,,,,383.62,299.5,250.3,618.8,163.21824959237858,iron/operators/sigmoid/test.py::test_sigmoid
5503a9566e74d9b7c3221a857d903c0e3b1b7a98,2026-05-11 23:33:39,input_length_8192-num_aie_columns_1-num_channels_2-tile_size_4096,5/5,0.078395612,0.06886131,0.06124677,0.1198388,0.024273862717531586,,,,,,444.14,475.9,273.4,535.0,107.11096115711034,iron/operators/tanh/test.py::test_tanh
4d4b803c99fe896d0f08aba5dcc86a8f319c18a5,2026-06-22 17:55:05,input_length_8192-num_aie_columns_1-num_channels_2-tile_size_4096,5/5,0.076179832,0.07011763,0.06579431,0.1018921,0.015091575506007317,,,,,,441.7,467.3,321.6,498.0,73.43480101423302,iron/operators/gelu/test.py::test_gelu
4d4b803c99fe896d0f08aba5dcc86a8f319c18a5,2026-06-22 17:55:05,input_length_8192-num_aie_columns_1-num_channels_2-tile_size_4096,5/5,0.077243176,0.06473305,0.04719941,0.1310825,0.03263607335783948,,,,,,477.5,506.2,250.0,694.2,165.78437803363744,iron/operators/layer_norm/test.py::test_layer_norm
4d4b803c99fe896d0f08aba5dcc86a8f319c18a5,2026-06-22 17:55:05,input_length_8192-num_aie_columns_1-num_channels_2-tile_size_4096,5/5,0.091926272,0.07694529,0.05643409,0.1419856,0.03512225100809556,,,,,,398.1,425.9,230.8,580.6,140.32440985088803,iron/operators/relu/test.py::test_relu
4d4b803c99fe896d0f08aba5dcc86a8f319c18a5,2026-06-22 17:55:05,input_length_8192-num_aie_columns_1-num_channels_2-tile_size_4096,5/5,0.088036912,0.0981701,0.04857699,0.1172019,0.030809787587681773,,,,,,419.8,333.8,279.6,674.6,172.9319519348579,iron/operators/sigmoid/test.py::test_sigmoid
4d4b803c99fe896d0f08aba5dcc86a8f319c18a5,2026-06-22 17:55:05,input_length_8192-num_aie_columns_1-num_channels_2-tile_size_4096,5/5,0.09521513599999999,0.08626699,0.05227841,0.138493,0.03986547159864699,,,,,,399.58,379.8,236.6,626.8,170.17068490195365,iron/operators/tanh/test.py::test_tanh
7e6b95b65dcb69d511057cd3d8b565db1e1227e6,2026-04-27 21:03:51,input_length_8192-num_aie_columns_1-num_channels_2-tile_size_4096-group_size_32,5/5,0.055326204,0.04050203,0.0374734,0.07960682,0.021789864532576378,,,,,,425.84,518.3,263.7,560.2,147.59663952814103,n/a
5503a9566e74d9b7c3221a857d903c0e3b1b7a98,2026-05-11 23:33:39,input_length_8192-num_aie_columns_1-num_channels_2-tile_size_4096-group_size_32,5/5,0.054166026,0.04383836,0.03556586,0.09567825,0.024572398011365928,,,,,,439.44,478.9,219.4,590.2,147.97034500196315,iron/operators/dequant/test.py::test_dequant
4d4b803c99fe896d0f08aba5dcc86a8f319c18a5,2026-06-22 17:55:05,input_length_8192-num_aie_columns_1-num_channels_2-tile_size_4096-group_size_32,5/5,0.069134524,0.07374256,0.03987842,0.08570962,0.01774695789802382,,,,,,326.78,284.7,244.9,526.4,114.41322913020154,iron/operators/dequant/test.py::test_dequant
7e6b95b65dcb69d511057cd3d8b565db1e1227e6,2026-04-27 21:03:51,input_length_8192-num_aie_columns_1-num_channels_2-tile_size_4096-weighted_False,5/5,0.070291756,0.06220788,0.0564029,0.1054366,0.01994475599447459,,,,,,489.74,526.8,310.8,581.0,104.54753942585161,n/a
5503a9566e74d9b7c3221a857d903c0e3b1b7a98,2026-05-11 23:33:39,input_length_8192-num_aie_columns_1-num_channels_2-tile_size_4096-weighted_False,5/5,0.12366474200000001,0.1323772,0.06684741,0.1583844,0.035484887740999276,,,,,,290.78,247.5,206.9,490.2,115.05732049721999,iron/operators/rms_norm/test.py::test_rms_norm
4d4b803c99fe896d0f08aba5dcc86a8f319c18a5,2026-06-22 17:55:05,input_length_8192-num_aie_columns_1-num_channels_2-tile_size_4096-weighted_False,5/5,0.11900948,0.1165507,0.1005453,0.141746,0.017948077865805018,,,,,,280.32,281.1,231.2,325.9,41.54187044416752,iron/operators/rms_norm/test.py::test_rms_norm
7e6b95b65dcb69d511057cd3d8b565db1e1227e6,2026-04-27 21:03:51,input_length_8192-num_aie_columns_1-num_channels_2-tile_size_4096-weighted_True,5/5,0.096049094,0.06891585,0.05722061,0.1481589,0.04636952923740579,,,,,,508.35999999999996,594.3,276.5,715.8,213.51383561727326,n/a
5503a9566e74d9b7c3221a857d903c0e3b1b7a98,2026-05-11 23:33:39,input_length_8192-num_aie_columns_1-num_channels_2-tile_size_4096-weighted_True,5/5,0.08070329799999999,0.08205325,0.02172444,0.1294871,0.03866820796885757,,,,,,733.74,499.2,316.3,1885.4,648.6642721778347,iron/operators/rms_norm/test.py::test_rms_norm
4d4b803c99fe896d0f08aba5dcc86a8f319c18a5,2026-06-22 17:55:05,input_length_8192-num_aie_columns_1-num_channels_2-tile_size_4096-weighted_True,5/5,0.073803524,0.07274807,0.0487416,0.09808077,0.01786752369767786,,,,,,584.58,563.0,417.6,840.4,157.4285298159136,iron/operators/rms_norm/test.py::test_rms_norm
7e6b95b65dcb69d511057cd3d8b565db1e1227e6,2026-04-27 21:03:51,input_length_8192-num_aie_columns_1-tile_size_8192,5/5,0.118281106,0.109871,0.07690538,0.162465,0.038558583411870566,,,,,,453.32,447.4,302.5,639.1,147.1101696008811,n/a
5503a9566e74d9b7c3221a857d903c0e3b1b7a98,2026-05-11 23:33:39,input_length_8192-num_aie_columns_1-tile_size_8192,5/5,0.12050126,0.1033921,0.06312269,0.2032048,0.05792462008847835,,,,,,488.86,475.4,241.9,778.7,220.6533095151759,iron/operators/elementwise_add/test.py::test_elementwise_add
4d4b803c99fe896d0f08aba5dcc86a8f319c18a5,2026-06-22 17:55:05,input_length_8192-num_aie_columns_1-tile_size_8192,5/5,0.13817754799999998,0.1133305,0.07340294,0.2104569,0.05988651703326484,,,,,,415.52,433.7,233.5,669.6,179.26242495291646,iron/operators/elementwise_add/test.py::test_elementwise_add
7e6b95b65dcb69d511057cd3d8b565db1e1227e6,2026-04-27 21:03:51,input_length_8192-num_aie_columns_1-tile_size_8192-scalar_factor_10.0,5/5,0.125663544,0.1088011,0.08830949,0.1679205,0.03868432178614264,,,,,,420.94,451.8,292.7,556.6,121.80582087897115,n/a
5503a9566e74d9b7c3221a857d903c0e3b1b7a98,2026-05-11 23:33:39,input_length_8192-num_aie_columns_1-tile_size_8192-scalar_factor_10.0,5/5,0.17355906000000001,0.1858601,0.0941245,0.2201273,0.04709249714267656,,,,,,309.0,264.5,223.3,522.2,120.71267539078075,iron/operators/axpy/test.py::test_axpy
4d4b803c99fe896d0f08aba5dcc86a8f319c18a5,2026-06-22 17:55:05,input_length_8192-num_aie_columns_1-tile_size_8192-scalar_factor_10.0,5/5,0.15788416,0.1638597,0.1060748,0.2345329,0.05017693619999132,,,,,,336.08,300.0,209.6,463.4,100.3628018740011,iron/operators/axpy/test.py::test_axpy
7e6b95b65dcb69d511057cd3d8b565db1e1227e6,2026-04-27 21:03:51,input_length_8192-num_aie_columns_1-tile_size_8192-scalar_factor_3.0,5/5,0.163839804,0.162886,0.08866872,0.2714965,0.07411930754718421,,,,,,354.38,301.8,181.0,554.3,157.4925458553515,n/a
5503a9566e74d9b7c3221a857d903c0e3b1b7a98,2026-05-11 23:33:39,input_length_8192-num_aie_columns_1-tile_size_8192-scalar_factor_3.0,5/5,0.131570668,0.1270383,0.08413154,0.1753381,0.03896602794165861,,,,,,402.88,386.9,280.3,584.2,126.22112343027219,iron/operators/axpy/test.py::test_axpy
4d4b803c99fe896d0f08aba5dcc86a8f319c18a5,2026-06-22 17:55:05,input_length_8192-num_aie_columns_1-tile_size_8192-scalar_factor_3.0,5/5,0.157671876,0.1833592,0.09396938,0.2073172,0.05220336221721624,,,,,,346.26,268.1,237.1,523.1,131.25796356792986,iron/operators/axpy/test.py::test_axpy
7e6b95b65dcb69d511057cd3d8b565db1e1227e6,2026-04-27 21:03:51,input_length_8192-num_aie_columns_2-num_channels_1-tile_size_4096,30/30,0.08789704133333333,0.0877281,0.01341294,0.1478187,0.03504100711816378,,,,,,488.88,379.75,221.7,2443.0,411.4699447690874,n/a
5503a9566e74d9b7c3221a857d903c0e3b1b7a98,2026-05-11 23:33:39,input_length_8192-num_aie_columns_2-num_channels_1-tile_size_4096,5/5,0.101231182,0.09880206,0.07952336,0.124156,0.020920167389553077,,,,,,335.04,331.7,263.9,412.1,68.99288369100108,iron/operators/gelu/test.py::test_gelu
5503a9566e74d9b7c3221a857d903c0e3b1b7a98,2026-05-11 23:33:39,input_length_8192-num_aie_columns_2-num_channels_1-tile_size_4096,5/5,0.070529426,0.05916286,0.01733755,0.1257406,0.04097144184345884,,,,,,726.06,553.9,260.6,1890.0,664.216164362175,iron/operators/layer_norm/test.py::test_layer_norm
5503a9566e74d9b7c3221a857d903c0e3b1b7a98,2026-05-11 23:33:39,input_length_8192-num_aie_columns_2-num_channels_1-tile_size_4096,5/5,0.086984558,0.07145645,0.04131161,0.1384807,0.03953392215742286,,,,,,451.58000000000004,458.6,236.6,793.2,219.90368800909187,iron/operators/relu/test.py::test_relu
5503a9566e74d9b7c3221a857d903c0e3b1b7a98,2026-05-11 23:33:39,input_length_8192-num_aie_columns_2-num_channels_1-tile_size_4096,5/5,0.087041236,0.0688454,0.04927593,0.1461285,0.03889230896353069,,,,,,435.22,476.0,224.2,665.0,172.2505790991717,iron/operators/sigmoid/test.py::test_sigmoid
5503a9566e74d9b7c3221a857d903c0e3b1b7a98,2026-05-11 23:33:39,input_length_8192-num_aie_columns_2-num_channels_1-tile_size_4096,5/5,0.08682949,0.06827207,0.05222583,0.1322325,0.03705018214623175,,,,,,433.92,480.0,247.8,627.4,168.1182084130092,iron/operators/silu/test.py::test_silu
5503a9566e74d9b7c3221a857d903c0e3b1b7a98,2026-05-11 23:33:39,input_length_8192-num_aie_columns_2-num_channels_1-tile_size_4096,5/5,0.071142656,0.07147531,0.04998071,0.1044898,0.020787163023447425,,,,,,489.74,458.5,313.6,655.6,128.40211446857094,iron/operators/tanh/test.py::test_tanh
4d4b803c99fe896d0f08aba5dcc86a8f319c18a5,2026-06-22 17:55:05,input_length_8192-num_aie_columns_2-num_channels_1-tile_size_4096,5/5,0.071277228,0.06508341,0.01535144,0.1508524,0.04960473204263954,,,,,,785.84,503.5,217.2,2134.5,768.1047181211687,iron/operators/gelu/test.py::test_gelu
4d4b803c99fe896d0f08aba5dcc86a8f319c18a5,2026-06-22 17:55:05,input_length_8192-num_aie_columns_2-num_channels_1-tile_size_4096,5/5,0.0765414,0.0706615,0.01590808,0.1494604,0.048216868477434324,,,,,,731.52,463.7,219.2,2059.8,751.4176382012869,iron/operators/layer_norm/test.py::test_layer_norm
4d4b803c99fe896d0f08aba5dcc86a8f319c18a5,2026-06-22 17:55:05,input_length_8192-num_aie_columns_2-num_channels_1-tile_size_4096,5/5,0.066113504,0.06412135,0.04062605,0.09644767,0.020131476321429583,,,,,,535.14,511.0,339.7,806.6,170.65678421908694,iron/operators/relu/test.py::test_relu
4d4b803c99fe896d0f08aba5dcc86a8f319c18a5,2026-06-22 17:55:05,input_length_8192-num_aie_columns_2-num_channels_1-tile_size_4096,5/5,0.075104298,0.05854324,0.05404763,0.1475857,0.040562535418215286,,,,,,504.94,559.7,222.0,606.3,159.37067798061224,iron/operators/sigmoid/test.py::test_sigmoid
4d4b803c99fe896d0f08aba5dcc86a8f319c18a5,2026-06-22 17:55:05,input_length_8192-num_aie_columns_2-num_channels_1-tile_size_4096,5/5,0.084513038,0.08012931,0.05568272,0.1155662,0.0278407978343513,,,,,,424.02,408.9,283.5,588.5,139.56943433287964,iron/operators/silu/test.py::test_silu
4d4b803c99fe896d0f08aba5dcc86a8f319c18a5,2026-06-22 17:55:05,input_length_8192-num_aie_columns_2-num_channels_1-tile_size_4096,5/5,0.060517154,0.05408876,0.05010865,0.07338858,0.011057463640334973,,,,,,555.5,605.8,446.5,653.9,96.26175252923665,iron/operators/tanh/test.py::test_tanh
7e6b95b65dcb69d511057cd3d8b565db1e1227e6,2026-04-27 21:03:51,input_length_8192-num_aie_columns_2-num_channels_1-tile_size_4096-group_size_32,5/5,0.054814442,0.04851465,0.03550432,0.07445265,0.017140081200673174,,,,,,414.71999999999997,432.7,282.0,591.3,129.29855760989756,n/a
5503a9566e74d9b7c3221a857d903c0e3b1b7a98,2026-05-11 23:33:39,input_length_8192-num_aie_columns_2-num_channels_1-tile_size_4096-group_size_32,5/5,0.046588502,0.03987925,0.02979854,0.07704843,0.018076619206681598,,,,,,496.94,526.4,272.5,704.5,156.55632532734026,iron/operators/dequant/test.py::test_dequant
4d4b803c99fe896d0f08aba5dcc86a8f319c18a5,2026-06-22 17:55:05,input_length_8192-num_aie_columns_2-num_channels_1-tile_size_4096-group_size_32,5/5,0.06847832400000001,0.082128,0.04226004,0.09080567,0.023375883492566227,,,,,,342.54,255.6,231.2,496.7,132.16602437843093,iron/operators/dequant/test.py::test_dequant
7e6b95b65dcb69d511057cd3d8b565db1e1227e6,2026-04-27 21:03:51,input_length_8192-num_aie_columns_2-num_channels_1-tile_size_4096-weighted_False,5/5,0.094680836,0.1040214,0.04299512,0.1329476,0.036545212471387825,,,,,,408.78,315.0,246.5,762.1,212.18764572896322,n/a
5503a9566e74d9b7c3221a857d903c0e3b1b7a98,2026-05-11 23:33:39,input_length_8192-num_aie_columns_2-num_channels_1-tile_size_4096-weighted_False,5/5,0.091711472,0.0713272,0.06473433,0.1320401,0.03367356907337667,,,,,,395.02,459.4,248.2,506.2,128.74324059926408,iron/operators/rms_norm/test.py::test_rms_norm
4d4b803c99fe896d0f08aba5dcc86a8f319c18a5,2026-06-22 17:55:05,input_length_8192-num_aie_columns_2-num_channels_1-tile_size_4096-weighted_False,5/5,0.07542093799999999,0.07953128,0.06304485,0.08119151,0.00762797101716898,,,,,,438.42,412.0,403.6,519.8,48.8776226917799,iron/operators/rms_norm/test.py::test_rms_norm
7e6b95b65dcb69d511057cd3d8b565db1e1227e6,2026-04-27 21:03:51,input_length_8192-num_aie_columns_2-num_channels_1-tile_size_4096-weighted_True,5/5,0.084395448,0.09016386,0.0729089,0.09256016,0.009527561749984622,,,,,,490.53999999999996,454.3,442.5,561.8,57.799593424175555,n/a
5503a9566e74d9b7c3221a857d903c0e3b1b7a98,2026-05-11 23:33:39,input_length_8192-num_aie_columns_2-num_channels_1-tile_size_4096-weighted_True,5/5,0.123169844,0.1138929,0.07169437,0.187185,0.048906648792208504,,,,,,378.46,359.6,218.8,571.3,148.81573505513452,iron/operators/rms_norm/test.py::test_rms_norm
4d4b803c99fe896d0f08aba5dcc86a8f319c18a5,2026-06-22 17:55:05,input_length_8192-num_aie_columns_2-num_channels_1-tile_size_4096-weighted_True,5/5,0.10591451800000001,0.1085726,0.0691573,0.1320639,0.027005935754193376,,,,,,410.44,377.3,310.2,592.3,118.13150722817345,iron/operators/rms_norm/test.py::test_rms_norm
7e6b95b65dcb69d511057cd3d8b565db1e1227e6,2026-04-27 21:03:51,input_length_8192-num_aie_columns_2-num_channels_2-tile_size_2048,25/25,0.0896289832,0.07496117,0.05050936,0.1620566,0.03487527614272128,,,,,,419.436,437.1,202.2,648.8,148.59369345074285,n/a
5503a9566e74d9b7c3221a857d903c0e3b1b7a98,2026-05-11 23:33:39,input_length_8192-num_aie_columns_2-num_channels_2-tile_size_2048,5/5,0.087739534,0.08234862,0.06951106,0.1076153,0.017353426616509487,,,,,,385.15999999999997,397.9,304.5,471.4,74.22275931276066,iron/operators/gelu/test.py::test_gelu
5503a9566e74d9b7c3221a857d903c0e3b1b7a98,2026-05-11 23:33:39,input_length_8192-num_aie_columns_2-num_channels_2-tile_size_2048,5/5,0.07551853,0.07345801,0.05276328,0.1121811,0.022886517091778077,,,,,,463.32,446.1,292.1,621.0,124.96426289143628,iron/operators/layer_norm/test.py::test_layer_norm
5503a9566e74d9b7c3221a857d903c0e3b1b7a98,2026-05-11 23:33:39,input_length_8192-num_aie_columns_2-num_channels_2-tile_size_2048,5/5,0.084010782,0.07314906,0.05213012,0.1192574,0.029411614060542816,,,,,,430.62,448.0,274.8,628.6,147.96919273956996,iron/operators/relu/test.py::test_relu
5503a9566e74d9b7c3221a857d903c0e3b1b7a98,2026-05-11 23:33:39,input_length_8192-num_aie_columns_2-num_channels_2-tile_size_2048,5/5,0.086391868,0.07085908,0.0557644,0.1328775,0.03126401612705444,,,,,,417.38,462.4,246.6,587.6,135.20525877346637,iron/operators/sigmoid/test.py::test_sigmoid
5503a9566e74d9b7c3221a857d903c0e3b1b7a98,2026-05-11 23:33:39,input_length_8192-num_aie_columns_2-num_channels_2-tile_size_2048,5/5,0.104108744,0.1048485,0.05683718,0.1824529,0.05041868010126881,,,,,,375.76,312.5,179.6,576.5,167.1002034708516,iron/operators/tanh/test.py::test_tanh
4d4b803c99fe896d0f08aba5dcc86a8f319c18a5,2026-06-22 17:55:05,input_length_8192-num_aie_columns_2-num_channels_2-tile_size_2048,5/5,0.062448348,0.06299745,0.01315295,0.1099856,0.034250597761839426,,,,,,869.7800000000001,520.1,297.9,2491.3,911.5547882601463,iron/operators/gelu/test.py::test_gelu
4d4b803c99fe896d0f08aba5dcc86a8f319c18a5,2026-06-22 17:55:05,input_length_8192-num_aie_columns_2-num_channels_2-tile_size_2048,5/5,0.07041489,0.06598549,0.06444621,0.08820505,0.01006799543730528,,,,,,471.92,496.6,371.5,508.5,57.329329317549146,iron/operators/layer_norm/test.py::test_layer_norm
4d4b803c99fe896d0f08aba5dcc86a8f319c18a5,2026-06-22 17:55:05,input_length_8192-num_aie_columns_2-num_channels_2-tile_size_2048,5/5,0.084385904,0.07067522,0.06357423,0.131478,0.02818406762460008,,,,,,417.1,463.6,249.2,515.4,109.666950354243,iron/operators/relu/test.py::test_relu
4d4b803c99fe896d0f08aba5dcc86a8f319c18a5,2026-06-22 17:55:05,input_length_8192-num_aie_columns_2-num_channels_2-tile_size_2048,5/5,0.078790746,0.06574547,0.06081065,0.1161862,0.02354621593832712,,,,,,441.98,498.4,282.0,538.9,110.44458791629403,iron/operators/sigmoid/test.py::test_sigmoid
4d4b803c99fe896d0f08aba5dcc86a8f319c18a5,2026-06-22 17:55:05,input_length_8192-num_aie_columns_2-num_channels_2-tile_size_2048,5/5,0.091735534,0.0731587,0.06202959,0.142841,0.03389052263113067,,,,,,393.24,447.9,229.4,528.3,124.22205118254969,iron/operators/tanh/test.py::test_tanh
7e6b95b65dcb69d511057cd3d8b565db1e1227e6,2026-04-27 21:03:51,input_length_8192-num_aie_columns_2-num_channels_2-tile_size_2048-group_size_32,5/5,0.05126344,0.0480662,0.0371624,0.0788133,0.016515102491917816,,,,,,438.64,436.7,266.4,564.9,116.01792102946855,n/a
5503a9566e74d9b7c3221a857d903c0e3b1b7a98,2026-05-11 23:33:39,input_length_8192-num_aie_columns_2-num_channels_2-tile_size_2048-group_size_32,5/5,0.050095694,0.04833447,0.03266129,0.0788906,0.017359127866953167,,,,,,455.04,434.3,266.1,642.7,136.0424492575755,iron/operators/dequant/test.py::test_dequant
4d4b803c99fe896d0f08aba5dcc86a8f319c18a5,2026-06-22 17:55:05,input_length_8192-num_aie_columns_2-num_channels_2-tile_size_2048-group_size_32,5/5,0.054994062,0.05030735,0.04014895,0.08202211,0.015960682397791453,,,,,,403.64,417.3,255.9,522.9,96.82880769688326,iron/operators/dequant/test.py::test_dequant
7e6b95b65dcb69d511057cd3d8b565db1e1227e6,2026-04-27 21:03:51,input_length_8192-num_aie_columns_2-num_channels_2-tile_size_2048-weighted_False,5/5,0.09099942999999999,0.08224487,0.06738865,0.1259392,0.0239664015012152,,,,,,379.18,398.4,260.2,486.3,91.80880676710704,n/a
5503a9566e74d9b7c3221a857d903c0e3b1b7a98,2026-05-11 23:33:39,input_length_8192-num_aie_columns_2-num_channels_2-tile_size_2048-weighted_False,5/5,0.08790046,0.05897726,0.04904391,0.1469358,0.046145701027107064,,,,,,457.54,555.6,223.0,668.1,204.1344483422629,iron/operators/rms_norm/test.py::test_rms_norm
4d4b803c99fe896d0f08aba5dcc86a8f319c18a5,2026-06-22 17:55:05,input_length_8192-num_aie_columns_2-num_channels_2-tile_size_2048-weighted_False,5/5,0.074249672,0.06992133,0.04858636,0.1139554,0.02597027371002027,,,,,,483.12,468.6,287.6,674.4,154.2748424079571,iron/operators/rms_norm/test.py::test_rms_norm
7e6b95b65dcb69d511057cd3d8b565db1e1227e6,2026-04-27 21:03:51,input_length_8192-num_aie_columns_2-num_channels_2-tile_size_2048-weighted_True,5/5,0.083328232,0.07286355,0.05778781,0.1231205,0.025622097300336672,,,,,,473.52,505.9,299.4,637.9,129.86649683424898,n/a
5503a9566e74d9b7c3221a857d903c0e3b1b7a98,2026-05-11 23:33:39,input_length_8192-num_aie_columns_2-num_channels_2-tile_size_2048-weighted_True,5/5,0.09176284,0.09376121,0.0703007,0.1233396,0.02095710232161522,,,,,,418.0,393.2,298.9,524.4,90.25045706255453,iron/operators/rms_norm/test.py::test_rms_norm
4d4b803c99fe896d0f08aba5dcc86a8f319c18a5,2026-06-22 17:55:05,input_length_8192-num_aie_columns_2-num_channels_2-tile_size_2048-weighted_True,5/5,0.0642808,0.0708449,0.01870846,0.09331902,0.027614216418352343,,,,,,790.86,520.3,395.0,1970.4,662.3983529568895,iron/operators/rms_norm/test.py::test_rms_norm
7e6b95b65dcb69d511057cd3d8b565db1e1227e6,2026-04-27 21:03:51,input_length_8192-num_aie_columns_2-tile_size_4096,10/10,0.145956055,0.14136680000000001,0.08348563,0.2465551,0.053311032469064296,,,,,,379.25,355.0,199.4,588.7,135.0038867753238,n/a
5503a9566e74d9b7c3221a857d903c0e3b1b7a98,2026-05-11 23:33:39,input_length_8192-num_aie_columns_2-tile_size_4096,5/5,0.126728706,0.1504988,0.05856679,0.1745027,0.052707482485107184,,,,,,467.28000000000003,326.6,281.7,839.2,244.55567259828592,iron/operators/elementwise_add/test.py::test_elementwise_add
5503a9566e74d9b7c3221a857d903c0e3b1b7a98,2026-05-11 23:33:39,input_length_8192-num_aie_columns_2-tile_size_4096,5/5,0.15346463999999999,0.1627129,0.0830506,0.1865599,0.04076738004818313,,,,,,349.09999999999997,302.1,263.5,591.8,136.8001279239168,iron/operators/elementwise_mul/test.py::test_elementwise_mul
4d4b803c99fe896d0f08aba5dcc86a8f319c18a5,2026-06-22 17:55:05,input_length_8192-num_aie_columns_2-tile_size_4096,5/5,0.117659638,0.1221389,0.09954069,0.134931,0.01693834179451223,,,,,,425.0,402.4,364.3,493.8,63.074281605104304,iron/operators/elementwise_add/test.py::test_elementwise_add
4d4b803c99fe896d0f08aba5dcc86a8f319c18a5,2026-06-22 17:55:05,input_length_8192-num_aie_columns_2-tile_size_4096,5/5,0.14025305999999998,0.134377,0.1005772,0.192927,0.04004857833454266,,,,,,373.86,365.8,254.8,488.7,103.71486392991123,iron/operators/elementwise_mul/test.py::test_elementwise_mul
7e6b95b65dcb69d511057cd3d8b565db1e1227e6,2026-04-27 21:03:51,input_length_8192-num_aie_columns_2-tile_size_4096-scalar_factor_10.0,5/5,0.132576746,0.1135638,0.08207923,0.1838881,0.04729021040463956,,,,,,410.71999999999997,432.8,267.3,598.8,142.84630551750365,n/a
5503a9566e74d9b7c3221a857d903c0e3b1b7a98,2026-05-11 23:33:39,input_length_8192-num_aie_columns_2-tile_size_4096-scalar_factor_10.0,5/5,0.16444362,0.1640182,0.1018553,0.2148252,0.04075393770425135,,,,,,317.58,299.7,228.8,482.6,96.75180618469095,iron/operators/axpy/test.py::test_axpy
4d4b803c99fe896d0f08aba5dcc86a8f319c18a5,2026-06-22 17:55:05,input_length_8192-num_aie_columns_2-tile_size_4096-scalar_factor_10.0,5/5,0.155927522,0.1699803,0.08477991,0.1944411,0.04335965589316779,,,,,,344.7,289.2,252.8,579.8,134.76550003617393,iron/operators/axpy/test.py::test_axpy
7e6b95b65dcb69d511057cd3d8b565db1e1227e6,2026-04-27 21:03:51,input_length_8192-num_aie_columns_2-tile_size_4096-scalar_factor_3.0,5/5,0.164646266,0.1748877,0.07890808,0.2969694,0.08790668119718648,,,,,,377.26,281.0,165.5,622.9,197.06682369186348,n/a
5503a9566e74d9b7c3221a857d903c0e3b1b7a98,2026-05-11 23:33:39,input_length_8192-num_aie_columns_2-tile_size_4096-scalar_factor_3.0,5/5,0.15485474,0.1400466,0.1274011,0.2028099,0.030712071749769664,,,,,,326.54,351.0,242.4,385.8,57.93848461946515,iron/operators/axpy/test.py::test_axpy
4d4b803c99fe896d0f08aba5dcc86a8f319c18a5,2026-06-22 17:55:05,input_length_8192-num_aie_columns_2-tile_size_4096-scalar_factor_3.0,5/5,0.166741952,0.1681278,0.08163686,0.2161506,0.05363924967581593,,,,,,333.26,292.3,227.4,602.1,154.35719290010428,iron/operators/axpy/test.py::test_axpy
7e6b95b65dcb69d511057cd3d8b565db1e1227e6,2026-04-27 21:03:51,input_length_8192-num_aie_columns_4-num_channels_1-tile_size_2048,30/30,0.08710701733333333,0.07527869,0.02994565,0.1632547,0.032489734527493444,,,,,,432.5333333333333,435.29999999999995,200.7,1094.2,178.14221814341897,n/a
5503a9566e74d9b7c3221a857d903c0e3b1b7a98,2026-05-11 23:33:39,input_length_8192-num_aie_columns_4-num_channels_1-tile_size_2048,5/5,0.081634468,0.07329501,0.04936813,0.117848,0.03321167193292849,,,,,,459.78000000000003,447.1,278.1,663.7,182.44365431551736,iron/operators/gelu/test.py::test_gelu
5503a9566e74d9b7c3221a857d903c0e3b1b7a98,2026-05-11 23:33:39,input_length_8192-num_aie_columns_4-num_channels_1-tile_size_2048,5/5,0.111444168,0.1304235,0.01599891,0.2115129,0.07440970826640479,,,,,,640.34,251.2,154.9,2048.1,797.5865175640822,iron/operators/layer_norm/test.py::test_layer_norm
5503a9566e74d9b7c3221a857d903c0e3b1b7a98,2026-05-11 23:33:39,input_length_8192-num_aie_columns_4-num_channels_1-tile_size_2048,5/5,0.09470607,0.07679184,0.07046351,0.1768299,0.04603110557165503,,,,,,391.2,426.7,185.3,465.0,116.82407714165774,iron/operators/relu/test.py::test_relu
5503a9566e74d9b7c3221a857d903c0e3b1b7a98,2026-05-11 23:33:39,input_length_8192-num_aie_columns_4-num_channels_1-tile_size_2048,5/5,0.09786244,0.109529,0.05392294,0.1475059,0.03759061508896602,,,,,,382.34000000000003,299.2,222.1,607.7,159.8601357437182,iron/operators/sigmoid/test.py::test_sigmoid
5503a9566e74d9b7c3221a857d903c0e3b1b7a98,2026-05-11 23:33:39,input_length_8192-num_aie_columns_4-num_channels_1-tile_size_2048,5/5,0.07304258799999999,0.06189473,0.05012551,0.1090867,0.02564452662416719,,,,,,491.36,529.4,300.4,653.7,154.38329896721345,iron/operators/silu/test.py::test_silu
5503a9566e74d9b7c3221a857d903c0e3b1b7a98,2026-05-11 23:33:39,input_length_8192-num_aie_columns_4-num_channels_1-tile_size_2048,5/5,0.093274606,0.07472509,0.06175802,0.1566925,0.03850277490603347,,,,,,392.02,438.5,209.1,530.6,127.1228028325367,iron/operators/tanh/test.py::test_tanh
4d4b803c99fe896d0f08aba5dcc86a8f319c18a5,2026-06-22 17:55:05,input_length_8192-num_aie_columns_4-num_channels_1-tile_size_2048,5/5,0.094866098,0.09722779,0.0509239,0.1390755,0.03157686486854767,,,,,,384.1,337.0,235.6,643.5,154.04992697174512,iron/operators/gelu/test.py::test_gelu
4d4b803c99fe896d0f08aba5dcc86a8f319c18a5,2026-06-22 17:55:05,input_length_8192-num_aie_columns_4-num_channels_1-tile_size_2048,5/5,0.089641942,0.1121577,0.01667927,0.1342351,0.049343860266505495,,,,,,659.4599999999999,292.2,244.1,1964.6,738.6688046750045,iron/operators/layer_norm/test.py::test_layer_norm
4d4b803c99fe896d0f08aba5dcc86a8f319c18a5,2026-06-22 17:55:05,input_length_8192-num_aie_columns_4-num_channels_1-tile_size_2048,5/5,0.061557076,0.06091714,0.01746856,0.1164968,0.03734681812975946,,,,,,793.74,537.9,281.3,1875.8,636.3941490931544,iron/operators/relu/test.py::test_relu
4d4b803c99fe896d0f08aba5dcc86a8f319c18a5,2026-06-22 17:55:05,input_length_8192-num_aie_columns_4-num_channels_1-tile_size_2048,5/5,0.076576822,0.07131323,0.04354233,0.1413352,0.038744813678559226,,,,,,504.9,459.5,231.8,752.6,203.3290928519576,iron/operators/sigmoid/test.py::test_sigmoid
4d4b803c99fe896d0f08aba5dcc86a8f319c18a5,2026-06-22 17:55:05,input_length_8192-num_aie_columns_4-num_channels_1-tile_size_2048,5/5,0.09047049,0.1110272,0.03110598,0.133316,0.041439637019063044,,,,,,478.0,295.1,245.8,1053.4,336.57170855554693,iron/operators/silu/test.py::test_silu
4d4b803c99fe896d0f08aba5dcc86a8f319c18a5,2026-06-22 17:55:05,input_length_8192-num_aie_columns_4-num_channels_1-tile_size_2048,5/5,0.083002542,0.07881622,0.05206857,0.1336319,0.030402676433752832,,,,,,432.86,415.8,245.2,629.3,137.3419564444893,iron/operators/tanh/test.py::test_tanh
7e6b95b65dcb69d511057cd3d8b565db1e1227e6,2026-04-27 21:03:51,input_length_8192-num_aie_columns_4-num_channels_1-tile_size_2048-group_size_32,5/5,0.049776356,0.0449625,0.03633173,0.07589024,0.015338468566295331,,,,,,448.48,466.9,276.6,577.8,111.07887737999513,n/a
5503a9566e74d9b7c3221a857d903c0e3b1b7a98,2026-05-11 23:33:39,input_length_8192-num_aie_columns_4-num_channels_1-tile_size_2048-group_size_32,5/5,0.068234486,0.07962222,0.04818005,0.08405575,0.01834748574757942,,,,,,328.6,263.6,249.7,435.7,97.62294812184275,iron/operators/dequant/test.py::test_dequant
4d4b803c99fe896d0f08aba5dcc86a8f319c18a5,2026-06-22 17:55:05,input_length_8192-num_aie_columns_4-num_channels_1-tile_size_2048-group_size_32,5/5,0.068744516,0.07637426,0.04041773,0.08334988,0.016988025877468223,,,,,,326.91999999999996,274.9,251.9,519.4,110.18564788573873,iron/operators/dequant/test.py::test_dequant
7e6b95b65dcb69d511057cd3d8b565db1e1227e6,2026-04-27 21:03:51,input_length_8192-num_aie_columns_4-num_channels_1-tile_size_2048-weighted_False,5/5,0.083092666,0.08031825,0.05253783,0.1379026,0.03452656971402357,,,,,,445.88,408.0,237.6,623.7,161.8881002421117,n/a
5503a9566e74d9b7c3221a857d903c0e3b1b7a98,2026-05-11 23:33:39,input_length_8192-num_aie_columns_4-num_channels_1-tile_size_2048-weighted_False,5/5,0.08062282,0.1023194,0.03093536,0.1111816,0.035656104257178745,,,,,,517.58,320.3,294.7,1059.2,327.64164417851407,iron/operators/rms_norm/test.py::test_rms_norm
4d4b803c99fe896d0f08aba5dcc86a8f319c18a5,2026-06-22 17:55:05,input_length_8192-num_aie_columns_4-num_channels_1-tile_size_2048-weighted_False,5/5,0.103174128,0.1158609,0.0523402,0.1667506,0.04832395379435461,,,,,,388.84000000000003,282.8,196.5,626.1,196.4213404902838,iron/operators/rms_norm/test.py::test_rms_norm
7e6b95b65dcb69d511057cd3d8b565db1e1227e6,2026-04-27 21:03:51,input_length_8192-num_aie_columns_4-num_channels_1-tile_size_2048-weighted_True,5/5,0.084538454,0.08228884,0.06232586,0.1068897,0.016239851240971392,,,,,,449.8,448.0,344.9,591.5,90.95680293414013,n/a
5503a9566e74d9b7c3221a857d903c0e3b1b7a98,2026-05-11 23:33:39,input_length_8192-num_aie_columns_4-num_channels_1-tile_size_2048-weighted_True,5/5,0.102462792,0.101961,0.07326409,0.1465754,0.028370546951057708,,,,,,380.8,361.6,251.5,503.2,97.24697938753675,iron/operators/rms_norm/test.py::test_rms_norm
4d4b803c99fe896d0f08aba5dcc86a8f319c18a5,2026-06-22 17:55:05,input_length_8192-num_aie_columns_4-num_channels_1-tile_size_2048-weighted_True,5/5,0.086309478,0.06998373,0.05829784,0.1403525,0.03458796707415918,,,,,,476.47999999999996,526.8,262.7,632.3,157.46219228754566,iron/operators/rms_norm/test.py::test_rms_norm
7e6b95b65dcb69d511057cd3d8b565db1e1227e6,2026-04-27 21:03:51,input_length_8192-num_aie_columns_4-num_channels_2-tile_size_1024,25/25,0.0760834768,0.07211998,0.05077602,0.1255137,0.018161950852214986,,,,,,451.024,454.4,261.1,645.3,91.86022570550688,n/a
5503a9566e74d9b7c3221a857d903c0e3b1b7a98,2026-05-11 23:33:39,input_length_8192-num_aie_columns_4-num_channels_2-tile_size_1024,5/5,0.086332318,0.08889058,0.0235778,0.1396457,0.04415620303432147,,,,,,554.16,368.6,234.7,1389.8,476.43581204607193,iron/operators/gelu/test.py::test_gelu
5503a9566e74d9b7c3221a857d903c0e3b1b7a98,2026-05-11 23:33:39,input_length_8192-num_aie_columns_4-num_channels_2-tile_size_1024,5/5,0.055474926,0.05753819,0.03056702,0.07260673,0.01711854444563059,,,,,,651.4,569.5,451.3,1072.0,253.4422222124798,iron/operators/layer_norm/test.py::test_layer_norm
5503a9566e74d9b7c3221a857d903c0e3b1b7a98,2026-05-11 23:33:39,input_length_8192-num_aie_columns_4-num_channels_2-tile_size_1024,5/5,0.074240792,0.0688107,0.05072571,0.119484,0.027669281398376978,,,,,,484.66,476.2,274.2,646.0,150.1335671993442,iron/operators/relu/test.py::test_relu
5503a9566e74d9b7c3221a857d903c0e3b1b7a98,2026-05-11 23:33:39,input_length_8192-num_aie_columns_4-num_channels_2-tile_size_1024,5/5,0.075526016,0.07010562,0.03933091,0.1196852,0.029368551187936225,,,,,,493.94,467.4,273.8,833.1,208.68413451913398,iron/operators/sigmoid/test.py::test_sigmoid
5503a9566e74d9b7c3221a857d903c0e3b1b7a98,2026-05-11 23:33:39,input_length_8192-num_aie_columns_4-num_channels_2-tile_size_1024,5/5,0.08411605,0.07353895,0.06756957,0.105179,0.01886894217261397,,,,,,404.76,445.6,311.5,485.0,84.83574128868092,iron/operators/tanh/test.py::test_tanh
4d4b803c99fe896d0f08aba5dcc86a8f319c18a5,2026-06-22 17:55:05,input_length_8192-num_aie_columns_4-num_channels_2-tile_size_1024,5/5,0.062714592,0.06130876,0.02369136,0.1065668,0.02997626020316944,,,,,,664.02,534.5,307.5,1383.1,418.16623130042433,iron/operators/gelu/test.py::test_gelu
4d4b803c99fe896d0f08aba5dcc86a8f319c18a5,2026-06-22 17:55:05,input_length_8192-num_aie_columns_4-num_channels_2-tile_size_1024,5/5,0.080579156,0.08303853,0.05802296,0.1077002,0.020947432750488302,,,,,,429.96000000000004,394.6,304.3,564.7,113.37831803303489,iron/operators/layer_norm/test.py::test_layer_norm
4d4b803c99fe896d0f08aba5dcc86a8f319c18a5,2026-06-22 17:55:05,input_length_8192-num_aie_columns_4-num_channels_2-tile_size_1024,5/5,0.07423363,0.0664873,0.05359065,0.116542,0.024378153073335976,,,,,,472.02,492.8,281.2,611.5,119.3589209066503,iron/operators/relu/test.py::test_relu
4d4b803c99fe896d0f08aba5dcc86a8f319c18a5,2026-06-22 17:55:05,input_length_8192-num_aie_columns_4-num_channels_2-tile_size_1024,5/5,0.08693476,0.08004104,0.06747065,0.1185528,0.02148871442966168,,,,,,394.35999999999996,409.4,276.4,485.7,89.06589133894074,iron/operators/sigmoid/test.py::test_sigmoid
4d4b803c99fe896d0f08aba5dcc86a8f319c18a5,2026-06-22 17:55:05,input_length_8192-num_aie_columns_4-num_channels_2-tile_size_1024,5/5,0.079423616,0.06411634,0.05624384,0.1320673,0.03200214205239518,,,,,,457.74,511.1,248.1,582.6,143.44341393037186,iron/operators/tanh/test.py::test_tanh
7e6b95b65dcb69d511057cd3d8b565db1e1227e6,2026-04-27 21:03:51,input_length_8192-num_aie_columns_4-num_channels_2-tile_size_1024-group_size_32,5/5,0.045303748,0.04162527,0.03011069,0.07480365,0.018141386800813217,,,,,,516.4,504.3,280.6,697.2,171.88878671978577,n/a
5503a9566e74d9b7c3221a857d903c0e3b1b7a98,2026-05-11 23:33:39,input_length_8192-num_aie_columns_4-num_channels_2-tile_size_1024-group_size_32,5/5,0.051616126,0.04718724,0.03721722,0.07689011,0.015133061840497777,,,,,,431.0,444.9,273.0,564.0,106.429624635249,iron/operators/dequant/test.py::test_dequant
4d4b803c99fe896d0f08aba5dcc86a8f319c18a5,2026-06-22 17:55:05,input_length_8192-num_aie_columns_4-num_channels_2-tile_size_1024-group_size_32,5/5,0.050905332,0.04555793,0.03302628,0.08692915,0.02210191585507849,,,,,,467.66,460.8,241.5,635.6,165.88961088627585,iron/operators/dequant/test.py::test_dequant
7e6b95b65dcb69d511057cd3d8b565db1e1227e6,2026-04-27 21:03:51,input_length_8192-num_aie_columns_4-num_channels_2-tile_size_1024-weighted_False,5/5,0.076393646,0.06262351,0.05420167,0.1433678,0.03782453163218984,,,,,,488.74,523.3,228.6,604.6,153.4834779381807,n/a
5503a9566e74d9b7c3221a857d903c0e3b1b7a98,2026-05-11 23:33:39,input_length_8192-num_aie_columns_4-num_channels_2-tile_size_1024-weighted_False,5/5,0.065980778,0.06062692,0.01733689,0.108217,0.03523862806633184,,,,,,742.72,540.5,302.8,1890.1,654.2121421985379,iron/operators/rms_norm/test.py::test_rms_norm
4d4b803c99fe896d0f08aba5dcc86a8f319c18a5,2026-06-22 17:55:05,input_length_8192-num_aie_columns_4-num_channels_2-tile_size_1024-weighted_False,5/5,0.078636278,0.06329376,0.05974318,0.1370014,0.03298246623344318,,,,,,459.34,517.7,239.2,548.5,128.31306636504328,iron/operators/rms_norm/test.py::test_rms_norm
7e6b95b65dcb69d511057cd3d8b565db1e1227e6,2026-04-27 21:03:51,input_length_8192-num_aie_columns_4-tile_size_2048,10/10,0.134765995,0.1203495,0.07043721,0.2450152,0.05547558910289126,,,,,,421.12,409.8,200.6,697.8,161.73525555329266,n/a
5503a9566e74d9b7c3221a857d903c0e3b1b7a98,2026-05-11 23:33:39,input_length_8192-num_aie_columns_4-tile_size_2048,5/5,0.115097038,0.09753987,0.08212188,0.2103848,0.05380318699743232,,,,,,480.52,503.9,233.6,598.5,145.24571250126456,iron/operators/elementwise_add/test.py::test_elementwise_add
5503a9566e74d9b7c3221a857d903c0e3b1b7a98,2026-05-11 23:33:39,input_length_8192-num_aie_columns_4-tile_size_2048,5/5,0.123071506,0.0927349,0.06081746,0.2710025,0.08468218833887135,,,,,,515.52,530.0,181.4,808.2,230.4468637235057,iron/operators/elementwise_mul/test.py::test_elementwise_mul
4d4b803c99fe896d0f08aba5dcc86a8f319c18a5,2026-06-22 17:55:05,input_length_8192-num_aie_columns_4-tile_size_2048,5/5,0.117717434,0.1107239,0.09178077,0.1539512,0.02457430841433346,,,,,,431.54,443.9,319.3,535.5,84.71654501925818,iron/operators/elementwise_add/test.py::test_elementwise_add
4d4b803c99fe896d0f08aba5dcc86a8f319c18a5,2026-06-22 17:55:05,input_length_8192-num_aie_columns_4-tile_size_2048,5/5,0.124035176,0.1033159,0.09893441,0.2017668,0.04402800376436604,,,,,,426.26,475.7,243.6,496.8,106.43372585792531,iron/operators/elementwise_mul/test.py::test_elementwise_mul
7e6b95b65dcb69d511057cd3d8b565db1e1227e6,2026-04-27 21:03:51,input_length_8192-num_aie_columns_4-tile_size_2048-scalar_factor_10.0,5/5,0.14884088,0.111842,0.083884,0.2345889,0.06912858843652891,,,,,,389.78,439.5,209.5,586.0,163.48231402815412,n/a
5503a9566e74d9b7c3221a857d903c0e3b1b7a98,2026-05-11 23:33:39,input_length_8192-num_aie_columns_4-tile_size_2048-scalar_factor_10.0,5/5,0.12616560200000002,0.1136323,0.08973601,0.2040925,0.04470993591492858,,,,,,420.40000000000003,432.6,240.8,547.7,111.48916987761638,iron/operators/axpy/test.py::test_axpy
4d4b803c99fe896d0f08aba5dcc86a8f319c18a5,2026-06-22 17:55:05,input_length_8192-num_aie_columns_4-tile_size_2048-scalar_factor_10.0,5/5,0.14148914,0.1355274,0.1049897,0.1819104,0.03209181381992922,,,,,,362.08,362.7,270.2,468.2,81.7271497117084,iron/operators/axpy/test.py::test_axpy
7e6b95b65dcb69d511057cd3d8b565db1e1227e6,2026-04-27 21:03:51,input_length_8192-num_aie_columns_4-tile_size_2048-scalar_factor_3.0,5/5,0.130080532,0.1006864,0.07562742,0.1987345,0.05884798475856009,,,,,,442.56,488.2,247.3,649.9,181.48303777488405,n/a
5503a9566e74d9b7c3221a857d903c0e3b1b7a98,2026-05-11 23:33:39,input_length_8192-num_aie_columns_4-tile_size_2048-scalar_factor_3.0,5/5,0.106984216,0.1135507,0.02463153,0.1683928,0.05454516066265668,,,,,,724.58,432.9,291.9,1995.5,716.8803923947146,iron/operators/axpy/test.py::test_axpy
4d4b803c99fe896d0f08aba5dcc86a8f319c18a5,2026-06-22 17:55:05,input_length_8192-num_aie_columns_4-tile_size_2048-scalar_factor_3.0,5/5,0.15867599000000002,0.1937353,0.09722269,0.2042876,0.05536729273486108,,,,,,348.56,253.7,240.6,505.6,139.0493185887655,iron/operators/axpy/test.py::test_axpy
7e6b95b65dcb69d511057cd3d8b565db1e1227e6,2026-04-27 21:03:51,input_length_8192-num_cores_1-num_channels_1-bypass_False-tile_size_8192,5/5,0.084922552,0.08144214,0.01710656,0.1383982,0.04611503907721775,,,,,,657.92,402.3,236.8,1915.5,708.2243020399682,n/a
5503a9566e74d9b7c3221a857d903c0e3b1b7a98,2026-05-11 23:33:39,input_length_8192-num_cores_1-num_channels_1-bypass_False-tile_size_8192,5/5,0.087522766,0.0931674,0.05792941,0.1116567,0.02546130196568274,,,,,,403.74,351.7,293.5,565.7,127.11865716723098,iron/operators/mem_copy/test.py::test_mem_copy
4d4b803c99fe896d0f08aba5dcc86a8f319c18a5,2026-06-22 17:55:05,input_length_8192-num_cores_1-num_channels_1-bypass_False-tile_size_8192,5/5,0.094086472,0.1007592,0.06363485,0.1289327,0.02850779280061278,,,,,,376.96,325.2,254.1,514.9,119.86850295219341,iron/operators/mem_copy/test.py::test_mem_copy
7e6b95b65dcb69d511057cd3d8b565db1e1227e6,2026-04-27 21:03:51,input_length_8192-num_cores_1-num_channels_1-bypass_True-tile_size_8192,5/5,0.12353436,0.1209642,0.1085544,0.1384515,0.013592777562845649,,,,,,267.84,270.9,236.7,301.9,29.24923930634778,n/a
5503a9566e74d9b7c3221a857d903c0e3b1b7a98,2026-05-11 23:33:39,input_length_8192-num_cores_1-num_channels_1-bypass_True-tile_size_8192,5/5,0.10018091,0.108963,0.05890707,0.1256389,0.02531278049831152,,,,,,350.62,300.7,260.8,556.3,118.3891760255134,iron/operators/mem_copy/test.py::test_mem_copy
4d4b803c99fe896d0f08aba5dcc86a8f319c18a5,2026-06-22 17:55:05,input_length_8192-num_cores_1-num_channels_1-bypass_True-tile_size_8192,5/5,0.07723872400000001,0.07236238,0.05516898,0.11232,0.021226370724018746,,,,,,447.3,452.8,291.7,594.0,108.17573665106238,iron/operators/mem_copy/test.py::test_mem_copy
7e6b95b65dcb69d511057cd3d8b565db1e1227e6,2026-04-27 21:03:51,input_length_8192-num_cores_2-num_channels_1-bypass_False-tile_size_4096,5/5,0.09016571999999999,0.07688012,0.05095486,0.1356269,0.038357009382009956,,,,,,420.9,426.2,241.6,643.1,173.22684549457108,n/a
5503a9566e74d9b7c3221a857d903c0e3b1b7a98,2026-05-11 23:33:39,input_length_8192-num_cores_2-num_channels_1-bypass_False-tile_size_4096,5/5,0.12011383,0.1116487,0.09231775,0.1654264,0.027274460330398837,,,,,,282.86,293.5,198.1,354.9,56.37843559376226,iron/operators/mem_copy/test.py::test_mem_copy
4d4b803c99fe896d0f08aba5dcc86a8f319c18a5,2026-06-22 17:55:05,input_length_8192-num_cores_2-num_channels_1-bypass_False-tile_size_4096,5/5,0.091235814,0.09145052,0.05574628,0.1355646,0.0348033799665159,,,,,,406.46,358.3,241.7,587.8,158.35398005733862,iron/operators/mem_copy/test.py::test_mem_copy
7e6b95b65dcb69d511057cd3d8b565db1e1227e6,2026-04-27 21:03:51,input_length_8192-num_cores_2-num_channels_1-bypass_True-tile_size_4096,5/5,0.115253134,0.130102,0.06691567,0.135982,0.02862933788624494,,,,,,305.04,251.9,241.0,489.7,105.29707023464613,n/a
5503a9566e74d9b7c3221a857d903c0e3b1b7a98,2026-05-11 23:33:39,input_length_8192-num_cores_2-num_channels_1-bypass_True-tile_size_4096,5/5,0.090666832,0.09028689,0.06299867,0.1172484,0.022908739175039074,,,,,,381.5,362.9,279.5,520.1,100.64633624727729,iron/operators/mem_copy/test.py::test_mem_copy
4d4b803c99fe896d0f08aba5dcc86a8f319c18a5,2026-06-22 17:55:05,input_length_8192-num_cores_2-num_channels_1-bypass_True-tile_size_4096,5/5,0.100414282,0.1109328,0.05706722,0.1535801,0.04101759375478674,,,,,,378.84000000000003,295.4,213.4,574.2,164.628165876924,iron/operators/mem_copy/test.py::test_mem_copy
7e6b95b65dcb69d511057cd3d8b565db1e1227e6,2026-04-27 21:03:51,input_length_8192-num_cores_2-num_channels_2-bypass_False-tile_size_4096,5/5,0.118192274,0.1326559,0.08317997,0.1334735,0.022321876289783077,,,,,,286.92,247.0,245.5,393.9,64.5841079523438,n/a
5503a9566e74d9b7c3221a857d903c0e3b1b7a98,2026-05-11 23:33:39,input_length_8192-num_cores_2-num_channels_2-bypass_False-tile_size_4096,5/5,0.077527476,0.06297929,0.05057188,0.1167043,0.027434485972513318,,,,,,463.88,520.3,280.8,647.9,148.79034578896574,iron/operators/mem_copy/test.py::test_mem_copy
4d4b803c99fe896d0f08aba5dcc86a8f319c18a5,2026-06-22 17:55:05,input_length_8192-num_cores_2-num_channels_2-bypass_False-tile_size_4096,5/5,0.095558314,0.1087096,0.05506773,0.1309254,0.034636901786842596,,,,,,388.71999999999997,301.4,250.3,595.0,159.537666398879,iron/operators/mem_copy/test.py::test_mem_copy
7e6b95b65dcb69d511057cd3d8b565db1e1227e6,2026-04-27 21:03:51,input_length_8192-num_cores_2-num_channels_2-bypass_True-tile_size_4096,5/5,0.097681824,0.1038033,0.05311367,0.145117,0.04159861046341127,,,,,,397.18,315.7,225.8,616.9,184.5672966698055,n/a
5503a9566e74d9b7c3221a857d903c0e3b1b7a98,2026-05-11 23:33:39,input_length_8192-num_cores_2-num_channels_2-bypass_True-tile_size_4096,5/5,0.093837938,0.07574437,0.07432088,0.1278143,0.02609552597957013,,,,,,369.71999999999997,432.6,256.4,440.9,92.3796893261717,iron/operators/mem_copy/test.py::test_mem_copy
4d4b803c99fe896d0f08aba5dcc86a8f319c18a5,2026-06-22 17:55:05,input_length_8192-num_cores_2-num_channels_2-bypass_True-tile_size_4096,5/5,0.112775412,0.1147797,0.07104682,0.1473328,0.03329216585587847,,,,,,314.12,285.5,222.4,461.2,101.59909940545732,iron/operators/mem_copy/test.py::test_mem_copy
7e6b95b65dcb69d511057cd3d8b565db1e1227e6,2026-04-27 21:03:51,input_length_8192-num_cores_4-num_channels_1-bypass_False-tile_size_2048,5/5,0.087195192,0.09409738,0.05956356,0.1088652,0.01935620194633415,,,,,,393.22,348.2,301.0,550.1,99.48108865508058,n/a
5503a9566e74d9b7c3221a857d903c0e3b1b7a98,2026-05-11 23:33:39,input_length_8192-num_cores_4-num_channels_1-bypass_False-tile_size_2048,5/5,0.101754286,0.1115841,0.06939609,0.134445,0.027881947954342793,,,,,,343.92,293.7,243.7,472.2,100.8314038382884,iron/operators/mem_copy/test.py::test_mem_copy
4d4b803c99fe896d0f08aba5dcc86a8f319c18a5,2026-06-22 17:55:05,input_length_8192-num_cores_4-num_channels_1-bypass_False-tile_size_2048,5/5,0.09263893000000001,0.10323,0.05451702,0.1423192,0.03775409528015074,,,,,,409.68,317.4,230.2,601.1,175.95805466076283,iron/operators/mem_copy/test.py::test_mem_copy
7e6b95b65dcb69d511057cd3d8b565db1e1227e6,2026-04-27 21:03:51,input_length_8192-num_cores_4-num_channels_1-bypass_True-tile_size_2048,5/5,0.083059328,0.07741521,0.06113228,0.1111744,0.020584760386957876,,,,,,413.78000000000003,423.3,294.7,536.0,98.44946419356481,n/a
5503a9566e74d9b7c3221a857d903c0e3b1b7a98,2026-05-11 23:33:39,input_length_8192-num_cores_4-num_channels_1-bypass_True-tile_size_2048,5/5,0.098040082,0.1135051,0.06387101,0.1285322,0.030731134767717574,,,,,,366.06,288.7,254.9,513.0,127.45090427297879,iron/operators/mem_copy/test.py::test_mem_copy
4d4b803c99fe896d0f08aba5dcc86a8f319c18a5,2026-06-22 17:55:05,input_length_8192-num_cores_4-num_channels_1-bypass_True-tile_size_2048,5/5,0.07740597,0.06980485,0.05800026,0.1147998,0.022278815724428663,,,,,,447.2,469.4,285.4,565.0,105.7885390767828,iron/operators/mem_copy/test.py::test_mem_copy
7e6b95b65dcb69d511057cd3d8b565db1e1227e6,2026-04-27 21:03:51,input_length_8192-num_cores_4-num_channels_2-bypass_False-tile_size_2048,5/5,0.095094538,0.08504012,0.0552202,0.1410183,0.04132313295089713,,,,,,402.98,385.3,232.4,593.4,171.3547840009143,n/a
5503a9566e74d9b7c3221a857d903c0e3b1b7a98,2026-05-11 23:33:39,input_length_8192-num_cores_4-num_channels_2-bypass_False-tile_size_2048,5/5,0.075085872,0.06555436,0.05539608,0.1296382,0.03091663520290606,,,,,,480.12,499.9,252.8,591.5,134.66533332673262,iron/operators/mem_copy/test.py::test_mem_copy
4d4b803c99fe896d0f08aba5dcc86a8f319c18a5,2026-06-22 17:55:05,input_length_8192-num_cores_4-num_channels_2-bypass_False-tile_size_2048,5/5,0.106392474,0.1275253,0.05937437,0.1409334,0.040233395564858554,,,,,,354.9,257.0,232.5,551.9,155.7289793198427,iron/operators/mem_copy/test.py::test_mem_copy
7e6b95b65dcb69d511057cd3d8b565db1e1227e6,2026-04-27 21:03:51,input_length_8192-num_cores_4-num_channels_2-bypass_True-tile_size_2048,5/5,0.10285589,0.1067473,0.06231921,0.1375605,0.027322571047273352,,,,,,341.15999999999997,307.0,238.2,525.8,109.68312541134118,n/a
5503a9566e74d9b7c3221a857d903c0e3b1b7a98,2026-05-11 23:33:39,input_length_8192-num_cores_4-num_channels_2-bypass_True-tile_size_2048,5/5,0.07086338,0.06896595,0.05621875,0.0910154,0.014438674365534738,,,,,,477.54,475.1,360.0,582.9,93.59531505369272,iron/operators/mem_copy/test.py::test_mem_copy
4d4b803c99fe896d0f08aba5dcc86a8f319c18a5,2026-06-22 17:55:05,input_length_8192-num_cores_4-num_channels_2-bypass_True-tile_size_2048,5/5,0.088951034,0.08203054,0.06071465,0.1404375,0.030361466541085097,,,,,,397.48,399.5,233.3,539.7,110.52005247917684,iron/operators/mem_copy/test.py::test_mem_copy
7e6b95b65dcb69d511057cd3d8b565db1e1227e6,2026-04-27 21:03:51,input_length_8192-num_cores_8-num_channels_2-bypass_False-tile_size_1024,5/5,0.075713978,0.06621657,0.0491013,0.1279191,0.03028186279830668,,,,,,477.7,494.9,256.2,667.4,146.80214576088457,n/a
5503a9566e74d9b7c3221a857d903c0e3b1b7a98,2026-05-11 23:33:39,input_length_8192-num_cores_8-num_channels_2-bypass_False-tile_size_1024,5/5,0.060002773999999995,0.05407439,0.01695607,0.1200676,0.037356590471855564,,,,,,803.96,606.0,272.9,1932.5,647.6206358663998,iron/operators/mem_copy/test.py::test_mem_copy
4d4b803c99fe896d0f08aba5dcc86a8f319c18a5,2026-06-22 17:55:05,input_length_8192-num_cores_8-num_channels_2-bypass_False-tile_size_1024,5/5,0.093241366,0.08846724,0.05768527,0.1327365,0.028033283123312193,,,,,,379.4,370.4,246.9,568.0,121.03154547472325,iron/operators/mem_copy/test.py::test_mem_copy
7e6b95b65dcb69d511057cd3d8b565db1e1227e6,2026-04-27 21:03:51,input_length_8192-num_cores_8-num_channels_2-bypass_True-tile_size_1024,5/5,0.072980308,0.06985395,0.02962719,0.1045635,0.03220595424872658,,,,,,556.58,469.1,313.4,1106.0,327.1737642293465,n/a
5503a9566e74d9b7c3221a857d903c0e3b1b7a98,2026-05-11 23:33:39,input_length_8192-num_cores_8-num_channels_2-bypass_True-tile_size_1024,5/5,0.099086908,0.1132884,0.06113113,0.1313984,0.03237146661238366,,,,,,365.46,289.2,249.4,536.0,133.92217142803503,iron/operators/mem_copy/test.py::test_mem_copy
4d4b803c99fe896d0f08aba5dcc86a8f319c18a5,2026-06-22 17:55:05,input_length_8192-num_cores_8-num_channels_2-bypass_True-tile_size_1024,5/5,0.09526576,0.1041074,0.06148615,0.1276748,0.02702617826232096,,,,,,369.62,314.8,256.7,532.9,114.80699891557134,iron/operators/mem_copy/test.py::test_mem_copy
7e6b95b65dcb69d511057cd3d8b565db1e1227e6,2026-04-27 21:03:51,rows_32-cols_128-angle_rows_16-aie_columns_1-method_type_0,5/5,0.05165066,0.04976503,0.03612656,0.06769823,0.01399984630016344,,,,,,421.18,411.5,302.5,566.9,115.12033703911744,n/a
5503a9566e74d9b7c3221a857d903c0e3b1b7a98,2026-05-11 23:33:39,rows_32-cols_128-angle_rows_16-aie_columns_1-method_type_0,5/5,0.07010253,0.06826803,0.05428487,0.09101696,0.013199519751235268,,,,,,300.1,300.0,225.0,377.3,53.88269666599845,iron/operators/rope/test.py::test_rope
4d4b803c99fe896d0f08aba5dcc86a8f319c18a5,2026-06-22 17:55:05,rows_32-cols_128-angle_rows_16-aie_columns_1-method_type_0,5/5,0.05922983,0.05991755,0.03889026,0.08421849,0.018131087412986288,,,,,,373.34000000000003,341.8,243.2,526.6,115.26542413056919,iron/operators/rope/test.py::test_rope
7e6b95b65dcb69d511057cd3d8b565db1e1227e6,2026-04-27 21:03:51,rows_32-cols_128-angle_rows_16-aie_columns_1-method_type_1,5/5,0.062982566,0.06750832,0.03694264,0.08665299,0.022096498415802898,,,,,,364.28,303.4,236.3,554.4,141.51217968782757,n/a
5503a9566e74d9b7c3221a857d903c0e3b1b7a98,2026-05-11 23:33:39,rows_32-cols_128-angle_rows_16-aie_columns_1-method_type_1,5/5,0.058080191999999996,0.06649588,0.01079745,0.0944005,0.031674104446583334,,,,,,630.3,308.0,216.9,1896.7,713.0747120744081,iron/operators/rope/test.py::test_rope
4d4b803c99fe896d0f08aba5dcc86a8f319c18a5,2026-06-22 17:55:05,rows_32-cols_128-angle_rows_16-aie_columns_1-method_type_1,5/5,0.065527932,0.07029901,0.04212917,0.07595397,0.013876816847145456,,,,,,327.76,291.3,269.6,486.1,90.62735790036031,iron/operators/rope/test.py::test_rope
7e6b95b65dcb69d511057cd3d8b565db1e1227e6,2026-04-27 21:03:51,rows_32-cols_128-angle_rows_16-aie_columns_2-method_type_0,5/5,0.048350206,0.03988424,0.01087215,0.08240885,0.029960745244730313,,,,,,706.62,513.5,248.5,1883.7,676.3820902418987,n/a
5503a9566e74d9b7c3221a857d903c0e3b1b7a98,2026-05-11 23:33:39,rows_32-cols_128-angle_rows_16-aie_columns_2-method_type_0,5/5,0.052717938,0.04624142,0.03462899,0.08302792,0.020154086792439147,,,,,,431.88,442.9,246.7,591.4,145.62912483428582,iron/operators/rope/test.py::test_rope
4d4b803c99fe896d0f08aba5dcc86a8f319c18a5,2026-06-22 17:55:05,rows_32-cols_128-angle_rows_16-aie_columns_2-method_type_0,5/5,0.050233428000000004,0.0391367,0.03661576,0.08898428,0.022038931861764987,,,,,,453.88,523.3,230.2,559.3,133.54297810068488,iron/operators/rope/test.py::test_rope
7e6b95b65dcb69d511057cd3d8b565db1e1227e6,2026-04-27 21:03:51,rows_32-cols_128-angle_rows_16-aie_columns_2-method_type_1,5/5,0.064275548,0.06681086,0.03502172,0.1151694,0.032545496074918266,,,,,,386.38,306.5,177.8,584.8,178.15352087455358,n/a
5503a9566e74d9b7c3221a857d903c0e3b1b7a98,2026-05-11 23:33:39,rows_32-cols_128-angle_rows_16-aie_columns_2-method_type_1,5/5,0.066720908,0.07513887,0.04688097,0.08010294,0.01516792724983938,,,,,,321.74,272.6,255.7,436.9,81.57188854010921,iron/operators/rope/test.py::test_rope
4d4b803c99fe896d0f08aba5dcc86a8f319c18a5,2026-06-22 17:55:05,rows_32-cols_128-angle_rows_16-aie_columns_2-method_type_1,5/5,0.059004276,0.04307018,0.03850637,0.1006576,0.026501934306277154,,,,,,396.84,475.5,203.5,531.9,141.59790958908962,iron/operators/rope/test.py::test_rope
7e6b95b65dcb69d511057cd3d8b565db1e1227e6,2026-04-27 21:03:51,rows_32-cols_128-angle_rows_16-aie_columns_4-method_type_0,5/5,0.04883095,0.04254824,0.02990969,0.07176246,0.01872780280161557,,,,,,471.54,481.3,285.4,684.7,173.26636430652087,n/a
5503a9566e74d9b7c3221a857d903c0e3b1b7a98,2026-05-11 23:33:39,rows_32-cols_128-angle_rows_16-aie_columns_4-method_type_0,5/5,0.049580163999999996,0.04216135,0.03235336,0.09210787,0.02420219064249825,,,,,,471.2,485.8,222.3,633.0,153.71088120234037,iron/operators/rope/test.py::test_rope
4d4b803c99fe896d0f08aba5dcc86a8f319c18a5,2026-06-22 17:55:05,rows_32-cols_128-angle_rows_16-aie_columns_4-method_type_0,5/5,0.056957656,0.05307693,0.0445893,0.07881834,0.014371829101510707,,,,,,376.64,385.9,259.8,459.3,85.70675585973372,iron/operators/rope/test.py::test_rope
7e6b95b65dcb69d511057cd3d8b565db1e1227e6,2026-04-27 21:03:51,rows_32-cols_128-angle_rows_16-aie_columns_4-method_type_1,5/5,0.04288223,0.03992475,0.03568572,0.0558708,0.007858104797653184,,,,,,489.04,513.0,366.6,573.9,78.780156130843,n/a
5503a9566e74d9b7c3221a857d903c0e3b1b7a98,2026-05-11 23:33:39,rows_32-cols_128-angle_rows_16-aie_columns_4-method_type_1,5/5,0.037666204,0.03526098,0.01966002,0.05450621,0.01289679387521294,,,,,,610.36,580.8,375.7,1041.7,256.92789455409473,iron/operators/rope/test.py::test_rope
4d4b803c99fe896d0f08aba5dcc86a8f319c18a5,2026-06-22 17:55:05,rows_32-cols_128-angle_rows_16-aie_columns_4-method_type_1,5/5,0.06588403200000001,0.08047215,0.04020669,0.08432981,0.023044200814402744,,,,,,350.03999999999996,254.5,242.9,509.4,140.1265249694004,iron/operators/rope/test.py::test_rope
7e6b95b65dcb69d511057cd3d8b565db1e1227e6,2026-04-27 21:03:51,rows_32-cols_128-angle_rows_32-aie_columns_1-method_type_0,5/5,0.06322563,0.04674118,0.03840936,0.09608182,0.027948783806062118,,,,,,450.52,525.8,255.8,639.8,176.3677323095129,n/a
5503a9566e74d9b7c3221a857d903c0e3b1b7a98,2026-05-11 23:33:39,rows_32-cols_128-angle_rows_32-aie_columns_1-method_type_0,5/5,0.073682686,0.08144571,0.03794132,0.103079,0.029315903062948276,,,,,,389.94,301.7,238.4,647.7,180.98525630558973,iron/operators/rope/test.py::test_rope
4d4b803c99fe896d0f08aba5dcc86a8f319c18a5,2026-06-22 17:55:05,rows_32-cols_128-angle_rows_32-aie_columns_1-method_type_0,5/5,0.056952694,0.06153985,0.04099915,0.07705041,0.01569117756526673,,,,,,459.98,399.4,319.0,599.4,130.59510710589427,iron/operators/rope/test.py::test_rope
7e6b95b65dcb69d511057cd3d8b565db1e1227e6,2026-04-27 21:03:51,rows_32-cols_128-angle_rows_32-aie_columns_1-method_type_1,5/5,0.075185908,0.07012718,0.0356911,0.1116918,0.0302919381021035,,,,,,383.46,350.4,220.0,688.6,186.5853370444741,n/a
5503a9566e74d9b7c3221a857d903c0e3b1b7a98,2026-05-11 23:33:39,rows_32-cols_128-angle_rows_32-aie_columns_1-method_type_1,5/5,0.087277182,0.08607875,0.08010796,0.09895433,0.007136155855694993,,,,,,283.02,285.5,248.4,306.8,21.828582180251654,iron/operators/rope/test.py::test_rope
4d4b803c99fe896d0f08aba5dcc86a8f319c18a5,2026-06-22 17:55:05,rows_32-cols_128-angle_rows_32-aie_columns_1-method_type_1,5/5,0.063397134,0.05419985,0.04435044,0.08593668,0.017867848968626022,,,,,,412.42,453.4,286.0,554.1,111.35287153908516,iron/operators/rope/test.py::test_rope
7e6b95b65dcb69d511057cd3d8b565db1e1227e6,2026-04-27 21:03:51,rows_32-cols_128-angle_rows_32-aie_columns_2-method_type_0,5/5,0.059045547999999996,0.05322372,0.0434532,0.09114138,0.018646474734912225,,,,,,443.26,461.7,269.6,565.6,109.49010457571039,n/a
5503a9566e74d9b7c3221a857d903c0e3b1b7a98,2026-05-11 23:33:39,rows_32-cols_128-angle_rows_32-aie_columns_2-method_type_0,5/5,0.078735114,0.08549363,0.04797629,0.09527243,0.01852740686918383,,,,,,331.48,287.5,258.0,512.3,103.79627642646915,iron/operators/rope/test.py::test_rope
4d4b803c99fe896d0f08aba5dcc86a8f319c18a5,2026-06-22 17:55:05,rows_32-cols_128-angle_rows_32-aie_columns_2-method_type_0,5/5,0.059067388000000005,0.05659335,0.04205346,0.08572654,0.017948891641376356,,,,,,445.98,434.3,286.7,584.4,125.4989123458845,iron/operators/rope/test.py::test_rope
7e6b95b65dcb69d511057cd3d8b565db1e1227e6,2026-04-27 21:03:51,rows_32-cols_128-angle_rows_32-aie_columns_2-method_type_1,5/5,0.056514566,0.04888061,0.02838505,0.08646701,0.023228182357352675,,,,,,505.78,502.8,284.2,865.8,228.76892708582605,n/a
5503a9566e74d9b7c3221a857d903c0e3b1b7a98,2026-05-11 23:33:39,rows_32-cols_128-angle_rows_32-aie_columns_2-method_type_1,5/5,0.073911662,0.06012506,0.05688599,0.09948025,0.02136835844284418,,,,,,353.88,408.7,247.0,432.0,92.64889098095021,iron/operators/rope/test.py::test_rope
4d4b803c99fe896d0f08aba5dcc86a8f319c18a5,2026-06-22 17:55:05,rows_32-cols_128-angle_rows_32-aie_columns_2-method_type_1,5/5,0.06689124,0.06200502,0.04757158,0.1031093,0.022891333673557553,,,,,,398.9,396.4,238.3,516.6,118.09498295863376,iron/operators/rope/test.py::test_rope
7e6b95b65dcb69d511057cd3d8b565db1e1227e6,2026-04-27 21:03:51,rows_32-cols_128-angle_rows_32-aie_columns_4-method_type_0,5/5,0.05595009,0.05350705,0.04094028,0.07273265,0.012918143814896548,,,,,,458.52,459.3,337.9,600.3,105.65283716020123,n/a
5503a9566e74d9b7c3221a857d903c0e3b1b7a98,2026-05-11 23:33:39,rows_32-cols_128-angle_rows_32-aie_columns_4-method_type_0,5/5,0.066857198,0.05873426,0.05165695,0.09636513,0.019136365868097055,,,,,,389.46,418.4,255.0,475.8,96.73891667782931,iron/operators/rope/test.py::test_rope
4d4b803c99fe896d0f08aba5dcc86a8f319c18a5,2026-06-22 17:55:05,rows_32-cols_128-angle_rows_32-aie_columns_4-method_type_0,5/5,0.053641232,0.04851902,0.03335523,0.09036258,0.021541235947291185,,,,,,508.2,506.5,272.0,736.8,164.89995451788334,iron/operators/rope/test.py::test_rope
7e6b95b65dcb69d511057cd3d8b565db1e1227e6,2026-04-27 21:03:51,rows_32-cols_128-angle_rows_32-aie_columns_4-method_type_1,5/5,0.053130488,0.04689316,0.03823339,0.07334587,0.016494558373975034,,,,,,498.24,524.1,335.1,642.8,144.7860421449526,n/a
5503a9566e74d9b7c3221a857d903c0e3b1b7a98,2026-05-11 23:33:39,rows_32-cols_128-angle_rows_32-aie_columns_4-method_type_1,5/5,0.054246472000000004,0.05113257,0.04704603,0.07241483,0.01042895153388489,,,,,,464.32,480.6,339.4,522.4,73.67531472616864,iron/operators/rope/test.py::test_rope
4d4b803c99fe896d0f08aba5dcc86a8f319c18a5,2026-06-22 17:55:05,rows_32-cols_128-angle_rows_32-aie_columns_4-method_type_1,5/5,0.061894964000000004,0.0523436,0.04995477,0.1010414,0.021943211707861503,,,,,,426.32,469.5,243.2,492.0,103.40298351595084,iron/operators/rope/test.py::test_rope
7e6b95b65dcb69d511057cd3d8b565db1e1227e6,2026-04-27 21:03:51,rows_32-cols_128-angle_rows_8-aie_columns_1-method_type_0,5/5,0.061276468,0.06846013,0.03431955,0.07376341,0.015815553379127142,,,,,,325.36,269.2,249.9,537.1,120.0623921134341,n/a
5503a9566e74d9b7c3221a857d903c0e3b1b7a98,2026-05-11 23:33:39,rows_32-cols_128-angle_rows_8-aie_columns_1-method_type_0,5/5,0.0320114498,0.03315251,0.009609229,0.04372518,0.013584646953695934,,,,,,783.52,556.0,421.5,1918.2,638.1573371826105,iron/operators/rope/test.py::test_rope
4d4b803c99fe896d0f08aba5dcc86a8f319c18a5,2026-06-22 17:55:05,rows_32-cols_128-angle_rows_8-aie_columns_1-method_type_0,5/5,0.040761208,0.03994902,0.03486986,0.04836196,0.004913014635243823,,,,,,457.28000000000003,461.4,381.1,528.6,53.14223367529822,iron/operators/rope/test.py::test_rope
7e6b95b65dcb69d511057cd3d8b565db1e1227e6,2026-04-27 21:03:51,rows_32-cols_128-angle_rows_8-aie_columns_1-method_type_1,5/5,0.04442679,0.03502125,0.03261066,0.06521808,0.014681655812727663,,,,,,448.78000000000003,526.3,282.6,565.2,129.1256635994565,n/a
5503a9566e74d9b7c3221a857d903c0e3b1b7a98,2026-05-11 23:33:39,rows_32-cols_128-angle_rows_8-aie_columns_1-method_type_1,5/5,0.052097602,0.05051441,0.0331329,0.07782633,0.018430842076122566,,,,,,390.96,364.9,236.8,556.3,134.81510672027818,iron/operators/rope/test.py::test_rope
4d4b803c99fe896d0f08aba5dcc86a8f319c18a5,2026-06-22 17:55:05,rows_32-cols_128-angle_rows_8-aie_columns_1-method_type_1,5/5,0.055420438,0.06025991,0.0361108,0.07382249,0.016511345397842967,,,,,,360.08,305.9,249.7,510.4,116.44035812380517,iron/operators/rope/test.py::test_rope
7e6b95b65dcb69d511057cd3d8b565db1e1227e6,2026-04-27 21:03:51,rows_32-cols_128-angle_rows_8-aie_columns_2-method_type_0,5/5,0.051178351999999996,0.05240204,0.03564825,0.07034229,0.01481690944217012,,,,,,386.02,351.7,262.0,517.1,113.30775348580521,n/a
5503a9566e74d9b7c3221a857d903c0e3b1b7a98,2026-05-11 23:33:39,rows_32-cols_128-angle_rows_8-aie_columns_2-method_type_0,5/5,0.072070196,0.06543131,0.04415443,0.1185856,0.02998598207147183,,,,,,289.78,281.7,155.4,417.4,106.55178083917696,iron/operators/rope/test.py::test_rope
4d4b803c99fe896d0f08aba5dcc86a8f319c18a5,2026-06-22 17:55:05,rows_32-cols_128-angle_rows_8-aie_columns_2-method_type_0,5/5,0.053133678000000004,0.04347713,0.03210926,0.07864823,0.02284592673550736,,,,,,400.86,423.9,234.4,574.0,159.13113460288028,iron/operators/rope/test.py::test_rope
7e6b95b65dcb69d511057cd3d8b565db1e1227e6,2026-04-27 21:03:51,rows_32-cols_128-angle_rows_8-aie_columns_2-method_type_1,5/5,0.05408069,0.06059331,0.03791001,0.06703325,0.014412201492575657,,,,,,363.36,304.2,275.0,486.2,105.90773342867838,n/a
5503a9566e74d9b7c3221a857d903c0e3b1b7a98,2026-05-11 23:33:39,rows_32-cols_128-angle_rows_8-aie_columns_2-method_type_1,5/5,0.047480218,0.04154495,0.01658107,0.07481339,0.024313845406028843,,,,,,518.36,443.7,246.4,1111.6,351.84818174889006,iron/operators/rope/test.py::test_rope
4d4b803c99fe896d0f08aba5dcc86a8f319c18a5,2026-06-22 17:55:05,rows_32-cols_128-angle_rows_8-aie_columns_2-method_type_1,5/5,0.043967426000000004,0.03739144,0.02926997,0.06114325,0.01436325009451308,,,,,,455.64,492.9,301.5,629.7,141.15572251949266,iron/operators/rope/test.py::test_rope
7e6b95b65dcb69d511057cd3d8b565db1e1227e6,2026-04-27 21:03:51,rows_32-cols_128-angle_rows_8-aie_columns_4-method_type_0,5/5,0.0276223478,0.03521361,0.009057236,0.04476014,0.016981577042824533,,,,,,1066.48,523.4,411.8,2035.1,822.1555673958549,n/a
5503a9566e74d9b7c3221a857d903c0e3b1b7a98,2026-05-11 23:33:39,rows_32-cols_128-angle_rows_8-aie_columns_4-method_type_0,5/5,0.058790466000000006,0.0693874,0.03283185,0.08012415,0.020422664850489762,,,,,,352.8,265.6,230.0,561.4,143.7144216841163,iron/operators/rope/test.py::test_rope
4d4b803c99fe896d0f08aba5dcc86a8f319c18a5,2026-06-22 17:55:05,rows_32-cols_128-angle_rows_8-aie_columns_4-method_type_0,5/5,0.059990446,0.06562046,0.0323629,0.08215661,0.020526415699977433,,,,,,345.28,280.9,224.4,569.5,142.81700528998638,iron/operators/rope/test.py::test_rope
7e6b95b65dcb69d511057cd3d8b565db1e1227e6,2026-04-27 21:03:51,rows_32-cols_128-angle_rows_8-aie_columns_4-method_type_1,5/5,0.045532934,0.03734818,0.03387588,0.07295612,0.016629712636930322,,,,,,441.1,493.5,252.6,544.1,126.66418199317438,n/a
5503a9566e74d9b7c3221a857d903c0e3b1b7a98,2026-05-11 23:33:39,rows_32-cols_128-angle_rows_8-aie_columns_4-method_type_1,5/5,0.049649814,0.05026329,0.0255522,0.07043395,0.01901857599079463,,,,,,427.53999999999996,366.7,261.7,721.3,190.6718332633323,iron/operators/rope/test.py::test_rope
4d4b803c99fe896d0f08aba5dcc86a8f319c18a5,2026-06-22 17:55:05,rows_32-cols_128-angle_rows_8-aie_columns_4-method_type_1,5/5,0.045852148,0.04308606,0.02898405,0.07550416,0.01874902511601523,,,,,,452.64,427.8,244.1,635.9,161.3759368679234,iron/operators/rope/test.py::test_rope
7e6b95b65dcb69d511057cd3d8b565db1e1227e6,2026-04-27 21:03:51,rows_32-cols_512-angle_rows_32-aie_columns_1-method_type_0,5/5,0.28199412,0.3010437,0.194065,0.3681908,0.07851032169292774,,,,,,373.08,326.5,267.0,506.6,110.73512089666946,n/a
5503a9566e74d9b7c3221a857d903c0e3b1b7a98,2026-05-11 23:33:39,rows_32-cols_512-angle_rows_32-aie_columns_1-method_type_0,5/5,0.28267342,0.2704352,0.1511946,0.4181156,0.11183138517085442,,,,,,399.82,363.5,235.1,650.2,170.78444601309573,iron/operators/rope/test.py::test_rope
4d4b803c99fe896d0f08aba5dcc86a8f319c18a5,2026-06-22 17:55:05,rows_32-cols_512-angle_rows_32-aie_columns_1-method_type_0,5/5,0.307135684,0.3549252,0.09377012,0.3939409,0.12263743154969563,,,,,,429.28000000000003,277.0,249.5,1048.4,346.83850276461527,iron/operators/rope/test.py::test_rope
7e6b95b65dcb69d511057cd3d8b565db1e1227e6,2026-04-27 21:03:51,rows_32-cols_512-angle_rows_32-aie_columns_2-method_type_0,5/5,0.24701644,0.2309335,0.1753318,0.3290268,0.07231523138456379,,,,,,426.28,425.7,298.8,560.7,121.98168715016202,n/a
5503a9566e74d9b7c3221a857d903c0e3b1b7a98,2026-05-11 23:33:39,rows_32-cols_512-angle_rows_32-aie_columns_2-method_type_0,5/5,0.31750182,0.3701637,0.1643509,0.4382077,0.11601426084422552,,,,,,354.84000000000003,265.6,224.3,598.1,158.46156631814543,iron/operators/rope/test.py::test_rope
4d4b803c99fe896d0f08aba5dcc86a8f319c18a5,2026-06-22 17:55:05,rows_32-cols_512-angle_rows_32-aie_columns_2-method_type_0,5/5,0.3478573,0.3890531,0.2487871,0.4382467,0.08894086146558283,,,,,,299.5,252.7,224.3,395.1,82.9163735338202,iron/operators/rope/test.py::test_rope
7e6b95b65dcb69d511057cd3d8b565db1e1227e6,2026-04-27 21:03:51,rows_32-cols_512-angle_rows_32-aie_columns_4-method_type_0,5/5,0.26464996,0.2000146,0.166315,0.3956246,0.11116111214470643,,,,,,424.3,491.5,248.5,591.1,158.48905324974342,n/a
5503a9566e74d9b7c3221a857d903c0e3b1b7a98,2026-05-11 23:33:39,rows_32-cols_512-angle_rows_32-aie_columns_4-method_type_0,5/5,0.25795577999999997,0.2160357,0.1827684,0.4227093,0.10092712282972799,,,,,,421.16,455.0,232.6,537.9,131.27156203839428,iron/operators/rope/test.py::test_rope
4d4b803c99fe896d0f08aba5dcc86a8f319c18a5,2026-06-22 17:55:05,rows_32-cols_512-angle_rows_32-aie_columns_4-method_type_0,5/5,0.23891098,0.2300515,0.1497341,0.3021002,0.06336857082132276,,,,,,439.36,427.3,325.4,656.5,134.65089305310977,iron/operators/rope/test.py::test_rope
7e6b95b65dcb69d511057cd3d8b565db1e1227e6,2026-04-27 21:03:51,rows_32-cols_512-angle_rows_8-aie_columns_1-method_type_0,5/5,0.16058758,0.1460108,0.12488,0.217797,0.03559718171431553,,,,,,475.54,504.9,338.5,590.4,94.11563632043296,n/a
5503a9566e74d9b7c3221a857d903c0e3b1b7a98,2026-05-11 23:33:39,rows_32-cols_512-angle_rows_8-aie_columns_1-method_type_0,5/5,0.19023036,0.1879872,0.1548046,0.2427971,0.03608940261036472,,,,,,398.44,392.2,303.7,476.3,72.02786266438844,iron/operators/rope/test.py::test_rope
4d4b803c99fe896d0f08aba5dcc86a8f319c18a5,2026-06-22 17:55:05,rows_32-cols_512-angle_rows_8-aie_columns_1-method_type_0,5/5,0.2605209,0.2746382,0.1327992,0.3348016,0.07814336782689878,,,,,,315.14,268.5,220.2,555.2,137.04456574414036,iron/operators/rope/test.py::test_rope
7e6b95b65dcb69d511057cd3d8b565db1e1227e6,2026-04-27 21:03:51,rows_32-cols_512-angle_rows_8-aie_columns_2-method_type_0,5/5,0.17370202,0.1748004,0.1325099,0.2398142,0.04249432353846805,,,,,,443.59999999999997,421.8,307.4,556.4,99.54767701960704,n/a
5503a9566e74d9b7c3221a857d903c0e3b1b7a98,2026-05-11 23:33:39,rows_32-cols_512-angle_rows_8-aie_columns_2-method_type_0,5/5,0.23471456,0.2733633,0.1227572,0.3341476,0.09069492187643693,,,,,,364.06,269.7,220.6,600.6,164.96291401402922,iron/operators/rope/test.py::test_rope
4d4b803c99fe896d0f08aba5dcc86a8f319c18a5,2026-06-22 17:55:05,rows_32-cols_512-angle_rows_8-aie_columns_2-method_type_0,5/5,0.16618162,0.1648323,0.1148918,0.2090305,0.039256518027672806,,,,,,465.72,447.3,352.7,641.7,118.48975483137774,iron/operators/rope/test.py::test_rope
7e6b95b65dcb69d511057cd3d8b565db1e1227e6,2026-04-27 21:03:51,rows_32-cols_512-angle_rows_8-aie_columns_4-method_type_0,5/5,0.17790734,0.1649876,0.1530783,0.2424848,0.03724324568291545,,,,,,426.58,446.9,304.1,481.6,72.99107479685443,n/a
5503a9566e74d9b7c3221a857d903c0e3b1b7a98,2026-05-11 23:33:39,rows_32-cols_512-angle_rows_8-aie_columns_4-method_type_0,5/5,0.21962872,0.2515971,0.156317,0.2757403,0.05803576898264552,,,,,,357.5,293.0,267.4,471.7,103.31744770366717,iron/operators/rope/test.py::test_rope
4d4b803c99fe896d0f08aba5dcc86a8f319c18a5,2026-06-22 17:55:05,rows_32-cols_512-angle_rows_8-aie_columns_4-method_type_0,5/5,0.21796056,0.2290863,0.1067595,0.3437459,0.0965919695906342,,,,,,405.7,321.8,214.5,690.6,198.70836670860137,iron/operators/rope/test.py::test_rope
7e6b95b65dcb69d511057cd3d8b565db1e1227e6,2026-04-27 21:03:51,rows_64-cols_128-angle_rows_16-aie_columns_1-method_type_0,5/5,0.100454216,0.08953332,0.06592605,0.1416871,0.03439029456079768,,,,,,402.72,411.7,260.2,559.2,132.31450033915408,n/a
5503a9566e74d9b7c3221a857d903c0e3b1b7a98,2026-05-11 23:33:39,rows_64-cols_128-angle_rows_16-aie_columns_1-method_type_0,5/5,0.119773108,0.1277016,0.07755895,0.1590364,0.036499266126904115,,,,,,334.38,288.7,231.8,475.3,110.15115523679269,iron/operators/rope/test.py::test_rope
4d4b803c99fe896d0f08aba5dcc86a8f319c18a5,2026-06-22 17:55:05,rows_64-cols_128-angle_rows_16-aie_columns_1-method_type_0,5/5,0.109656254,0.1185094,0.06843484,0.1504094,0.031952316779475944,,,,,,362.74,311.1,245.1,538.7,116.80174656228392,iron/operators/rope/test.py::test_rope
7e6b95b65dcb69d511057cd3d8b565db1e1227e6,2026-04-27 21:03:51,rows_64-cols_128-angle_rows_16-aie_columns_1-method_type_1,5/5,0.10766844,0.1042903,0.06615972,0.1691475,0.04132724261557018,,,,,,383.54,353.5,217.9,557.2,139.05435268268306,n/a
5503a9566e74d9b7c3221a857d903c0e3b1b7a98,2026-05-11 23:33:39,rows_64-cols_128-angle_rows_16-aie_columns_1-method_type_1,5/5,0.09695256000000001,0.07639938,0.06706899,0.1381233,0.03295770523587542,,,,,,414.64,482.5,266.9,549.6,127.38099544280537,iron/operators/rope/test.py::test_rope
4d4b803c99fe896d0f08aba5dcc86a8f319c18a5,2026-06-22 17:55:05,rows_64-cols_128-angle_rows_16-aie_columns_1-method_type_1,5/5,0.099086568,0.08423708,0.05590367,0.143712,0.04010068985000844,,,,,,425.8,437.6,256.5,659.4,170.80452277384225,iron/operators/rope/test.py::test_rope
7e6b95b65dcb69d511057cd3d8b565db1e1227e6,2026-04-27 21:03:51,rows_64-cols_128-angle_rows_16-aie_columns_2-method_type_0,5/5,0.07899502,0.06301097,0.05567268,0.1370327,0.03371544404678292,,,,,,519.5600000000001,585.0,269.0,662.2,158.5908824617607,n/a
5503a9566e74d9b7c3221a857d903c0e3b1b7a98,2026-05-11 23:33:39,rows_64-cols_128-angle_rows_16-aie_columns_2-method_type_0,5/5,0.086220596,0.1053865,0.01923393,0.1473853,0.05659920384000847,,,,,,778.42,349.8,250.1,1916.6,721.7090182338031,iron/operators/rope/test.py::test_rope
4d4b803c99fe896d0f08aba5dcc86a8f319c18a5,2026-06-22 17:55:05,rows_64-cols_128-angle_rows_16-aie_columns_2-method_type_0,5/5,0.108263314,0.1335851,0.01881234,0.1457738,0.05348140352184935,,,,,,623.4,276.0,252.9,1959.6,748.5755706673842,iron/operators/rope/test.py::test_rope
7e6b95b65dcb69d511057cd3d8b565db1e1227e6,2026-04-27 21:03:51,rows_64-cols_128-angle_rows_16-aie_columns_2-method_type_1,5/5,0.0814699,0.0691343,0.01945582,0.127826,0.04553293180956175,,,,,,714.18,533.2,288.4,1894.8,672.2541572946946,n/a
5503a9566e74d9b7c3221a857d903c0e3b1b7a98,2026-05-11 23:33:39,rows_64-cols_128-angle_rows_16-aie_columns_2-method_type_1,5/5,0.113339206,0.131829,0.07189132,0.1452499,0.03489362808642976,,,,,,355.5,279.6,253.8,512.8,123.32238239670849,iron/operators/rope/test.py::test_rope
4d4b803c99fe896d0f08aba5dcc86a8f319c18a5,2026-06-22 17:55:05,rows_64-cols_128-angle_rows_16-aie_columns_2-method_type_1,5/5,0.081627894,0.06780434,0.04495933,0.1225838,0.031971238034240713,,,,,,513.6,543.7,300.7,819.9,206.38800837257963,iron/operators/rope/test.py::test_rope
7e6b95b65dcb69d511057cd3d8b565db1e1227e6,2026-04-27 21:03:51,rows_64-cols_128-angle_rows_16-aie_columns_4-method_type_0,5/5,0.098576294,0.08450956,0.06477255,0.1515434,0.034680372570048607,,,,,,408.90000000000003,436.2,243.3,569.1,127.7473483090745,n/a
5503a9566e74d9b7c3221a857d903c0e3b1b7a98,2026-05-11 23:33:39,rows_64-cols_128-angle_rows_16-aie_columns_4-method_type_0,5/5,0.114489646,0.1249098,0.06847183,0.1572019,0.04268206321261404,,,,,,366.46000000000004,295.1,234.5,538.4,150.56311965418357,iron/operators/rope/test.py::test_rope
4d4b803c99fe896d0f08aba5dcc86a8f319c18a5,2026-06-22 17:55:05,rows_64-cols_128-angle_rows_16-aie_columns_4-method_type_0,5/5,0.111797834,0.1121141,0.08011022,0.1554551,0.03175511500283506,,,,,,351.65999999999997,328.8,237.1,460.2,98.00703036007161,iron/operators/rope/test.py::test_rope
7e6b95b65dcb69d511057cd3d8b565db1e1227e6,2026-04-27 21:03:51,rows_64-cols_128-angle_rows_16-aie_columns_4-method_type_1,5/5,0.108813546,0.1017101,0.07760466,0.1520065,0.02772021294057785,,,,,,355.66,362.4,242.5,475.0,85.18279168940168,n/a
5503a9566e74d9b7c3221a857d903c0e3b1b7a98,2026-05-11 23:33:39,rows_64-cols_128-angle_rows_16-aie_columns_4-method_type_1,5/5,0.123008696,0.1476929,0.06156364,0.1660114,0.0442217717628351,,,,,,344.2,249.6,222.1,598.8,158.85035410725402,iron/operators/rope/test.py::test_rope
4d4b803c99fe896d0f08aba5dcc86a8f319c18a5,2026-06-22 17:55:05,rows_64-cols_128-angle_rows_16-aie_columns_4-method_type_1,5/5,0.087510552,0.06779549,0.05901498,0.1434771,0.03631992095791606,,,,,,473.72,543.8,256.9,624.7,161.06409283263605,iron/operators/rope/test.py::test_rope
7e6b95b65dcb69d511057cd3d8b565db1e1227e6,2026-04-27 21:03:51,rows_64-cols_128-angle_rows_32-aie_columns_1-method_type_0,5/5,0.10549335,0.0936265,0.0779288,0.1633421,0.03388963939292508,,,,,,414.58,437.5,250.8,525.6,104.46036090307175,n/a
5503a9566e74d9b7c3221a857d903c0e3b1b7a98,2026-05-11 23:33:39,rows_64-cols_128-angle_rows_32-aie_columns_1-method_type_0,5/5,0.13663911,0.1580875,0.06666178,0.1947647,0.06446607395342685,,,,,,377.22,259.1,210.3,614.4,207.2636412880947,iron/operators/rope/test.py::test_rope
4d4b803c99fe896d0f08aba5dcc86a8f319c18a5,2026-06-22 17:55:05,rows_64-cols_128-angle_rows_32-aie_columns_1-method_type_0,5/5,0.10135809800000001,0.08418716,0.06997642,0.1509378,0.03378637789648397,,,,,,438.0,486.5,271.4,585.3,129.24563822427433,iron/operators/rope/test.py::test_rope
7e6b95b65dcb69d511057cd3d8b565db1e1227e6,2026-04-27 21:03:51,rows_64-cols_128-angle_rows_32-aie_columns_1-method_type_1,5/5,0.101251774,0.08056395,0.0730797,0.1891332,0.049560833235160404,,,,,,459.34,508.4,216.6,560.5,141.76873068487282,n/a
5503a9566e74d9b7c3221a857d903c0e3b1b7a98,2026-05-11 23:33:39,rows_64-cols_128-angle_rows_32-aie_columns_1-method_type_1,5/5,0.124384222,0.141591,0.06194207,0.1893439,0.053497873059206946,,,,,,393.8,289.3,216.3,661.3,192.94395559332764,iron/operators/rope/test.py::test_rope
4d4b803c99fe896d0f08aba5dcc86a8f319c18a5,2026-06-22 17:55:05,rows_64-cols_128-angle_rows_32-aie_columns_1-method_type_1,5/5,0.121079876,0.1250588,0.08186417,0.1600113,0.0322230136109587,,,,,,359.6,327.5,256.0,500.3,101.52937998431784,iron/operators/rope/test.py::test_rope
7e6b95b65dcb69d511057cd3d8b565db1e1227e6,2026-04-27 21:03:51,rows_64-cols_128-angle_rows_32-aie_columns_2-method_type_0,5/5,0.097682694,0.09123632,0.06782861,0.1445496,0.02825035765793913,,,,,,444.64,448.9,283.4,603.9,113.52142088610414,n/a
5503a9566e74d9b7c3221a857d903c0e3b1b7a98,2026-05-11 23:33:39,rows_64-cols_128-angle_rows_32-aie_columns_2-method_type_0,5/5,0.11554278,0.110791,0.06899735,0.1622917,0.04043729474690722,,,,,,393.92,369.7,252.4,593.6,144.1644789814745,iron/operators/rope/test.py::test_rope
4d4b803c99fe896d0f08aba5dcc86a8f319c18a5,2026-06-22 17:55:05,rows_64-cols_128-angle_rows_32-aie_columns_2-method_type_0,5/5,0.109666214,0.08889352,0.08365142,0.1639784,0.035216083918064765,,,,,,401.04,460.8,249.8,489.7,108.32124906960775,iron/operators/rope/test.py::test_rope
7e6b95b65dcb69d511057cd3d8b565db1e1227e6,2026-04-27 21:03:51,rows_64-cols_128-angle_rows_32-aie_columns_2-method_type_1,5/5,0.077666742,0.06697297,0.03174414,0.1262833,0.03557368666550699,,,,,,652.76,611.6,324.4,1290.3,377.41504077076735,n/a
5503a9566e74d9b7c3221a857d903c0e3b1b7a98,2026-05-11 23:33:39,rows_64-cols_128-angle_rows_32-aie_columns_2-method_type_1,5/5,0.134579672,0.1583938,0.06759756,0.1766233,0.04736619616560866,,,,,,348.1,258.6,231.9,605.9,159.33108610688623,iron/operators/rope/test.py::test_rope
4d4b803c99fe896d0f08aba5dcc86a8f319c18a5,2026-06-22 17:55:05,rows_64-cols_128-angle_rows_32-aie_columns_2-method_type_1,5/5,0.070415638,0.08125581,0.01680767,0.09137289,0.030604469203842924,,,,,,880.54,504.1,448.3,2437.0,870.8799991962153,iron/operators/rope/test.py::test_rope
7e6b95b65dcb69d511057cd3d8b565db1e1227e6,2026-04-27 21:03:51,rows_64-cols_128-angle_rows_32-aie_columns_4-method_type_0,5/5,0.128041684,0.1405638,0.07336952,0.1687562,0.0370806602420356,,,,,,348.46,291.4,242.7,558.3,126.49771934703011,n/a
5503a9566e74d9b7c3221a857d903c0e3b1b7a98,2026-05-11 23:33:39,rows_64-cols_128-angle_rows_32-aie_columns_4-method_type_0,5/5,0.11380876,0.08504542,0.08374737,0.1679046,0.04095287658114324,,,,,,395.5,481.6,243.9,489.1,124.03485397258305,iron/operators/rope/test.py::test_rope
4d4b803c99fe896d0f08aba5dcc86a8f319c18a5,2026-06-22 17:55:05,rows_64-cols_128-angle_rows_32-aie_columns_4-method_type_0,5/5,0.126867598,0.1008559,0.06764345,0.2308074,0.06564740211498488,,,,,,388.58,406.1,177.5,605.5,168.47153171975376,iron/operators/rope/test.py::test_rope
7e6b95b65dcb69d511057cd3d8b565db1e1227e6,2026-04-27 21:03:51,rows_64-cols_128-angle_rows_32-aie_columns_4-method_type_1,5/5,0.121085842,0.1120019,0.06967705,0.178778,0.04637136046065308,,,,,,382.7,365.7,229.1,587.9,149.35653651581507,n/a
5503a9566e74d9b7c3221a857d903c0e3b1b7a98,2026-05-11 23:33:39,rows_64-cols_128-angle_rows_32-aie_columns_4-method_type_1,5/5,0.108277414,0.09179143,0.07274691,0.1514692,0.035461692784725184,,,,,,411.02,446.2,270.4,563.0,126.52067815183415,iron/operators/rope/test.py::test_rope
4d4b803c99fe896d0f08aba5dcc86a8f319c18a5,2026-06-22 17:55:05,rows_64-cols_128-angle_rows_32-aie_columns_4-method_type_1,5/5,0.089261904,0.08566905,0.06437863,0.1278514,0.025062888602106103,,,,,,486.3,478.1,320.4,636.2,124.7723527068397,iron/operators/rope/test.py::test_rope
7e6b95b65dcb69d511057cd3d8b565db1e1227e6,2026-04-27 21:03:51,rows_64-cols_128-angle_rows_8-aie_columns_1-method_type_0,5/5,0.122563434,0.1347911,0.05182387,0.1702452,0.04502636202394415,,,,,,337.86,258.3,204.5,671.8,190.97097423430606,n/a
5503a9566e74d9b7c3221a857d903c0e3b1b7a98,2026-05-11 23:33:39,rows_64-cols_128-angle_rows_8-aie_columns_1-method_type_0,5/5,0.09054208999999999,0.07712927,0.05676247,0.1706056,0.04569468967544423,,,,,,443.08,451.4,204.1,613.4,151.07831412879878,iron/operators/rope/test.py::test_rope
4d4b803c99fe896d0f08aba5dcc86a8f319c18a5,2026-06-22 17:55:05,rows_64-cols_128-angle_rows_8-aie_columns_1-method_type_0,5/5,0.114151922,0.1091103,0.08349281,0.1451992,0.02275740917660488,,,,,,315.34000000000003,319.1,239.8,417.0,65.90753371201201,iron/operators/rope/test.py::test_rope
7e6b95b65dcb69d511057cd3d8b565db1e1227e6,2026-04-27 21:03:51,rows_64-cols_128-angle_rows_8-aie_columns_1-method_type_1,5/5,0.10610821200000001,0.1082978,0.06403967,0.1386804,0.03059922017046464,,,,,,354.96000000000004,321.5,251.1,543.7,119.1657165463289,n/a
5503a9566e74d9b7c3221a857d903c0e3b1b7a98,2026-05-11 23:33:39,rows_64-cols_128-angle_rows_8-aie_columns_1-method_type_1,5/5,0.11299453999999999,0.121289,0.0676659,0.1364263,0.02777476207446249,,,,,,328.92,287.1,255.2,514.5,107.25053379820541,iron/operators/rope/test.py::test_rope
4d4b803c99fe896d0f08aba5dcc86a8f319c18a5,2026-06-22 17:55:05,rows_64-cols_128-angle_rows_8-aie_columns_1-method_type_1,5/5,0.093523042,0.0940706,0.0638198,0.136191,0.029824534987989672,,,,,,403.32,370.1,255.6,545.5,124.51623187359951,iron/operators/rope/test.py::test_rope
7e6b95b65dcb69d511057cd3d8b565db1e1227e6,2026-04-27 21:03:51,rows_64-cols_128-angle_rows_8-aie_columns_2-method_type_0,5/5,0.09701985,0.09561027,0.06071439,0.1317356,0.028756753936060832,,,,,,387.62,364.1,264.3,573.4,124.41011614816537,n/a
5503a9566e74d9b7c3221a857d903c0e3b1b7a98,2026-05-11 23:33:39,rows_64-cols_128-angle_rows_8-aie_columns_2-method_type_0,5/5,0.10330030400000001,0.08731526,0.08059222,0.1397402,0.028402177822446646,,,,,,356.58,398.7,249.1,432.0,89.18641712727336,iron/operators/rope/test.py::test_rope
4d4b803c99fe896d0f08aba5dcc86a8f319c18a5,2026-06-22 17:55:05,rows_64-cols_128-angle_rows_8-aie_columns_2-method_type_0,5/5,0.08154326,0.07872453,0.04346317,0.1380306,0.035290462314285426,,,,,,491.66,442.3,252.2,801.0,202.90643903040632,iron/operators/rope/test.py::test_rope
7e6b95b65dcb69d511057cd3d8b565db1e1227e6,2026-04-27 21:03:51,rows_64-cols_128-angle_rows_8-aie_columns_2-method_type_1,5/5,0.090722828,0.07566475,0.05590229,0.1645306,0.042629431260202966,,,,,,437.1,460.1,211.6,622.8,149.22980600402855,n/a
5503a9566e74d9b7c3221a857d903c0e3b1b7a98,2026-05-11 23:33:39,rows_64-cols_128-angle_rows_8-aie_columns_2-method_type_1,5/5,0.081060226,0.07369277,0.05406547,0.1272631,0.027404748401503885,,,,,,463.6,472.4,273.6,644.0,131.6638143150957,iron/operators/rope/test.py::test_rope
4d4b803c99fe896d0f08aba5dcc86a8f319c18a5,2026-06-22 17:55:05,rows_64-cols_128-angle_rows_8-aie_columns_2-method_type_1,5/5,0.087209894,0.07056229,0.05238254,0.1266603,0.033938073747301574,,,,,,449.96,493.4,274.9,664.6,166.30839726243534,iron/operators/rope/test.py::test_rope
7e6b95b65dcb69d511057cd3d8b565db1e1227e6,2026-04-27 21:03:51,rows_64-cols_128-angle_rows_8-aie_columns_4-method_type_0,5/5,0.087830014,0.07359121,0.06484284,0.1272584,0.02765570580994598,,,,,,425.96,473.1,273.6,536.9,118.4431002633754,n/a
5503a9566e74d9b7c3221a857d903c0e3b1b7a98,2026-05-11 23:33:39,rows_64-cols_128-angle_rows_8-aie_columns_4-method_type_0,5/5,0.105581136,0.09769896,0.07554146,0.164811,0.03607916113535735,,,,,,356.65999999999997,356.4,211.2,460.9,101.11717460451513,iron/operators/rope/test.py::test_rope
4d4b803c99fe896d0f08aba5dcc86a8f319c18a5,2026-06-22 17:55:05,rows_64-cols_128-angle_rows_8-aie_columns_4-method_type_0,5/5,0.10442012,0.1236188,0.04632849,0.1647728,0.050921825309704384,,,,,,425.22,281.6,211.3,751.5,242.04387412202772,iron/operators/rope/test.py::test_rope
7e6b95b65dcb69d511057cd3d8b565db1e1227e6,2026-04-27 21:03:51,rows_64-cols_128-angle_rows_8-aie_columns_4-method_type_1,5/5,0.083742716,0.07696525,0.0676567,0.124016,0.02289756078343346,,,,,,435.46,452.4,280.7,514.6,90.76350037322273,n/a
5503a9566e74d9b7c3221a857d903c0e3b1b7a98,2026-05-11 23:33:39,rows_64-cols_128-angle_rows_8-aie_columns_4-method_type_1,5/5,0.05974582,0.05978587,0.01773621,0.1130393,0.036452445285169825,,,,,,860.12,582.3,308.0,1963.0,661.6731194479643,iron/operators/rope/test.py::test_rope
4d4b803c99fe896d0f08aba5dcc86a8f319c18a5,2026-06-22 17:55:05,rows_64-cols_128-angle_rows_8-aie_columns_4-method_type_1,5/5,0.072912284,0.07901808,0.01444526,0.1357656,0.04406804805421417,,,,,,834.38,440.6,256.4,2410.2,890.753822332523,iron/operators/rope/test.py::test_rope
7e6b95b65dcb69d511057cd3d8b565db1e1227e6,2026-04-27 21:03:51,seq_len_256-embedding_dim_2048-hidden_dim_2048-prio_accuracy_False,5/5,0.09604,0.0888,0.0792,0.127,0.019260140186405702,,,,,,22475.402000000002,23628.77,16515.09,26495.28,3982.2629820329544,n/a
5503a9566e74d9b7c3221a857d903c0e3b1b7a98,2026-05-11 23:33:39,seq_len_256-embedding_dim_2048-hidden_dim_2048-prio_accuracy_False,5/5,0.09706,0.086,0.0762,0.1258,0.02238588841212249,,,,,,22495.496,24385.48,16667.23,27511.02,4844.348603252041,iron/operators/swiglu_prefill/test.py::test_swiglu_prefill
4d4b803c99fe896d0f08aba5dcc86a8f319c18a5,2026-06-22 17:55:05,seq_len_256-embedding_dim_2048-hidden_dim_2048-prio_accuracy_False,5/5,0.10438,0.102,0.0705,0.137,0.029176994361996927,,,,,,21463.81,20563.97,15306.58,29758.52,6203.058461992761,iron/operators/swiglu_prefill/test.py::test_swiglu_prefill
