Commit,Date,Test Path,Test,Checks,Latency (mean),Latency (median),Latency (min),Latency (max),Latency (stddev),Bandwidth (mean),Bandwidth (median),Bandwidth (min),Bandwidth (max),Bandwidth (stddev),Throughput (mean),Throughput (median),Throughput (min),Throughput (max),Throughput (stddev)
4d4b803c99fe896d0f08aba5dcc86a8f319c18a5,2026-06-22 17:55:05,iron/operators/axpy/test.py::test_axpy,input_length_1024-num_aie_columns_1-tile_size_1024-scalar_factor_10.0,5/5,351.1,328.1,200.2,498.0,134.56879281616523,0.019857246,0.01872674,0.01233668,0.03068379,0.007897270409893535,,,,,
4d4b803c99fe896d0f08aba5dcc86a8f319c18a5,2026-06-22 17:55:05,iron/operators/axpy/test.py::test_axpy,input_length_1024-num_aie_columns_1-tile_size_1024-scalar_factor_3.0,5/5,313.38,248.6,235.0,569.7,144.23816069265445,0.021955184,0.02471062,0.01078536,0.02614457,0.00643539128296252,,,,,
4d4b803c99fe896d0f08aba5dcc86a8f319c18a5,2026-06-22 17:55:05,iron/operators/axpy/test.py::test_axpy,input_length_1024-num_aie_columns_2-tile_size_512-scalar_factor_10.0,5/5,315.44,295.4,186.1,493.4,118.34066503108725,0.021733702,0.02079645,0.01245245,0.03301983,0.007885239073076351,,,,,
4d4b803c99fe896d0f08aba5dcc86a8f319c18a5,2026-06-22 17:55:05,iron/operators/axpy/test.py::test_axpy,input_length_1024-num_aie_columns_2-tile_size_512-scalar_factor_3.0,5/5,687.5,249.9,208.7,2122.3,818.2280855604995,0.018341738,0.02458879,0.00289496,0.02944461,0.011276270884972123,,,,,
4d4b803c99fe896d0f08aba5dcc86a8f319c18a5,2026-06-22 17:55:05,iron/operators/axpy/test.py::test_axpy,input_length_1024-num_aie_columns_4-tile_size_256-scalar_factor_10.0,5/5,539.72,593.7,321.3,658.0,135.06756457417896,0.0121791858,0.01034871,0.009337287,0.01912148,0.00403142023637467,,,,,
4d4b803c99fe896d0f08aba5dcc86a8f319c18a5,2026-06-22 17:55:05,iron/operators/axpy/test.py::test_axpy,input_length_1024-num_aie_columns_4-tile_size_256-scalar_factor_3.0,5/5,413.86,505.4,258.6,518.7,134.63048688911437,0.01642622,0.01215647,0.01184557,0.02375907,0.0060810121295965195,,,,,
4d4b803c99fe896d0f08aba5dcc86a8f319c18a5,2026-06-22 17:55:05,iron/operators/axpy/test.py::test_axpy,input_length_2048-num_aie_columns_1-tile_size_2048-scalar_factor_10.0,5/5,477.47999999999996,531.4,350.0,600.4,117.77738322785065,0.027150386000000002,0.02312256,0.02046601,0.03510777,0.007199751712519676,,,,,
4d4b803c99fe896d0f08aba5dcc86a8f319c18a5,2026-06-22 17:55:05,iron/operators/axpy/test.py::test_axpy,input_length_2048-num_aie_columns_1-tile_size_2048-scalar_factor_3.0,5/5,371.28,385.3,232.1,551.1,120.31181155647188,0.035993544,0.03189245,0.02229532,0.05295023,0.01164919771720482,,,,,
4d4b803c99fe896d0f08aba5dcc86a8f319c18a5,2026-06-22 17:55:05,iron/operators/axpy/test.py::test_axpy,input_length_2048-num_aie_columns_2-tile_size_1024-scalar_factor_10.0,5/5,490.24,524.3,352.4,598.2,116.48481875334659,0.026336094,0.02343535,0.02054252,0.03486818,0.006718567779707963,,,,,
4d4b803c99fe896d0f08aba5dcc86a8f319c18a5,2026-06-22 17:55:05,iron/operators/axpy/test.py::test_axpy,input_length_2048-num_aie_columns_2-tile_size_1024-scalar_factor_3.0,5/5,402.58000000000004,282.1,250.3,620.6,188.60012460229183,0.035942536000000004,0.0435513,0.01980157,0.04909701,0.014507622354923637,,,,,
4d4b803c99fe896d0f08aba5dcc86a8f319c18a5,2026-06-22 17:55:05,iron/operators/axpy/test.py::test_axpy,input_length_2048-num_aie_columns_4-tile_size_512-scalar_factor_10.0,5/5,478.82,481.7,317.3,645.5,143.4650027010072,0.02770319,0.02551145,0.01903717,0.0387259,0.008625263964096984,,,,,
4d4b803c99fe896d0f08aba5dcc86a8f319c18a5,2026-06-22 17:55:05,iron/operators/axpy/test.py::test_axpy,input_length_2048-num_aie_columns_4-tile_size_512-scalar_factor_3.0,5/5,478.97999999999996,437.7,242.2,725.5,178.00190167523493,0.029240722,0.02807383,0.01693626,0.0507276,0.012909070171572001,,,,,
4d4b803c99fe896d0f08aba5dcc86a8f319c18a5,2026-06-22 17:55:05,iron/operators/axpy/test.py::test_axpy,input_length_4096-num_aie_columns_1-tile_size_4096-scalar_factor_10.0,5/5,365.72,365.1,291.1,456.5,63.6826664014628,0.06882408,0.0673138,0.05383111,0.08441097,0.01179274051287698,,,,,
4d4b803c99fe896d0f08aba5dcc86a8f319c18a5,2026-06-22 17:55:05,iron/operators/axpy/test.py::test_axpy,input_length_4096-num_aie_columns_1-tile_size_4096-scalar_factor_3.0,5/5,353.44,296.2,254.1,547.4,121.87552256298227,0.075363782,0.08298021,0.04489595,0.09670717,0.02152868085403098,,,,,
4d4b803c99fe896d0f08aba5dcc86a8f319c18a5,2026-06-22 17:55:05,iron/operators/axpy/test.py::test_axpy,input_length_4096-num_aie_columns_2-tile_size_2048-scalar_factor_10.0,5/5,439.52,491.4,274.5,568.0,142.48802405816429,0.061662866,0.05001587,0.04327004,0.08954115,0.022278415134771815,,,,,
4d4b803c99fe896d0f08aba5dcc86a8f319c18a5,2026-06-22 17:55:05,iron/operators/axpy/test.py::test_axpy,input_length_4096-num_aie_columns_2-tile_size_2048-scalar_factor_3.0,5/5,346.06,316.4,211.1,456.6,104.30857107639812,0.076991052,0.0776726,0.05381944,0.116437,0.025491944388200755,,,,,
4d4b803c99fe896d0f08aba5dcc86a8f319c18a5,2026-06-22 17:55:05,iron/operators/axpy/test.py::test_axpy,input_length_4096-num_aie_columns_4-tile_size_1024-scalar_factor_10.0,5/5,412.58,392.5,250.8,554.0,119.02574091346796,0.064285964,0.06261912,0.04435765,0.09799356,0.021080074743139075,,,,,
4d4b803c99fe896d0f08aba5dcc86a8f319c18a5,2026-06-22 17:55:05,iron/operators/axpy/test.py::test_axpy,input_length_4096-num_aie_columns_4-tile_size_1024-scalar_factor_3.0,5/5,390.84000000000003,381.1,298.8,498.8,74.34260555024959,0.064712886,0.06448921,0.04926748,0.08225946,0.012234031105287008,,,,,
4d4b803c99fe896d0f08aba5dcc86a8f319c18a5,2026-06-22 17:55:05,iron/operators/axpy/test.py::test_axpy,input_length_8192-num_aie_columns_1-tile_size_8192-scalar_factor_10.0,5/5,336.08,300.0,209.6,463.4,100.3628018740011,0.15788416,0.1638597,0.1060748,0.2345329,0.05017693619999132,,,,,
4d4b803c99fe896d0f08aba5dcc86a8f319c18a5,2026-06-22 17:55:05,iron/operators/axpy/test.py::test_axpy,input_length_8192-num_aie_columns_1-tile_size_8192-scalar_factor_3.0,5/5,346.26,268.1,237.1,523.1,131.25796356792986,0.157671876,0.1833592,0.09396938,0.2073172,0.05220336221721624,,,,,
4d4b803c99fe896d0f08aba5dcc86a8f319c18a5,2026-06-22 17:55:05,iron/operators/axpy/test.py::test_axpy,input_length_8192-num_aie_columns_2-tile_size_4096-scalar_factor_10.0,5/5,344.7,289.2,252.8,579.8,134.76550003617393,0.155927522,0.1699803,0.08477991,0.1944411,0.04335965589316779,,,,,
4d4b803c99fe896d0f08aba5dcc86a8f319c18a5,2026-06-22 17:55:05,iron/operators/axpy/test.py::test_axpy,input_length_8192-num_aie_columns_2-tile_size_4096-scalar_factor_3.0,5/5,333.26,292.3,227.4,602.1,154.35719290010428,0.166741952,0.1681278,0.08163686,0.2161506,0.05363924967581593,,,,,
4d4b803c99fe896d0f08aba5dcc86a8f319c18a5,2026-06-22 17:55:05,iron/operators/axpy/test.py::test_axpy,input_length_8192-num_aie_columns_4-tile_size_2048-scalar_factor_10.0,5/5,362.08,362.7,270.2,468.2,81.7271497117084,0.14148914,0.1355274,0.1049897,0.1819104,0.03209181381992922,,,,,
4d4b803c99fe896d0f08aba5dcc86a8f319c18a5,2026-06-22 17:55:05,iron/operators/axpy/test.py::test_axpy,input_length_8192-num_aie_columns_4-tile_size_2048-scalar_factor_3.0,5/5,348.56,253.7,240.6,505.6,139.0493185887655,0.15867599000000002,0.1937353,0.09722269,0.2042876,0.05536729273486108,,,,,
4d4b803c99fe896d0f08aba5dcc86a8f319c18a5,2026-06-22 17:55:05,iron/operators/dequant/test.py::test_dequant,input_length_1024-num_aie_columns_1-num_channels_1-tile_size_1024-group_size_32,5/5,343.7,304.6,234.1,593.9,143.2691348476705,0.0084479606,0.008613643,0.004418126,0.01120793,0.0025130242285731747,,,,,
4d4b803c99fe896d0f08aba5dcc86a8f319c18a5,2026-06-22 17:55:05,iron/operators/dequant/test.py::test_dequant,input_length_1024-num_aie_columns_1-num_channels_2-tile_size_512-group_size_32,5/5,374.92,417.7,250.2,480.1,96.56421179712493,0.0074328624,0.006281795,0.005465494,0.01048761,0.0021301854761875314,,,,,
4d4b803c99fe896d0f08aba5dcc86a8f319c18a5,2026-06-22 17:55:05,iron/operators/dequant/test.py::test_dequant,input_length_1024-num_aie_columns_2-num_channels_1-tile_size_512-group_size_32,5/5,375.64,362.8,232.9,534.6,121.7353399798103,0.0076304454,0.007231997,0.004908113,0.01126867,0.0025577556576585453,,,,,
4d4b803c99fe896d0f08aba5dcc86a8f319c18a5,2026-06-22 17:55:05,iron/operators/dequant/test.py::test_dequant,input_length_1024-num_aie_columns_2-num_channels_2-tile_size_256-group_size_32,5/5,348.02,280.8,241.8,491.0,117.8819833562364,0.0082202948,0.00934413,0.005344272,0.01085217,0.0025254388929501345,,,,,
4d4b803c99fe896d0f08aba5dcc86a8f319c18a5,2026-06-22 17:55:05,iron/operators/dequant/test.py::test_dequant,input_length_1024-num_aie_columns_4-num_channels_1-tile_size_256-group_size_32,5/5,456.44,468.0,230.5,562.1,134.30021593430146,0.0064025918,0.005606957,0.0046684,0.01138627,0.002823451129437023,,,,,
4d4b803c99fe896d0f08aba5dcc86a8f319c18a5,2026-06-22 17:55:05,iron/operators/dequant/test.py::test_dequant,input_length_1024-num_aie_columns_4-num_channels_2-tile_size_128-group_size_32,5/5,422.26,429.0,257.6,579.5,127.83173706087231,0.0067473982,0.00611675,0.004528049,0.01018776,0.002262435220000608,,,,,
4d4b803c99fe896d0f08aba5dcc86a8f319c18a5,2026-06-22 17:55:05,iron/operators/dequant/test.py::test_dequant,input_length_2048-num_aie_columns_1-num_channels_1-tile_size_2048-group_size_32,5/5,398.12,475.5,259.9,511.8,126.71969854762125,0.014502624,0.01103787,0.01025437,0.02019401,0.005189510383926406,,,,,
4d4b803c99fe896d0f08aba5dcc86a8f319c18a5,2026-06-22 17:55:05,iron/operators/dequant/test.py::test_dequant,input_length_2048-num_aie_columns_1-num_channels_2-tile_size_1024-group_size_32,5/5,445.28,491.5,281.5,608.3,154.98194088344616,0.0131761746,0.01067852,0.008626698,0.01864437,0.005031079257619661,,,,,
4d4b803c99fe896d0f08aba5dcc86a8f319c18a5,2026-06-22 17:55:05,iron/operators/dequant/test.py::test_dequant,input_length_2048-num_aie_columns_2-num_channels_1-tile_size_1024-group_size_32,5/5,444.66,400.1,282.3,783.4,201.67241506958754,0.0134429036,0.01311797,0.006698808,0.01858943,0.004735448142369928,,,,,
4d4b803c99fe896d0f08aba5dcc86a8f319c18a5,2026-06-22 17:55:05,iron/operators/dequant/test.py::test_dequant,input_length_2048-num_aie_columns_2-num_channels_2-tile_size_512-group_size_32,5/5,803.16,530.9,389.5,1826.7,591.6518215978043,0.0087761736,0.009884393,0.00287287,0.01347254,0.004119578228547469,,,,,
4d4b803c99fe896d0f08aba5dcc86a8f319c18a5,2026-06-22 17:55:05,iron/operators/dequant/test.py::test_dequant,input_length_2048-num_aie_columns_4-num_channels_1-tile_size_512-group_size_32,5/5,329.16,285.2,233.0,524.2,114.26881901901325,0.017204308,0.01840203,0.01001076,0.02252767,0.004659228072424658,,,,,
4d4b803c99fe896d0f08aba5dcc86a8f319c18a5,2026-06-22 17:55:05,iron/operators/dequant/test.py::test_dequant,input_length_2048-num_aie_columns_4-num_channels_2-tile_size_256-group_size_32,5/5,425.8,441.4,239.8,521.0,112.85337832781082,0.0133441,0.01188998,0.01007274,0.0218839,0.00488847945901893,,,,,
4d4b803c99fe896d0f08aba5dcc86a8f319c18a5,2026-06-22 17:55:05,iron/operators/dequant/test.py::test_dequant,input_length_4096-num_aie_columns_1-num_channels_1-tile_size_4096-group_size_32,5/5,409.84,464.8,210.7,598.8,177.38929787334973,0.030809064,0.02258399,0.01752939,0.04982034,0.015221216138752842,,,,,
4d4b803c99fe896d0f08aba5dcc86a8f319c18a5,2026-06-22 17:55:05,iron/operators/dequant/test.py::test_dequant,input_length_4096-num_aie_columns_1-num_channels_2-tile_size_2048-group_size_32,5/5,442.48,460.6,191.2,583.5,156.14729264383678,0.02791198,0.02278638,0.01798748,0.05490401,0.01536786318082153,,,,,
4d4b803c99fe896d0f08aba5dcc86a8f319c18a5,2026-06-22 17:55:05,iron/operators/dequant/test.py::test_dequant,input_length_4096-num_aie_columns_2-num_channels_1-tile_size_2048-group_size_32,5/5,379.9,333.4,226.8,587.4,161.52439444244945,0.031904416,0.03148104,0.01786724,0.04627744,0.012858277228817631,,,,,
4d4b803c99fe896d0f08aba5dcc86a8f319c18a5,2026-06-22 17:55:05,iron/operators/dequant/test.py::test_dequant,input_length_4096-num_aie_columns_2-num_channels_2-tile_size_1024-group_size_32,5/5,364.18,300.3,208.8,601.5,167.3434402658198,0.033788844,0.03494776,0.01745055,0.05026748,0.013950030668626863,,,,,
4d4b803c99fe896d0f08aba5dcc86a8f319c18a5,2026-06-22 17:55:05,iron/operators/dequant/test.py::test_dequant,input_length_4096-num_aie_columns_4-num_channels_1-tile_size_1024-group_size_32,5/5,359.78,306.5,244.0,521.4,131.84931550827255,0.032349464,0.03424168,0.02013235,0.04300793,0.010945856130243079,,,,,
4d4b803c99fe896d0f08aba5dcc86a8f319c18a5,2026-06-22 17:55:05,iron/operators/dequant/test.py::test_dequant,input_length_4096-num_aie_columns_4-num_channels_2-tile_size_512-group_size_32,5/5,525.78,576.2,307.9,643.5,133.5965081879014,0.021427048,0.01821514,0.01631181,0.03408799,0.00731175182622947,,,,,
4d4b803c99fe896d0f08aba5dcc86a8f319c18a5,2026-06-22 17:55:05,iron/operators/dequant/test.py::test_dequant,input_length_8192-num_aie_columns_1-num_channels_1-tile_size_8192-group_size_32,5/5,377.8,286.5,247.7,551.1,149.84228375195036,0.06252474799999999,0.07327869,0.03809068,0.08474939,0.022045069809381868,,,,,
4d4b803c99fe896d0f08aba5dcc86a8f319c18a5,2026-06-22 17:55:05,iron/operators/dequant/test.py::test_dequant,input_length_8192-num_aie_columns_1-num_channels_2-tile_size_4096-group_size_32,5/5,326.78,284.7,244.9,526.4,114.41322913020154,0.069134524,0.07374256,0.03987842,0.08570962,0.01774695789802382,,,,,
4d4b803c99fe896d0f08aba5dcc86a8f319c18a5,2026-06-22 17:55:05,iron/operators/dequant/test.py::test_dequant,input_length_8192-num_aie_columns_2-num_channels_1-tile_size_4096-group_size_32,5/5,342.54,255.6,231.2,496.7,132.16602437843093,0.06847832400000001,0.082128,0.04226004,0.09080567,0.023375883492566227,,,,,
4d4b803c99fe896d0f08aba5dcc86a8f319c18a5,2026-06-22 17:55:05,iron/operators/dequant/test.py::test_dequant,input_length_8192-num_aie_columns_2-num_channels_2-tile_size_2048-group_size_32,5/5,403.64,417.3,255.9,522.9,96.82880769688326,0.054994062,0.05030735,0.04014895,0.08202211,0.015960682397791453,,,,,
4d4b803c99fe896d0f08aba5dcc86a8f319c18a5,2026-06-22 17:55:05,iron/operators/dequant/test.py::test_dequant,input_length_8192-num_aie_columns_4-num_channels_1-tile_size_2048-group_size_32,5/5,326.91999999999996,274.9,251.9,519.4,110.18564788573873,0.068744516,0.07637426,0.04041773,0.08334988,0.016988025877468223,,,,,
4d4b803c99fe896d0f08aba5dcc86a8f319c18a5,2026-06-22 17:55:05,iron/operators/dequant/test.py::test_dequant,input_length_8192-num_aie_columns_4-num_channels_2-tile_size_1024-group_size_32,5/5,467.66,460.8,241.5,635.6,165.88961088627585,0.050905332,0.04555793,0.03302628,0.08692915,0.02210191585507849,,,,,
4d4b803c99fe896d0f08aba5dcc86a8f319c18a5,2026-06-22 17:55:05,iron/operators/elementwise_add/test.py::test_elementwise_add,input_length_1024-num_aie_columns_1-tile_size_1024,5/5,413.02,461.4,222.2,482.2,108.64208208608669,0.016219818,0.01331461,0.01274276,0.02764604,0.006417353899674694,,,,,
4d4b803c99fe896d0f08aba5dcc86a8f319c18a5,2026-06-22 17:55:05,iron/operators/elementwise_add/test.py::test_elementwise_add,input_length_1024-num_aie_columns_2-tile_size_512,5/5,393.03999999999996,434.7,214.6,613.0,161.3531623489295,0.018124538,0.01413236,0.01002297,0.02863348,0.00786615506140198,,,,,
4d4b803c99fe896d0f08aba5dcc86a8f319c18a5,2026-06-22 17:55:05,iron/operators/elementwise_add/test.py::test_elementwise_add,input_length_1024-num_aie_columns_4-tile_size_256,5/5,324.3,297.3,283.4,441.3,66.2201253396579,0.019463126,0.02066676,0.0139238,0.02167861,0.0031792122437924774,,,,,
4d4b803c99fe896d0f08aba5dcc86a8f319c18a5,2026-06-22 17:55:05,iron/operators/elementwise_add/test.py::test_elementwise_add,input_length_2048-num_aie_columns_1-tile_size_2048,5/5,421.68,483.1,205.6,604.7,167.84177668268413,0.03429352,0.02543636,0.02031991,0.05977322,0.016672011314596988,,,,,
4d4b803c99fe896d0f08aba5dcc86a8f319c18a5,2026-06-22 17:55:05,iron/operators/elementwise_add/test.py::test_elementwise_add,input_length_2048-num_aie_columns_2-tile_size_1024,5/5,327.66,322.3,198.0,505.1,121.69249360580956,0.041849906,0.03812644,0.0243279,0.06207252,0.01517971282690091,,,,,
4d4b803c99fe896d0f08aba5dcc86a8f319c18a5,2026-06-22 17:55:05,iron/operators/elementwise_add/test.py::test_elementwise_add,input_length_2048-num_aie_columns_4-tile_size_512,5/5,406.2,398.6,281.6,486.8,82.6138305612323,0.031438746000000004,0.03082411,0.02524421,0.04363791,0.007404233081348129,,,,,
4d4b803c99fe896d0f08aba5dcc86a8f319c18a5,2026-06-22 17:55:05,iron/operators/elementwise_add/test.py::test_elementwise_add,input_length_4096-num_aie_columns_1-tile_size_4096,5/5,478.58,450.8,266.2,745.3,172.16980571517178,0.057148426,0.05451182,0.03297371,0.09232468,0.021675561824532487,,,,,
4d4b803c99fe896d0f08aba5dcc86a8f319c18a5,2026-06-22 17:55:05,iron/operators/elementwise_add/test.py::test_elementwise_add,input_length_4096-num_aie_columns_2-tile_size_2048,5/5,499.34,556.2,315.4,585.9,110.51960459574582,0.051852544,0.04418356,0.04194708,0.07792183,0.015015318423377841,,,,,
4d4b803c99fe896d0f08aba5dcc86a8f319c18a5,2026-06-22 17:55:05,iron/operators/elementwise_add/test.py::test_elementwise_add,input_length_4096-num_aie_columns_4-tile_size_1024,5/5,488.24,532.6,286.3,609.5,122.93332745842358,0.053964276,0.04614249,0.04031919,0.08585262,0.01830459921908098,,,,,
4d4b803c99fe896d0f08aba5dcc86a8f319c18a5,2026-06-22 17:55:05,iron/operators/elementwise_add/test.py::test_elementwise_add,input_length_8192-num_aie_columns_1-tile_size_8192,5/5,415.52,433.7,233.5,669.6,179.26242495291646,0.13817754799999998,0.1133305,0.07340294,0.2104569,0.05988651703326484,,,,,
4d4b803c99fe896d0f08aba5dcc86a8f319c18a5,2026-06-22 17:55:05,iron/operators/elementwise_add/test.py::test_elementwise_add,input_length_8192-num_aie_columns_2-tile_size_4096,5/5,425.0,402.4,364.3,493.8,63.074281605104304,0.117659638,0.1221389,0.09954069,0.134931,0.01693834179451223,,,,,
4d4b803c99fe896d0f08aba5dcc86a8f319c18a5,2026-06-22 17:55:05,iron/operators/elementwise_add/test.py::test_elementwise_add,input_length_8192-num_aie_columns_4-tile_size_2048,5/5,431.54,443.9,319.3,535.5,84.71654501925818,0.117717434,0.1107239,0.09178077,0.1539512,0.02457430841433346,,,,,
4d4b803c99fe896d0f08aba5dcc86a8f319c18a5,2026-06-22 17:55:05,iron/operators/elementwise_mul/test.py::test_elementwise_mul,input_length_1024-num_aie_columns_1-tile_size_1024,5/5,321.54,246.5,226.3,535.4,129.74857610008672,0.021189408,0.02492465,0.01147645,0.0271516,0.006587391398453564,,,,,
4d4b803c99fe896d0f08aba5dcc86a8f319c18a5,2026-06-22 17:55:05,iron/operators/elementwise_mul/test.py::test_elementwise_mul,input_length_1024-num_aie_columns_2-tile_size_512,5/5,237.22,238.9,191.5,287.2,34.946058432962076,0.02635874,0.02571357,0.02139499,0.03209025,0.003918019970495301,,,,,
4d4b803c99fe896d0f08aba5dcc86a8f319c18a5,2026-06-22 17:55:05,iron/operators/elementwise_mul/test.py::test_elementwise_mul,input_length_1024-num_aie_columns_4-tile_size_256,5/5,301.3,258.6,202.2,494.9,113.31985704191476,0.022287458,0.02376182,0.01241463,0.03038125,0.006541361579814251,,,,,
4d4b803c99fe896d0f08aba5dcc86a8f319c18a5,2026-06-22 17:55:05,iron/operators/elementwise_mul/test.py::test_elementwise_mul,input_length_2048-num_aie_columns_1-tile_size_2048,5/5,231.64,244.7,188.7,271.8,34.08838511868816,0.054016262,0.05022275,0.04521287,0.06512131,0.008258013760349398,,,,,
4d4b803c99fe896d0f08aba5dcc86a8f319c18a5,2026-06-22 17:55:05,iron/operators/elementwise_mul/test.py::test_elementwise_mul,input_length_2048-num_aie_columns_2-tile_size_1024,5/5,332.4,298.9,210.8,517.5,125.75901558138884,0.041150136000000004,0.04111046,0.02374341,0.05828752,0.014236520845927561,,,,,
4d4b803c99fe896d0f08aba5dcc86a8f319c18a5,2026-06-22 17:55:05,iron/operators/elementwise_mul/test.py::test_elementwise_mul,input_length_2048-num_aie_columns_4-tile_size_512,5/5,357.74,248.2,213.0,596.5,173.8726056628818,0.040766972,0.04950308,0.02060117,0.05770342,0.016723804650036127,,,,,
4d4b803c99fe896d0f08aba5dcc86a8f319c18a5,2026-06-22 17:55:05,iron/operators/elementwise_mul/test.py::test_elementwise_mul,input_length_4096-num_aie_columns_1-tile_size_4096,5/5,359.68,300.8,248.3,572.0,134.55648256401471,0.075166998,0.08171435,0.04296616,0.09899419,0.0233652933771025,,,,,
4d4b803c99fe896d0f08aba5dcc86a8f319c18a5,2026-06-22 17:55:05,iron/operators/elementwise_mul/test.py::test_elementwise_mul,input_length_4096-num_aie_columns_2-tile_size_2048,5/5,418.71999999999997,421.2,312.5,487.7,68.18740352880435,0.060134556,0.05835284,0.05038988,0.07865377,0.01116226381217672,,,,,
4d4b803c99fe896d0f08aba5dcc86a8f319c18a5,2026-06-22 17:55:05,iron/operators/elementwise_mul/test.py::test_elementwise_mul,input_length_4096-num_aie_columns_4-tile_size_1024,5/5,441.98,350.7,282.1,662.6,175.63427057382623,0.06264715,0.07007319,0.03709159,0.08710538,0.022412037322868485,,,,,
4d4b803c99fe896d0f08aba5dcc86a8f319c18a5,2026-06-22 17:55:05,iron/operators/elementwise_mul/test.py::test_elementwise_mul,input_length_8192-num_aie_columns_2-tile_size_4096,5/5,373.86,365.8,254.8,488.7,103.71486392991123,0.14025305999999998,0.134377,0.1005772,0.192927,0.04004857833454266,,,,,
4d4b803c99fe896d0f08aba5dcc86a8f319c18a5,2026-06-22 17:55:05,iron/operators/elementwise_mul/test.py::test_elementwise_mul,input_length_8192-num_aie_columns_4-tile_size_2048,5/5,426.26,475.7,243.6,496.8,106.43372585792531,0.124035176,0.1033159,0.09893441,0.2017668,0.04402800376436604,,,,,
4d4b803c99fe896d0f08aba5dcc86a8f319c18a5,2026-06-22 17:55:05,iron/operators/gelu/test.py::test_gelu,input_length_1024-num_aie_columns_1-num_channels_1-tile_size_1024,5/5,683.5799999999999,313.9,281.7,1960.6,723.1680074505508,0.0101357754,0.01304704,0.002089204,0.01453828,0.005333355377756089,,,,,
4d4b803c99fe896d0f08aba5dcc86a8f319c18a5,2026-06-22 17:55:05,iron/operators/gelu/test.py::test_gelu,input_length_1024-num_aie_columns_1-num_channels_2-tile_size_512,5/5,451.42,475.4,279.4,549.0,101.37022245215802,0.0095855084,0.008616011,0.007460267,0.0146602,0.0028816570041795054,,,,,
4d4b803c99fe896d0f08aba5dcc86a8f319c18a5,2026-06-22 17:55:05,iron/operators/gelu/test.py::test_gelu,input_length_1024-num_aie_columns_2-num_channels_1-tile_size_512,5/5,1130.72,486.3,345.9,2416.9,977.8887779292695,0.0066284752,0.008423061,0.001694709,0.01184294,0.004509059342574314,,,,,
4d4b803c99fe896d0f08aba5dcc86a8f319c18a5,2026-06-22 17:55:05,iron/operators/gelu/test.py::test_gelu,input_length_1024-num_aie_columns_2-num_channels_2-tile_size_256,5/5,448.4,455.7,299.9,605.7,143.04967668610792,0.009970329,0.00898902,0.006761877,0.0136582,0.0033083770890282443,,,,,
4d4b803c99fe896d0f08aba5dcc86a8f319c18a5,2026-06-22 17:55:05,iron/operators/gelu/test.py::test_gelu,input_length_1024-num_aie_columns_4-num_channels_1-tile_size_256,5/5,315.74,263.2,237.1,445.6,94.91271253104087,0.0138627052,0.01556444,0.009191936,0.01727643,0.0037236472670307,,,,,
4d4b803c99fe896d0f08aba5dcc86a8f319c18a5,2026-06-22 17:55:05,iron/operators/gelu/test.py::test_gelu,input_length_1024-num_aie_columns_4-num_channels_2-tile_size_128,5/5,472.48,323.9,272.1,1038.3,321.2925800574921,0.0109518172,0.01264709,0.003945096,0.01505318,0.004376077792259776,,,,,
4d4b803c99fe896d0f08aba5dcc86a8f319c18a5,2026-06-22 17:55:05,iron/operators/gelu/test.py::test_gelu,input_length_2048-num_aie_columns_1-num_channels_1-tile_size_2048,5/5,388.52,351.4,240.7,555.2,155.0383726694782,0.02402686,0.02331107,0.01475547,0.03403647,0.009363862519665696,,,,,
4d4b803c99fe896d0f08aba5dcc86a8f319c18a5,2026-06-22 17:55:05,iron/operators/gelu/test.py::test_gelu,input_length_2048-num_aie_columns_1-num_channels_2-tile_size_1024,5/5,404.28,330.2,230.4,588.0,168.25668485977013,0.02329264,0.02481289,0.01393254,0.03556281,0.009321412562514331,,,,,
4d4b803c99fe896d0f08aba5dcc86a8f319c18a5,2026-06-22 17:55:05,iron/operators/gelu/test.py::test_gelu,input_length_2048-num_aie_columns_2-num_channels_1-tile_size_1024,5/5,367.58,317.7,226.5,503.9,122.73189072119763,0.024439242,0.02578144,0.01625794,0.03616202,0.008264729785420696,,,,,
4d4b803c99fe896d0f08aba5dcc86a8f319c18a5,2026-06-22 17:55:05,iron/operators/gelu/test.py::test_gelu,input_length_2048-num_aie_columns_2-num_channels_2-tile_size_512,5/5,510.98,516.8,248.8,767.0,187.6962492965696,0.01838433,0.01585014,0.01068082,0.03292499,0.008560314843692959,,,,,
4d4b803c99fe896d0f08aba5dcc86a8f319c18a5,2026-06-22 17:55:05,iron/operators/gelu/test.py::test_gelu,input_length_2048-num_aie_columns_4-num_channels_1-tile_size_512,5/5,404.06,426.6,230.8,610.9,150.90111994282879,0.022866198,0.01920471,0.01340909,0.03549486,0.008994707281794667,,,,,
4d4b803c99fe896d0f08aba5dcc86a8f319c18a5,2026-06-22 17:55:05,iron/operators/gelu/test.py::test_gelu,input_length_2048-num_aie_columns_4-num_channels_2-tile_size_256,5/5,589.5600000000001,460.6,380.0,1072.2,278.9452060889378,0.0158176308,0.01778527,0.007640394,0.02155994,0.005265702779532206,,,,,
4d4b803c99fe896d0f08aba5dcc86a8f319c18a5,2026-06-22 17:55:05,iron/operators/gelu/test.py::test_gelu,input_length_4096-num_aie_columns_1-num_channels_1-tile_size_4096,5/5,318.44,308.2,257.7,398.1,51.02747299249691,0.052469501999999994,0.05316736,0.04115663,0.06358644,0.008042525429606671,,,,,
4d4b803c99fe896d0f08aba5dcc86a8f319c18a5,2026-06-22 17:55:05,iron/operators/gelu/test.py::test_gelu,input_length_4096-num_aie_columns_1-num_channels_2-tile_size_2048,5/5,485.8,428.0,267.3,798.4,224.42360615585875,0.039924094,0.03827814,0.02052127,0.06130291,0.01740803672839732,,,,,
4d4b803c99fe896d0f08aba5dcc86a8f319c18a5,2026-06-22 17:55:05,iron/operators/gelu/test.py::test_gelu,input_length_4096-num_aie_columns_2-num_channels_1-tile_size_2048,5/5,407.94,425.7,275.4,549.6,113.53745197070437,0.042911504,0.0384862,0.02981055,0.05950072,0.012522470050873749,,,,,
4d4b803c99fe896d0f08aba5dcc86a8f319c18a5,2026-06-22 17:55:05,iron/operators/gelu/test.py::test_gelu,input_length_4096-num_aie_columns_2-num_channels_2-tile_size_1024,5/5,423.96,489.8,198.5,514.3,130.85867567723585,0.04395838,0.03344895,0.03185832,0.08255859,0.02174691123108636,,,,,
4d4b803c99fe896d0f08aba5dcc86a8f319c18a5,2026-06-22 17:55:05,iron/operators/gelu/test.py::test_gelu,input_length_4096-num_aie_columns_4-num_channels_1-tile_size_1024,5/5,424.82,414.6,220.6,606.4,151.60647083815385,0.043677969999999997,0.0395158,0.02701847,0.07428533,0.018761472299002813,,,,,
4d4b803c99fe896d0f08aba5dcc86a8f319c18a5,2026-06-22 17:55:05,iron/operators/gelu/test.py::test_gelu,input_length_4096-num_aie_columns_4-num_channels_2-tile_size_512,5/5,456.26,465.5,222.2,669.0,158.35896880189642,0.040861748,0.03519535,0.02448889,0.07372277,0.0189685506605518,,,,,
4d4b803c99fe896d0f08aba5dcc86a8f319c18a5,2026-06-22 17:55:05,iron/operators/gelu/test.py::test_gelu,input_length_8192-num_aie_columns_1-num_channels_2-tile_size_4096,5/5,441.7,467.3,321.6,498.0,73.43480101423302,0.076179832,0.07011763,0.06579431,0.1018921,0.015091575506007317,,,,,
4d4b803c99fe896d0f08aba5dcc86a8f319c18a5,2026-06-22 17:55:05,iron/operators/gelu/test.py::test_gelu,input_length_8192-num_aie_columns_2-num_channels_1-tile_size_4096,5/5,785.84,503.5,217.2,2134.5,768.1047181211687,0.071277228,0.06508341,0.01535144,0.1508524,0.04960473204263954,,,,,
4d4b803c99fe896d0f08aba5dcc86a8f319c18a5,2026-06-22 17:55:05,iron/operators/gelu/test.py::test_gelu,input_length_8192-num_aie_columns_2-num_channels_2-tile_size_2048,5/5,869.7800000000001,520.1,297.9,2491.3,911.5547882601463,0.062448348,0.06299745,0.01315295,0.1099856,0.034250597761839426,,,,,
4d4b803c99fe896d0f08aba5dcc86a8f319c18a5,2026-06-22 17:55:05,iron/operators/gelu/test.py::test_gelu,input_length_8192-num_aie_columns_4-num_channels_1-tile_size_2048,5/5,384.1,337.0,235.6,643.5,154.04992697174512,0.094866098,0.09722779,0.0509239,0.1390755,0.03157686486854767,,,,,
4d4b803c99fe896d0f08aba5dcc86a8f319c18a5,2026-06-22 17:55:05,iron/operators/gelu/test.py::test_gelu,input_length_8192-num_aie_columns_4-num_channels_2-tile_size_1024,5/5,664.02,534.5,307.5,1383.1,418.16623130042433,0.062714592,0.06130876,0.02369136,0.1065668,0.02997626020316944,,,,,
4d4b803c99fe896d0f08aba5dcc86a8f319c18a5,2026-06-22 17:55:05,iron/operators/gemm/test.py::test_gemm,M_192-K_384-N_64-num_aie_columns_4-b_col_maj_False-c_col_maj_False-m_48-k_96-n_16-trace_size_0-partition_N_1,5/5,439.86,433.1,407.5,474.8,31.389536473162515,0.50489644,0.5107067,0.4658643,0.5428414,0.035705212257008095,21.542248,21.79015,19.87688,23.16123,1.5234202041524851
4d4b803c99fe896d0f08aba5dcc86a8f319c18a5,2026-06-22 17:55:05,iron/operators/gemm/test.py::test_gemm,M_192-K_384-N_64-num_aie_columns_4-b_col_maj_True-c_col_maj_True-m_48-k_96-n_16-trace_size_0-partition_N_1,5/5,742.56,421.9,361.4,1783.6,601.4638999973315,0.42132268,0.5242532,0.1240068,0.6120555,0.2042094107217319,17.976437400000002,22.36814,5.290957,26.11437,8.712935177951733
4d4b803c99fe896d0f08aba5dcc86a8f319c18a5,2026-06-22 17:55:05,iron/operators/gemm/test.py::test_gemm,M_2048-K_2048-N_2048-num_aie_columns_1-b_col_maj_False-c_col_maj_False-m_64-k_64-n_64-trace_size_0-partition_N_1,5/5,82993.3,82909.3,81738.1,85027.9,1247.5745729213902,0.3032815,0.3035346,0.2959715,0.3078837,0.004506862131794134,207.04018,207.2129,202.0499,210.182,3.0766944058518306
4d4b803c99fe896d0f08aba5dcc86a8f319c18a5,2026-06-22 17:55:05,iron/operators/gemm/test.py::test_gemm,M_2048-K_2048-N_2048-num_aie_columns_2-b_col_maj_True-c_col_maj_False-m_64-k_64-n_64-trace_size_0-partition_N_1,5/5,24540.2,24550.1,24378.6,24784.0,165.73489373092204,1.0255316,1.025079,1.015407,1.032293,0.00690766203573975,700.09626,699.7874,693.1845,704.7121,4.715666558716812
4d4b803c99fe896d0f08aba5dcc86a8f319c18a5,2026-06-22 17:55:05,iron/operators/gemm/test.py::test_gemm,M_2048-K_2048-N_8192-num_aie_columns_2-b_col_maj_False-c_col_maj_False-m_64-k_64-n_64-trace_size_0-partition_N_1,5/5,94144.46,94165.4,92440.3,95808.9,1195.6080850345538,0.80203578,0.8017541,0.7880008,0.8167164,0.010194966708479258,730.0308,729.7744,717.2558,743.3934,9.279693459646184
4d4b803c99fe896d0f08aba5dcc86a8f319c18a5,2026-06-22 17:55:05,iron/operators/gemm/test.py::test_gemm,M_2048-K_2048-N_8192-num_aie_columns_2-b_col_maj_False-c_col_maj_True-m_64-k_64-n_64-trace_size_0-partition_N_1,5/5,99025.54,98900.5,98180.9,100276.4,839.704824923616,0.76244788,0.7633683,0.7528939,0.7689632,0.006439478594731088,693.99702,694.8348,685.3008,699.9274,5.861344991723316
4d4b803c99fe896d0f08aba5dcc86a8f319c18a5,2026-06-22 17:55:05,iron/operators/gemm/test.py::test_gemm,M_2048-K_2048-N_8192-num_aie_columns_2-b_col_maj_True-c_col_maj_False-m_64-k_64-n_64-trace_size_0-partition_N_1,5/5,95772.16,95882.3,94923.3,96304.7,510.0257032738625,0.78832064,0.7873972,0.7839437,0.7953521,0.004217509727078286,717.54698,716.7064,713.563,723.9472,3.8388831269003
4d4b803c99fe896d0f08aba5dcc86a8f319c18a5,2026-06-22 17:55:05,iron/operators/gemm/test.py::test_gemm,M_2048-K_64-N_2048-num_aie_columns_2-b_col_maj_False-c_col_maj_False-m_64-k_64-n_64-trace_size_0-partition_N_1,5/5,2142.16,1970.5,1614.5,3177.7,637.6807335963663,4.4207938,4.523084,2.804831,5.520681,1.1135393698543845,266.2878,272.4493,168.9498,332.5398,67.07436913042865
4d4b803c99fe896d0f08aba5dcc86a8f319c18a5,2026-06-22 17:55:05,iron/operators/gemm/test.py::test_gemm,M_2048-K_64-N_2048-num_aie_columns_2-b_col_maj_False-c_col_maj_True-m_64-k_64-n_64-trace_size_0-partition_N_1,5/5,3035.08,3059.0,1971.0,3970.0,728.6544393606615,3.0975844,2.9137,2.245048,4.522095,0.8607588231986356,186.5839,175.5076,135.2311,272.3897,51.848051800959695
4d4b803c99fe896d0f08aba5dcc86a8f319c18a5,2026-06-22 17:55:05,iron/operators/gemm/test.py::test_gemm,M_2048-K_64-N_2048-num_aie_columns_2-b_col_maj_True-c_col_maj_False-m_64-k_64-n_64-trace_size_0-partition_N_1,5/5,2957.38,2410.2,1725.0,4614.3,1238.41530473424,3.4511228,3.697958,1.931562,5.166887,1.341791541252478,207.8794,222.7476,116.3482,311.229,80.82322982150613
4d4b803c99fe896d0f08aba5dcc86a8f319c18a5,2026-06-22 17:55:05,iron/operators/gemm/test.py::test_gemm,M_2048-K_64-N_8192-num_aie_columns_2-b_col_maj_False-c_col_maj_False-m_64-k_64-n_64-trace_size_0-partition_N_1,5/5,6418.48,6271.4,5847.2,7369.9,634.353605649089,5.4727644,5.559398,4.730739,5.962755,0.5166504716714193,337.08936,342.4255,291.3851,367.2698,31.822539462824135
4d4b803c99fe896d0f08aba5dcc86a8f319c18a5,2026-06-22 17:55:05,iron/operators/gemm/test.py::test_gemm,M_2048-K_64-N_8192-num_aie_columns_2-b_col_maj_False-c_col_maj_True-m_64-k_64-n_64-trace_size_0-partition_N_1,5/5,7353.9,7628.6,6532.9,8105.2,676.5673063339672,4.7741114,4.570349,4.301589,5.336896,0.4494680979761523,294.05654,281.506,264.952,328.7207,27.684542881597316
4d4b803c99fe896d0f08aba5dcc86a8f319c18a5,2026-06-22 17:55:05,iron/operators/gemm/test.py::test_gemm,M_2048-K_64-N_8192-num_aie_columns_2-b_col_maj_True-c_col_maj_False-m_64-k_64-n_64-trace_size_0-partition_N_1,5/5,5669.28,5664.7,5269.1,6120.4,305.8098543212756,6.164034,6.154809,5.696531,6.616862,0.3298302987969723,379.66742,379.0992,350.8721,407.5589,20.315546769580187
4d4b803c99fe896d0f08aba5dcc86a8f319c18a5,2026-06-22 17:55:05,iron/operators/gemm/test.py::test_gemm,M_2048-K_8192-N_2048-num_aie_columns_2-b_col_maj_False-c_col_maj_False-m_64-k_64-n_64-trace_size_0-partition_N_1,5/5,98127.68,98706.4,95539.1,99727.4,1666.3399824165488,0.7695596,0.7648691,0.7570383,0.7902262,0.013218540119846802,700.47026,696.2009,689.0731,719.2815,12.03182998832681
4d4b803c99fe896d0f08aba5dcc86a8f319c18a5,2026-06-22 17:55:05,iron/operators/gemm/test.py::test_gemm,M_2048-K_8192-N_2048-num_aie_columns_2-b_col_maj_False-c_col_maj_True-m_64-k_64-n_64-trace_size_0-partition_N_1,5/5,98972.66,97722.0,96881.4,102398.2,2369.6102206903147,0.76315702,0.7725739,0.7372931,0.7792769,0.018044178565177194,694.6425,703.214,671.1006,709.3152,16.424208016218017
4d4b803c99fe896d0f08aba5dcc86a8f319c18a5,2026-06-22 17:55:05,iron/operators/gemm/test.py::test_gemm,M_2048-K_8192-N_2048-num_aie_columns_2-b_col_maj_True-c_col_maj_False-m_64-k_64-n_64-trace_size_0-partition_N_1,5/5,93838.64,93787.2,93291.7,94321.1,434.07874631223615,0.80455948,0.8049872,0.8004299,0.8092624,0.0037225404990409534,732.3279200000001,732.7172,728.5691,736.6087,3.388352228148636
4d4b803c99fe896d0f08aba5dcc86a8f319c18a5,2026-06-22 17:55:05,iron/operators/gemm/test.py::test_gemm,M_384-K_1536-N_1792-num_aie_columns_4-b_col_maj_True-c_col_maj_False-m_32-k_48-n_64-trace_size_0-partition_N_1,5/5,3148.88,2291.6,2078.3,4887.6,1380.1786467700479,2.9493892,3.517586,1.649251,3.878622,1.1157862506890377,773.45938,922.4655,432.5061,1017.145,292.6081349897111
4d4b803c99fe896d0f08aba5dcc86a8f319c18a5,2026-06-22 17:55:05,iron/operators/gemm/test.py::test_gemm,M_64-K_512-N_256-num_aie_columns_4-b_col_maj_True-c_col_maj_False-m_16-k_64-n_64-trace_size_0-partition_N_4,5/5,6082.82,5952.8,4853.1,7369.4,972.3686399714871,0.20898768,0.2091761,0.1689667,0.2565757,0.03378146667156416,11.263334799999999,11.27349,9.106414,13.82808,1.8206440530716599
4d4b803c99fe896d0f08aba5dcc86a8f319c18a5,2026-06-22 17:55:05,iron/operators/gemv/test.py::test_gemv,M_128-K_128-num_aie_columns_1-tile_size_input_32-tile_size_output_128,5/5,,,,,,0.089715252,0.0741609,0.05078032,0.1322293,0.03382878696078415,0.08833503,0.07301996,0.04999908,0.130195,0.033308360817231764
4d4b803c99fe896d0f08aba5dcc86a8f319c18a5,2026-06-22 17:55:05,iron/operators/gemv/test.py::test_gemv,M_2048-K_8192-num_aie_columns_1-tile_size_input_1-tile_size_output_2048,5/5,,,,,,3.5972340000000003,3.560577,3.454428,3.781515,0.13216417956466123,3.5950398,3.558405,3.452321,3.779208,0.13208335472609714
4d4b803c99fe896d0f08aba5dcc86a8f319c18a5,2026-06-22 17:55:05,iron/operators/gemv/test.py::test_gemv,M_2048-K_8192-num_aie_columns_2-tile_size_input_1-tile_size_output_1024,5/5,,,,,,6.3315938,6.582025,5.17991,7.386837,0.9511184689762364,6.327732,6.578011,5.17675,7.382332,0.9505387723956871
4d4b803c99fe896d0f08aba5dcc86a8f319c18a5,2026-06-22 17:55:05,iron/operators/gemv/test.py::test_gemv,M_2048-K_8192-num_aie_columns_4-tile_size_input_1-tile_size_output_512,5/5,,,,,,10.4597256,9.711507,6.40615,13.89522,2.9979438267975103,10.453345,9.705583,6.402242,13.88674,2.9961146825734155
4d4b803c99fe896d0f08aba5dcc86a8f319c18a5,2026-06-22 17:55:05,iron/operators/gemv/test.py::test_gemv,M_8192-K_2048-num_aie_columns_1-tile_size_input_4-tile_size_output_1024,5/5,,,,,,3.7183798,3.749738,3.602945,3.834468,0.09124057678029009,3.7161116,3.747451,3.600747,3.832129,0.09118502796402489
4d4b803c99fe896d0f08aba5dcc86a8f319c18a5,2026-06-22 17:55:05,iron/operators/gemv/test.py::test_gemv,M_8192-K_2048-num_aie_columns_2-tile_size_input_4-tile_size_output_1024,5/5,,,,,,6.337327,6.44014,5.754964,6.920191,0.5101783622356988,6.3334611999999995,6.436212,5.751453,6.91597,0.5098675558090552
4d4b803c99fe896d0f08aba5dcc86a8f319c18a5,2026-06-22 17:55:05,iron/operators/gemv/test.py::test_gemv,M_8192-K_2048-num_aie_columns_4-tile_size_input_4-tile_size_output_1024,5/5,,,,,,9.884655,8.512615,7.131763,13.79619,2.797540672160907,9.8786258,8.507423,7.127412,13.78778,2.7958355393451164
4d4b803c99fe896d0f08aba5dcc86a8f319c18a5,2026-06-22 17:55:05,iron/operators/layer_norm/test.py::test_layer_norm,input_length_1024-num_aie_columns_1-num_channels_1-tile_size_1024,5/5,473.53999999999996,518.3,212.1,611.7,152.15093821597026,0.0099769316,0.007902851,0.006696531,0.0193081,0.005245444464159954,,,,,
4d4b803c99fe896d0f08aba5dcc86a8f319c18a5,2026-06-22 17:55:05,iron/operators/layer_norm/test.py::test_layer_norm,input_length_1024-num_aie_columns_1-num_channels_2-tile_size_512,5/5,809.3199999999999,506.9,265.7,2480.0,941.4499838015826,0.0095459608,0.008080601,0.001651584,0.01541826,0.005634381491684664,,,,,
4d4b803c99fe896d0f08aba5dcc86a8f319c18a5,2026-06-22 17:55:05,iron/operators/layer_norm/test.py::test_layer_norm,input_length_1024-num_aie_columns_2-num_channels_1-tile_size_512,5/5,352.03999999999996,294.4,204.0,525.3,135.1157022703135,0.0131085962,0.01391196,0.007798073,0.02007607,0.004959014124144053,,,,,
4d4b803c99fe896d0f08aba5dcc86a8f319c18a5,2026-06-22 17:55:05,iron/operators/layer_norm/test.py::test_layer_norm,input_length_1024-num_aie_columns_2-num_channels_2-tile_size_256,5/5,509.84,542.0,366.1,616.4,108.04176507258661,0.008360943400000001,0.007556512,0.00664537,0.01118792,0.0019447964701384051,,,,,
4d4b803c99fe896d0f08aba5dcc86a8f319c18a5,2026-06-22 17:55:05,iron/operators/layer_norm/test.py::test_layer_norm,input_length_1024-num_aie_columns_4-num_channels_1-tile_size_256,5/5,455.88,441.7,179.9,657.7,194.222454932482,0.0111390554,0.009272423,0.006227792,0.02277099,0.006777880964122401,,,,,
4d4b803c99fe896d0f08aba5dcc86a8f319c18a5,2026-06-22 17:55:05,iron/operators/layer_norm/test.py::test_layer_norm,input_length_1024-num_aie_columns_4-num_channels_2-tile_size_128,5/5,635.8,516.7,256.2,1230.5,363.0077753988198,0.0082794744,0.007927967,0.003328744,0.01598801,0.0047031593438865435,,,,,
4d4b803c99fe896d0f08aba5dcc86a8f319c18a5,2026-06-22 17:55:05,iron/operators/layer_norm/test.py::test_layer_norm,input_length_2048-num_aie_columns_1-num_channels_1-tile_size_2048,5/5,350.21999999999997,310.4,194.7,578.9,150.6961081116563,0.026917732,0.02639575,0.01415029,0.04206937,0.010825404667744298,,,,,
4d4b803c99fe896d0f08aba5dcc86a8f319c18a5,2026-06-22 17:55:05,iron/operators/layer_norm/test.py::test_layer_norm,input_length_2048-num_aie_columns_1-num_channels_2-tile_size_1024,5/5,601.46,280.2,235.0,1937.4,747.2445436401661,0.0255673248,0.02923344,0.004228384,0.03485483,0.01228414513540707,,,,,
4d4b803c99fe896d0f08aba5dcc86a8f319c18a5,2026-06-22 17:55:05,iron/operators/layer_norm/test.py::test_layer_norm,input_length_2048-num_aie_columns_2-num_channels_1-tile_size_1024,5/5,385.5,324.2,273.3,559.0,118.7915821933524,0.022775038,0.02527155,0.01465524,0.02997066,0.006278545110960819,,,,,
4d4b803c99fe896d0f08aba5dcc86a8f319c18a5,2026-06-22 17:55:05,iron/operators/layer_norm/test.py::test_layer_norm,input_length_2048-num_aie_columns_2-num_channels_2-tile_size_512,5/5,809.98,538.3,471.2,1989.7,660.3626480957263,0.0136036182,0.01521907,0.004117241,0.0173837,0.005408465724984416,,,,,
4d4b803c99fe896d0f08aba5dcc86a8f319c18a5,2026-06-22 17:55:05,iron/operators/layer_norm/test.py::test_layer_norm,input_length_2048-num_aie_columns_4-num_channels_1-tile_size_512,5/5,466.67999999999995,500.9,286.9,544.8,106.73175253878294,0.018585128,0.01635322,0.01503768,0.02855052,0.0056933451096056,,,,,
4d4b803c99fe896d0f08aba5dcc86a8f319c18a5,2026-06-22 17:55:05,iron/operators/layer_norm/test.py::test_layer_norm,input_length_2048-num_aie_columns_4-num_channels_2-tile_size_256,5/5,879.06,546.8,375.9,2466.1,891.9774509481728,0.0147670282,0.01498204,0.003321821,0.02179089,0.007231432370316838,,,,,
4d4b803c99fe896d0f08aba5dcc86a8f319c18a5,2026-06-22 17:55:05,iron/operators/layer_norm/test.py::test_layer_norm,input_length_4096-num_aie_columns_1-num_channels_1-tile_size_4096,5/5,384.65999999999997,386.7,256.3,552.3,112.42554425040599,0.045548086,0.0423658,0.02966241,0.06391461,0.013052718679276359,,,,,
4d4b803c99fe896d0f08aba5dcc86a8f319c18a5,2026-06-22 17:55:05,iron/operators/layer_norm/test.py::test_layer_norm,input_length_4096-num_aie_columns_1-num_channels_2-tile_size_2048,5/5,529.8199999999999,572.4,354.0,625.0,105.32787855074268,0.032201648,0.02862354,0.02621587,0.04627778,0.008100993977578923,,,,,
4d4b803c99fe896d0f08aba5dcc86a8f319c18a5,2026-06-22 17:55:05,iron/operators/layer_norm/test.py::test_layer_norm,input_length_4096-num_aie_columns_2-num_channels_1-tile_size_2048,5/5,510.36,567.8,237.3,615.5,154.15258025735412,0.036489414,0.02885381,0.02661741,0.06903875,0.018223836316722117,,,,,
4d4b803c99fe896d0f08aba5dcc86a8f319c18a5,2026-06-22 17:55:05,iron/operators/layer_norm/test.py::test_layer_norm,input_length_4096-num_aie_columns_2-num_channels_2-tile_size_1024,5/5,874.5999999999999,542.4,314.9,2438.1,881.9241690757772,0.0303336926,0.03020705,0.006719893,0.05203549,0.01650658678926442,,,,,
4d4b803c99fe896d0f08aba5dcc86a8f319c18a5,2026-06-22 17:55:05,iron/operators/layer_norm/test.py::test_layer_norm,input_length_4096-num_aie_columns_4-num_channels_1-tile_size_1024,5/5,794.1600000000001,513.4,405.5,1987.4,671.9087311532721,0.0287590816,0.03191491,0.008244078,0.04040115,0.012604187122042927,,,,,
4d4b803c99fe896d0f08aba5dcc86a8f319c18a5,2026-06-22 17:55:05,iron/operators/layer_norm/test.py::test_layer_norm,input_length_4096-num_aie_columns_4-num_channels_2-tile_size_512,5/5,545.2,546.4,463.0,637.4,65.06719603609794,0.030394327999999998,0.02998272,0.0257033,0.03539035,0.003614687687680639,,,,,
4d4b803c99fe896d0f08aba5dcc86a8f319c18a5,2026-06-22 17:55:05,iron/operators/layer_norm/test.py::test_layer_norm,input_length_8192-num_aie_columns_1-num_channels_1-tile_size_8192,5/5,510.68,558.5,242.6,656.4,159.89151634780376,0.072816988,0.05867354,0.04992124,0.1350612,0.03523385312464093,,,,,
4d4b803c99fe896d0f08aba5dcc86a8f319c18a5,2026-06-22 17:55:05,iron/operators/layer_norm/test.py::test_layer_norm,input_length_8192-num_aie_columns_1-num_channels_2-tile_size_4096,5/5,477.5,506.2,250.0,694.2,165.78437803363744,0.077243176,0.06473305,0.04719941,0.1310825,0.03263607335783948,,,,,
4d4b803c99fe896d0f08aba5dcc86a8f319c18a5,2026-06-22 17:55:05,iron/operators/layer_norm/test.py::test_layer_norm,input_length_8192-num_aie_columns_2-num_channels_1-tile_size_4096,5/5,731.52,463.7,219.2,2059.8,751.4176382012869,0.0765414,0.0706615,0.01590808,0.1494604,0.048216868477434324,,,,,
4d4b803c99fe896d0f08aba5dcc86a8f319c18a5,2026-06-22 17:55:05,iron/operators/layer_norm/test.py::test_layer_norm,input_length_8192-num_aie_columns_2-num_channels_2-tile_size_2048,5/5,471.92,496.6,371.5,508.5,57.329329317549146,0.07041489,0.06598549,0.06444621,0.08820505,0.01006799543730528,,,,,
4d4b803c99fe896d0f08aba5dcc86a8f319c18a5,2026-06-22 17:55:05,iron/operators/layer_norm/test.py::test_layer_norm,input_length_8192-num_aie_columns_4-num_channels_1-tile_size_2048,5/5,659.4599999999999,292.2,244.1,1964.6,738.6688046750045,0.089641942,0.1121577,0.01667927,0.1342351,0.049343860266505495,,,,,
4d4b803c99fe896d0f08aba5dcc86a8f319c18a5,2026-06-22 17:55:05,iron/operators/layer_norm/test.py::test_layer_norm,input_length_8192-num_aie_columns_4-num_channels_2-tile_size_1024,5/5,429.96000000000004,394.6,304.3,564.7,113.37831803303489,0.080579156,0.08303853,0.05802296,0.1077002,0.020947432750488302,,,,,
4d4b803c99fe896d0f08aba5dcc86a8f319c18a5,2026-06-22 17:55:05,iron/operators/mem_copy/test.py::test_mem_copy,input_length_1024-num_cores_1-num_channels_1-bypass_False-tile_size_1024,5/5,412.52,470.3,277.2,518.4,106.0808983747781,0.0105486812,0.008709446,0.007900701,0.01477735,0.0030314579650570286,,,,,
4d4b803c99fe896d0f08aba5dcc86a8f319c18a5,2026-06-22 17:55:05,iron/operators/mem_copy/test.py::test_mem_copy,input_length_1024-num_cores_1-num_channels_1-bypass_True-tile_size_1024,5/5,267.86,268.9,196.4,378.9,73.82223919659982,0.016195504,0.01523152,0.01081073,0.02085869,0.004178849530334874,,,,,
4d4b803c99fe896d0f08aba5dcc86a8f319c18a5,2026-06-22 17:55:05,iron/operators/mem_copy/test.py::test_mem_copy,input_length_1024-num_cores_2-num_channels_1-bypass_False-tile_size_512,5/5,360.26,421.5,220.4,465.4,116.06684711837397,0.012550278,0.009718528,0.008801126,0.01858321,0.004603992202840269,,,,,
4d4b803c99fe896d0f08aba5dcc86a8f319c18a5,2026-06-22 17:55:05,iron/operators/mem_copy/test.py::test_mem_copy,input_length_1024-num_cores_2-num_channels_1-bypass_True-tile_size_512,5/5,299.32,248.7,186.7,505.6,126.1384437830117,0.0153948898,0.01647176,0.008100609,0.02193882,0.005292426055335133,,,,,
4d4b803c99fe896d0f08aba5dcc86a8f319c18a5,2026-06-22 17:55:05,iron/operators/mem_copy/test.py::test_mem_copy,input_length_1024-num_cores_2-num_channels_2-bypass_False-tile_size_512,5/5,369.34,292.9,229.9,638.3,161.5880657721974,0.012534843,0.01398239,0.006417045,0.01781629,0.004315291205917626,,,,,
4d4b803c99fe896d0f08aba5dcc86a8f319c18a5,2026-06-22 17:55:05,iron/operators/mem_copy/test.py::test_mem_copy,input_length_1024-num_cores_2-num_channels_2-bypass_True-tile_size_512,5/5,333.78,321.5,250.1,435.8,81.91640250889928,0.0128748596,0.01273893,0.009398828,0.01637548,0.003102934148226611,,,,,
4d4b803c99fe896d0f08aba5dcc86a8f319c18a5,2026-06-22 17:55:05,iron/operators/mem_copy/test.py::test_mem_copy,input_length_1024-num_cores_4-num_channels_1-bypass_False-tile_size_256,5/5,401.64,363.2,275.3,551.9,126.33421151849564,0.0110282824,0.01127868,0.007421527,0.01487896,0.00333530360091496,,,,,
4d4b803c99fe896d0f08aba5dcc86a8f319c18a5,2026-06-22 17:55:05,iron/operators/mem_copy/test.py::test_mem_copy,input_length_1024-num_cores_4-num_channels_1-bypass_True-tile_size_256,5/5,513.02,622.1,307.4,631.5,159.01844861524717,0.008768244599999999,0.006583738,0.006485764,0.01332431,0.0031863862345184713,,,,,
4d4b803c99fe896d0f08aba5dcc86a8f319c18a5,2026-06-22 17:55:05,iron/operators/mem_copy/test.py::test_mem_copy,input_length_1024-num_cores_4-num_channels_2-bypass_False-tile_size_256,5/5,1016.54,791.9,678.6,1842.0,489.9704205357707,0.0046365916,0.005172253,0.00222363,0.00603609,0.001627826930892317,,,,,
4d4b803c99fe896d0f08aba5dcc86a8f319c18a5,2026-06-22 17:55:05,iron/operators/mem_copy/test.py::test_mem_copy,input_length_1024-num_cores_4-num_channels_2-bypass_True-tile_size_256,5/5,402.04,345.8,274.7,617.8,144.8076413729607,0.0111863318,0.01184637,0.006629537,0.01490935,0.003534032500338558,,,,,
4d4b803c99fe896d0f08aba5dcc86a8f319c18a5,2026-06-22 17:55:05,iron/operators/mem_copy/test.py::test_mem_copy,input_length_1024-num_cores_8-num_channels_2-bypass_False-tile_size_128,5/5,711.94,341.6,278.6,2041.7,752.523975033354,0.009721569,0.01199232,0.002006172,0.01470029,0.005150439537239225,,,,,
4d4b803c99fe896d0f08aba5dcc86a8f319c18a5,2026-06-22 17:55:05,iron/operators/mem_copy/test.py::test_mem_copy,input_length_1024-num_cores_8-num_channels_2-bypass_True-tile_size_128,5/5,423.06,450.6,277.4,651.7,155.2251364953499,0.0107626046,0.009089356,0.00628485,0.01476557,0.003800129198166136,,,,,
4d4b803c99fe896d0f08aba5dcc86a8f319c18a5,2026-06-22 17:55:05,iron/operators/mem_copy/test.py::test_mem_copy,input_length_2048-num_cores_1-num_channels_1-bypass_False-tile_size_2048,5/5,303.92,238.3,215.8,557.7,144.97534962882486,0.030575980000000003,0.0343829,0.01468948,0.03795844,0.00969541232875632,,,,,
4d4b803c99fe896d0f08aba5dcc86a8f319c18a5,2026-06-22 17:55:05,iron/operators/mem_copy/test.py::test_mem_copy,input_length_2048-num_cores_1-num_channels_1-bypass_True-tile_size_2048,5/5,353.82,360.2,231.4,509.9,102.18750902140631,0.024728612,0.02273995,0.01606467,0.0354071,0.00710103859888608,,,,,
4d4b803c99fe896d0f08aba5dcc86a8f319c18a5,2026-06-22 17:55:05,iron/operators/mem_copy/test.py::test_mem_copy,input_length_2048-num_cores_2-num_channels_1-bypass_False-tile_size_1024,5/5,360.94,286.0,231.4,568.3,155.44205672854434,0.026059926,0.02864656,0.01441523,0.03540114,0.009899263935181242,,,,,
4d4b803c99fe896d0f08aba5dcc86a8f319c18a5,2026-06-22 17:55:05,iron/operators/mem_copy/test.py::test_mem_copy,input_length_2048-num_cores_2-num_channels_1-bypass_True-tile_size_1024,5/5,323.96,266.0,244.7,559.3,132.352910810454,0.027722132,0.03079583,0.01464578,0.03348046,0.00750496053499084,,,,,
4d4b803c99fe896d0f08aba5dcc86a8f319c18a5,2026-06-22 17:55:05,iron/operators/mem_copy/test.py::test_mem_copy,input_length_2048-num_cores_2-num_channels_2-bypass_False-tile_size_1024,5/5,283.8,264.9,210.4,417.5,78.65519690395543,0.030372876,0.03092278,0.01962226,0.03892685,0.0069678753101810025,,,,,
4d4b803c99fe896d0f08aba5dcc86a8f319c18a5,2026-06-22 17:55:05,iron/operators/mem_copy/test.py::test_mem_copy,input_length_2048-num_cores_2-num_channels_2-bypass_True-tile_size_1024,5/5,248.74,233.8,229.2,283.1,24.924947341970462,0.033187742,0.03503415,0.02893248,0.03574015,0.0031791342660494842,,,,,
4d4b803c99fe896d0f08aba5dcc86a8f319c18a5,2026-06-22 17:55:05,iron/operators/mem_copy/test.py::test_mem_copy,input_length_2048-num_cores_4-num_channels_1-bypass_False-tile_size_512,5/5,425.34,489.1,255.6,569.8,146.36091691431835,0.021547158,0.01674982,0.0143772,0.03205372,0.008362323776553979,,,,,
4d4b803c99fe896d0f08aba5dcc86a8f319c18a5,2026-06-22 17:55:05,iron/operators/mem_copy/test.py::test_mem_copy,input_length_2048-num_cores_4-num_channels_1-bypass_True-tile_size_512,5/5,364.74,312.0,246.3,572.9,141.81474888036152,0.025070501999999998,0.02625582,0.01429801,0.03325715,0.008575873111040647,,,,,
4d4b803c99fe896d0f08aba5dcc86a8f319c18a5,2026-06-22 17:55:05,iron/operators/mem_copy/test.py::test_mem_copy,input_length_2048-num_cores_4-num_channels_2-bypass_False-tile_size_512,5/5,371.96000000000004,294.8,244.4,531.7,131.62193206301146,0.024238726,0.02779267,0.01540834,0.03352033,0.007906919723117847,,,,,
4d4b803c99fe896d0f08aba5dcc86a8f319c18a5,2026-06-22 17:55:05,iron/operators/mem_copy/test.py::test_mem_copy,input_length_2048-num_cores_4-num_channels_2-bypass_True-tile_size_512,5/5,324.38,249.1,245.3,517.7,118.97359791146944,0.02756436,0.03289194,0.01582527,0.03339829,0.007987776504913618,,,,,
4d4b803c99fe896d0f08aba5dcc86a8f319c18a5,2026-06-22 17:55:05,iron/operators/mem_copy/test.py::test_mem_copy,input_length_2048-num_cores_8-num_channels_2-bypass_False-tile_size_256,5/5,470.12,559.2,305.7,588.9,144.80453031587098,0.01905116,0.01464895,0.01390957,0.02679708,0.006604534932654229,,,,,
4d4b803c99fe896d0f08aba5dcc86a8f319c18a5,2026-06-22 17:55:05,iron/operators/mem_copy/test.py::test_mem_copy,input_length_2048-num_cores_8-num_channels_2-bypass_True-tile_size_256,5/5,392.21999999999997,332.4,264.5,537.3,134.27869153369048,0.022869636,0.02464464,0.0152466,0.03097668,0.0073015240356400935,,,,,
4d4b803c99fe896d0f08aba5dcc86a8f319c18a5,2026-06-22 17:55:05,iron/operators/mem_copy/test.py::test_mem_copy,input_length_4096-num_cores_1-num_channels_1-bypass_False-tile_size_4096,5/5,314.68,286.2,235.7,479.2,100.59491537846235,0.05577115,0.05724908,0.03418882,0.06951091,0.014815327523726904,,,,,
4d4b803c99fe896d0f08aba5dcc86a8f319c18a5,2026-06-22 17:55:05,iron/operators/mem_copy/test.py::test_mem_copy,input_length_4096-num_cores_1-num_channels_1-bypass_True-tile_size_4096,5/5,326.14,330.8,293.4,358.5,24.453793161798036,0.050462256,0.04952363,0.04569593,0.05583386,0.0038221554849757213,,,,,
4d4b803c99fe896d0f08aba5dcc86a8f319c18a5,2026-06-22 17:55:05,iron/operators/mem_copy/test.py::test_mem_copy,input_length_4096-num_cores_2-num_channels_1-bypass_False-tile_size_2048,5/5,363.96,303.2,228.5,520.4,130.5518402781056,0.049817956,0.05402981,0.03148481,0.07169613,0.017040556122315375,,,,,
4d4b803c99fe896d0f08aba5dcc86a8f319c18a5,2026-06-22 17:55:05,iron/operators/mem_copy/test.py::test_mem_copy,input_length_4096-num_cores_2-num_channels_1-bypass_True-tile_size_2048,5/5,304.36,270.6,190.0,503.0,117.47639337330713,0.059386106,0.06054044,0.03257541,0.08622795,0.019055552898305784,,,,,
4d4b803c99fe896d0f08aba5dcc86a8f319c18a5,2026-06-22 17:55:05,iron/operators/mem_copy/test.py::test_mem_copy,input_length_4096-num_cores_2-num_channels_2-bypass_False-tile_size_2048,5/5,385.36,417.6,238.4,501.7,114.6424572311672,0.046164854,0.03923137,0.03265482,0.06872829,0.015552663893376272,,,,,
4d4b803c99fe896d0f08aba5dcc86a8f319c18a5,2026-06-22 17:55:05,iron/operators/mem_copy/test.py::test_mem_copy,input_length_4096-num_cores_2-num_channels_2-bypass_True-tile_size_2048,5/5,758.14,520.3,275.6,1952.7,677.6543093642953,0.0326323864,0.03148965,0.008390382,0.05944891,0.018298467512803493,,,,,
4d4b803c99fe896d0f08aba5dcc86a8f319c18a5,2026-06-22 17:55:05,iron/operators/mem_copy/test.py::test_mem_copy,input_length_4096-num_cores_4-num_channels_1-bypass_False-tile_size_1024,5/5,439.34,449.9,291.7,542.6,98.45330365203598,0.03911653,0.03641892,0.03019703,0.05615998,0.010342911140614619,,,,,
4d4b803c99fe896d0f08aba5dcc86a8f319c18a5,2026-06-22 17:55:05,iron/operators/mem_copy/test.py::test_mem_copy,input_length_4096-num_cores_4-num_channels_1-bypass_True-tile_size_1024,5/5,740.6800000000001,498.9,305.6,1919.4,664.0706641615785,0.0324039586,0.03283906,0.008536143,0.05360643,0.016016310947477724,,,,,
4d4b803c99fe896d0f08aba5dcc86a8f319c18a5,2026-06-22 17:55:05,iron/operators/mem_copy/test.py::test_mem_copy,input_length_4096-num_cores_4-num_channels_2-bypass_False-tile_size_1024,5/5,479.14,507.8,284.5,591.5,120.45963224250686,0.036599316,0.03226308,0.02769991,0.05758976,0.012152490675903849,,,,,
4d4b803c99fe896d0f08aba5dcc86a8f319c18a5,2026-06-22 17:55:05,iron/operators/mem_copy/test.py::test_mem_copy,input_length_4096-num_cores_4-num_channels_2-bypass_True-tile_size_1024,5/5,458.24,478.9,233.5,603.6,137.0587939535439,0.039782194,0.03421174,0.02714583,0.07015831,0.017276672637739885,,,,,
4d4b803c99fe896d0f08aba5dcc86a8f319c18a5,2026-06-22 17:55:05,iron/operators/mem_copy/test.py::test_mem_copy,input_length_4096-num_cores_8-num_channels_2-bypass_False-tile_size_512,5/5,484.76,554.8,313.2,611.6,129.68518805168154,0.036141554,0.0295312,0.02678744,0.05231012,0.011056222905381385,,,,,
4d4b803c99fe896d0f08aba5dcc86a8f319c18a5,2026-06-22 17:55:05,iron/operators/mem_copy/test.py::test_mem_copy,input_length_4096-num_cores_8-num_channels_2-bypass_True-tile_size_512,5/5,346.32,320.4,291.0,430.1,63.058679022003,0.04852076,0.05114039,0.03809621,0.05629718,0.00833828535705333,,,,,
4d4b803c99fe896d0f08aba5dcc86a8f319c18a5,2026-06-22 17:55:05,iron/operators/mem_copy/test.py::test_mem_copy,input_length_8192-num_cores_1-num_channels_1-bypass_False-tile_size_8192,5/5,376.96,325.2,254.1,514.9,119.86850295219341,0.094086472,0.1007592,0.06363485,0.1289327,0.02850779280061278,,,,,
4d4b803c99fe896d0f08aba5dcc86a8f319c18a5,2026-06-22 17:55:05,iron/operators/mem_copy/test.py::test_mem_copy,input_length_8192-num_cores_1-num_channels_1-bypass_True-tile_size_8192,5/5,447.3,452.8,291.7,594.0,108.17573665106238,0.07723872400000001,0.07236238,0.05516898,0.11232,0.021226370724018746,,,,,
4d4b803c99fe896d0f08aba5dcc86a8f319c18a5,2026-06-22 17:55:05,iron/operators/mem_copy/test.py::test_mem_copy,input_length_8192-num_cores_2-num_channels_1-bypass_False-tile_size_4096,5/5,406.46,358.3,241.7,587.8,158.35398005733862,0.091235814,0.09145052,0.05574628,0.1355646,0.0348033799665159,,,,,
4d4b803c99fe896d0f08aba5dcc86a8f319c18a5,2026-06-22 17:55:05,iron/operators/mem_copy/test.py::test_mem_copy,input_length_8192-num_cores_2-num_channels_1-bypass_True-tile_size_4096,5/5,378.84000000000003,295.4,213.4,574.2,164.628165876924,0.100414282,0.1109328,0.05706722,0.1535801,0.04101759375478674,,,,,
4d4b803c99fe896d0f08aba5dcc86a8f319c18a5,2026-06-22 17:55:05,iron/operators/mem_copy/test.py::test_mem_copy,input_length_8192-num_cores_2-num_channels_2-bypass_False-tile_size_4096,5/5,388.71999999999997,301.4,250.3,595.0,159.537666398879,0.095558314,0.1087096,0.05506773,0.1309254,0.034636901786842596,,,,,
4d4b803c99fe896d0f08aba5dcc86a8f319c18a5,2026-06-22 17:55:05,iron/operators/mem_copy/test.py::test_mem_copy,input_length_8192-num_cores_2-num_channels_2-bypass_True-tile_size_4096,5/5,314.12,285.5,222.4,461.2,101.59909940545732,0.112775412,0.1147797,0.07104682,0.1473328,0.03329216585587847,,,,,
4d4b803c99fe896d0f08aba5dcc86a8f319c18a5,2026-06-22 17:55:05,iron/operators/mem_copy/test.py::test_mem_copy,input_length_8192-num_cores_4-num_channels_1-bypass_False-tile_size_2048,5/5,409.68,317.4,230.2,601.1,175.95805466076283,0.09263893000000001,0.10323,0.05451702,0.1423192,0.03775409528015074,,,,,
4d4b803c99fe896d0f08aba5dcc86a8f319c18a5,2026-06-22 17:55:05,iron/operators/mem_copy/test.py::test_mem_copy,input_length_8192-num_cores_4-num_channels_1-bypass_True-tile_size_2048,5/5,447.2,469.4,285.4,565.0,105.7885390767828,0.07740597,0.06980485,0.05800026,0.1147998,0.022278815724428663,,,,,
4d4b803c99fe896d0f08aba5dcc86a8f319c18a5,2026-06-22 17:55:05,iron/operators/mem_copy/test.py::test_mem_copy,input_length_8192-num_cores_4-num_channels_2-bypass_False-tile_size_2048,5/5,354.9,257.0,232.5,551.9,155.7289793198427,0.106392474,0.1275253,0.05937437,0.1409334,0.040233395564858554,,,,,
4d4b803c99fe896d0f08aba5dcc86a8f319c18a5,2026-06-22 17:55:05,iron/operators/mem_copy/test.py::test_mem_copy,input_length_8192-num_cores_4-num_channels_2-bypass_True-tile_size_2048,5/5,397.48,399.5,233.3,539.7,110.52005247917684,0.088951034,0.08203054,0.06071465,0.1404375,0.030361466541085097,,,,,
4d4b803c99fe896d0f08aba5dcc86a8f319c18a5,2026-06-22 17:55:05,iron/operators/mem_copy/test.py::test_mem_copy,input_length_8192-num_cores_8-num_channels_2-bypass_False-tile_size_1024,5/5,379.4,370.4,246.9,568.0,121.03154547472325,0.093241366,0.08846724,0.05768527,0.1327365,0.028033283123312193,,,,,
4d4b803c99fe896d0f08aba5dcc86a8f319c18a5,2026-06-22 17:55:05,iron/operators/mem_copy/test.py::test_mem_copy,input_length_8192-num_cores_8-num_channels_2-bypass_True-tile_size_1024,5/5,369.62,314.8,256.7,532.9,114.80699891557134,0.09526576,0.1041074,0.06148615,0.1276748,0.02702617826232096,,,,,
4d4b803c99fe896d0f08aba5dcc86a8f319c18a5,2026-06-22 17:55:05,iron/operators/relu/test.py::test_relu,input_length_1024-num_aie_columns_1-num_channels_1-tile_size_1024,5/5,356.46,360.3,230.6,498.5,120.2522889595038,0.0126661464,0.01136837,0.008216353,0.0177629,0.00441736128237337,,,,,
4d4b803c99fe896d0f08aba5dcc86a8f319c18a5,2026-06-22 17:55:05,iron/operators/relu/test.py::test_relu,input_length_1024-num_aie_columns_1-num_channels_2-tile_size_512,5/5,477.0,414.0,196.0,1085.0,362.5816873478306,0.0125762236,0.009894007,0.003775147,0.02090137,0.007476792946633757,,,,,
4d4b803c99fe896d0f08aba5dcc86a8f319c18a5,2026-06-22 17:55:05,iron/operators/relu/test.py::test_relu,input_length_1024-num_aie_columns_2-num_channels_1-tile_size_512,5/5,435.52,485.3,227.7,685.6,195.03109239298232,0.011320683599999999,0.008440627,0.005974251,0.01799103,0.005497183192931294,,,,,
4d4b803c99fe896d0f08aba5dcc86a8f319c18a5,2026-06-22 17:55:05,iron/operators/relu/test.py::test_relu,input_length_1024-num_aie_columns_2-num_channels_2-tile_size_256,5/5,465.21999999999997,471.2,234.7,584.1,141.57502251456646,0.0098382204,0.008693511,0.00701251,0.01745422,0.004349954474353186,,,,,
4d4b803c99fe896d0f08aba5dcc86a8f319c18a5,2026-06-22 17:55:05,iron/operators/relu/test.py::test_relu,input_length_1024-num_aie_columns_4-num_channels_1-tile_size_256,5/5,356.64,311.3,227.1,585.8,146.69331273101713,0.0129328674,0.01315582,0.006992613,0.01803555,0.004554120670621037,,,,,
4d4b803c99fe896d0f08aba5dcc86a8f319c18a5,2026-06-22 17:55:05,iron/operators/relu/test.py::test_relu,input_length_1024-num_aie_columns_4-num_channels_2-tile_size_128,5/5,452.32,479.8,322.5,529.5,80.9222589897242,0.0093377318,0.008537389,0.007734928,0.01270168,0.0019890397351095576,,,,,
4d4b803c99fe896d0f08aba5dcc86a8f319c18a5,2026-06-22 17:55:05,iron/operators/relu/test.py::test_relu,input_length_2048-num_aie_columns_1-num_channels_1-tile_size_2048,5/5,409.34,400.8,267.8,581.8,141.71520031386893,0.022121118000000002,0.02043892,0.01408083,0.03059525,0.007726324796989186,,,,,
4d4b803c99fe896d0f08aba5dcc86a8f319c18a5,2026-06-22 17:55:05,iron/operators/relu/test.py::test_relu,input_length_2048-num_aie_columns_1-num_channels_2-tile_size_1024,5/5,442.84,440.2,247.5,579.6,137.6580655101618,0.020363384,0.01860812,0.01413437,0.03310367,0.007747795448882863,,,,,
4d4b803c99fe896d0f08aba5dcc86a8f319c18a5,2026-06-22 17:55:05,iron/operators/relu/test.py::test_relu,input_length_2048-num_aie_columns_2-num_channels_1-tile_size_1024,5/5,454.48,395.9,258.6,676.5,170.0001088234946,0.020256124,0.02069288,0.01211025,0.03167876,0.007754743440567844,,,,,
4d4b803c99fe896d0f08aba5dcc86a8f319c18a5,2026-06-22 17:55:05,iron/operators/relu/test.py::test_relu,input_length_2048-num_aie_columns_2-num_channels_2-tile_size_512,5/5,459.22,506.9,303.1,597.7,131.54425871165947,0.019209900000000002,0.0161612,0.01370601,0.02702382,0.0060305217404259485,,,,,
4d4b803c99fe896d0f08aba5dcc86a8f319c18a5,2026-06-22 17:55:05,iron/operators/relu/test.py::test_relu,input_length_2048-num_aie_columns_4-num_channels_1-tile_size_512,5/5,460.74,524.9,273.1,594.3,136.11169310533168,0.019371956,0.01560568,0.01378435,0.02999151,0.006847705987104732,,,,,
4d4b803c99fe896d0f08aba5dcc86a8f319c18a5,2026-06-22 17:55:05,iron/operators/relu/test.py::test_relu,input_length_2048-num_aie_columns_4-num_channels_2-tile_size_256,5/5,583.46,475.4,349.9,1097.0,294.0339827298879,0.0162236966,0.01723238,0.007467823,0.02341388,0.005717154113951084,,,,,
4d4b803c99fe896d0f08aba5dcc86a8f319c18a5,2026-06-22 17:55:05,iron/operators/relu/test.py::test_relu,input_length_4096-num_aie_columns_1-num_channels_1-tile_size_4096,5/5,421.58,480.7,267.7,551.6,136.19954845740128,0.042831702,0.03408193,0.02970069,0.06119301,0.015425638558241923,,,,,
4d4b803c99fe896d0f08aba5dcc86a8f319c18a5,2026-06-22 17:55:05,iron/operators/relu/test.py::test_relu,input_length_4096-num_aie_columns_1-num_channels_2-tile_size_2048,5/5,416.24,369.3,258.6,619.6,154.8047253800736,0.043901884,0.04436814,0.02644351,0.06335752,0.01560514094662493,,,,,
4d4b803c99fe896d0f08aba5dcc86a8f319c18a5,2026-06-22 17:55:05,iron/operators/relu/test.py::test_relu,input_length_4096-num_aie_columns_2-num_channels_1-tile_size_2048,5/5,452.36,509.0,189.6,581.3,153.0897873798249,0.04275665,0.03219076,0.02818641,0.0863971,0.024537954390684243,,,,,
4d4b803c99fe896d0f08aba5dcc86a8f319c18a5,2026-06-22 17:55:05,iron/operators/relu/test.py::test_relu,input_length_4096-num_aie_columns_2-num_channels_2-tile_size_1024,5/5,854.8199999999999,529.1,336.9,2463.7,906.9976995560683,0.0323100022,0.03096667,0.006650101,0.04863554,0.017363624163719945,,,,,
4d4b803c99fe896d0f08aba5dcc86a8f319c18a5,2026-06-22 17:55:05,iron/operators/relu/test.py::test_relu,input_length_4096-num_aie_columns_4-num_channels_1-tile_size_1024,5/5,415.86,423.0,272.5,564.1,129.68250845815714,0.04283443,0.03873607,0.02904496,0.0601219,0.013952009587469828,,,,,
4d4b803c99fe896d0f08aba5dcc86a8f319c18a5,2026-06-22 17:55:05,iron/operators/relu/test.py::test_relu,input_length_4096-num_aie_columns_4-num_channels_2-tile_size_512,5/5,491.02,475.0,285.3,705.5,150.38266854927133,0.036326782,0.03449379,0.02322437,0.05741781,0.01271988634511999,,,,,
4d4b803c99fe896d0f08aba5dcc86a8f319c18a5,2026-06-22 17:55:05,iron/operators/relu/test.py::test_relu,input_length_8192-num_aie_columns_1-num_channels_2-tile_size_4096,5/5,398.1,425.9,230.8,580.6,140.32440985088803,0.091926272,0.07694529,0.05643409,0.1419856,0.03512225100809556,,,,,
4d4b803c99fe896d0f08aba5dcc86a8f319c18a5,2026-06-22 17:55:05,iron/operators/relu/test.py::test_relu,input_length_8192-num_aie_columns_2-num_channels_1-tile_size_4096,5/5,535.14,511.0,339.7,806.6,170.65678421908694,0.066113504,0.06412135,0.04062605,0.09644767,0.020131476321429583,,,,,
4d4b803c99fe896d0f08aba5dcc86a8f319c18a5,2026-06-22 17:55:05,iron/operators/relu/test.py::test_relu,input_length_8192-num_aie_columns_2-num_channels_2-tile_size_2048,5/5,417.1,463.6,249.2,515.4,109.666950354243,0.084385904,0.07067522,0.06357423,0.131478,0.02818406762460008,,,,,
4d4b803c99fe896d0f08aba5dcc86a8f319c18a5,2026-06-22 17:55:05,iron/operators/relu/test.py::test_relu,input_length_8192-num_aie_columns_4-num_channels_1-tile_size_2048,5/5,793.74,537.9,281.3,1875.8,636.3941490931544,0.061557076,0.06091714,0.01746856,0.1164968,0.03734681812975946,,,,,
4d4b803c99fe896d0f08aba5dcc86a8f319c18a5,2026-06-22 17:55:05,iron/operators/relu/test.py::test_relu,input_length_8192-num_aie_columns_4-num_channels_2-tile_size_1024,5/5,472.02,492.8,281.2,611.5,119.3589209066503,0.07423363,0.0664873,0.05359065,0.116542,0.024378153073335976,,,,,
4d4b803c99fe896d0f08aba5dcc86a8f319c18a5,2026-06-22 17:55:05,iron/operators/rms_norm/test.py::test_rms_norm,input_length_1024-num_aie_columns_1-num_channels_1-tile_size_1024-weighted_False,5/5,336.3,276.6,190.3,513.0,148.89590323444094,0.014236845199999999,0.01480946,0.007983705,0.02152527,0.005937611995220611,,,,,
4d4b803c99fe896d0f08aba5dcc86a8f319c18a5,2026-06-22 17:55:05,iron/operators/rms_norm/test.py::test_rms_norm,input_length_1024-num_aie_columns_1-num_channels_1-tile_size_1024-weighted_True,5/5,326.48,278.0,227.3,462.1,103.65417020072083,0.020313944,0.02210366,0.01329672,0.02703428,0.005945741294328236,,,,,
4d4b803c99fe896d0f08aba5dcc86a8f319c18a5,2026-06-22 17:55:05,iron/operators/rms_norm/test.py::test_rms_norm,input_length_1024-num_aie_columns_1-num_channels_2-tile_size_512-weighted_False,5/5,397.53999999999996,480.6,170.2,526.3,158.4414970896198,0.012451153,0.008522449,0.007782648,0.02406298,0.006981147125071281,,,,,
4d4b803c99fe896d0f08aba5dcc86a8f319c18a5,2026-06-22 17:55:05,iron/operators/rms_norm/test.py::test_rms_norm,input_length_1024-num_aie_columns_1-num_channels_2-tile_size_512-weighted_True,5/5,449.84000000000003,469.9,211.7,600.2,163.4615337013574,0.0131948618,0.01089561,0.008529808,0.02418997,0.006506818609674563,,,,,
4d4b803c99fe896d0f08aba5dcc86a8f319c18a5,2026-06-22 17:55:05,iron/operators/rms_norm/test.py::test_rms_norm,input_length_1024-num_aie_columns_2-num_channels_1-tile_size_512-weighted_False,5/5,655.66,291.1,241.0,1918.8,716.7534569152771,0.0110884608,0.01407139,0.002134649,0.01699775,0.006145638422630369,,,,,
4d4b803c99fe896d0f08aba5dcc86a8f319c18a5,2026-06-22 17:55:05,iron/operators/rms_norm/test.py::test_rms_norm,input_length_1024-num_aie_columns_2-num_channels_1-tile_size_512-weighted_True,5/5,381.44,321.7,227.4,621.4,160.96078093746937,0.0152998572,0.01591322,0.008240016,0.02251955,0.005762615651971698,,,,,
4d4b803c99fe896d0f08aba5dcc86a8f319c18a5,2026-06-22 17:55:05,iron/operators/rms_norm/test.py::test_rms_norm,input_length_1024-num_aie_columns_2-num_channels_2-tile_size_256-weighted_False,5/5,459.15999999999997,472.4,189.3,630.8,168.3412100467381,0.010675231,0.008669902,0.006493486,0.02164276,0.006229160417201102,,,,,
4d4b803c99fe896d0f08aba5dcc86a8f319c18a5,2026-06-22 17:55:05,iron/operators/rms_norm/test.py::test_rms_norm,input_length_1024-num_aie_columns_2-num_channels_2-tile_size_256-weighted_True,5/5,471.24,484.6,314.4,559.0,95.42768466226141,0.0101922622,0.009509639,0.008242834,0.01465458,0.0025826679436976993,,,,,
4d4b803c99fe896d0f08aba5dcc86a8f319c18a5,2026-06-22 17:55:05,iron/operators/rms_norm/test.py::test_rms_norm,input_length_1024-num_aie_columns_4-num_channels_1-tile_size_256-weighted_False,5/5,646.26,576.3,389.5,1124.1,284.077573912479,0.0071793942,0.007107619,0.003643794,0.01051572,0.002533922839088771,,,,,
4d4b803c99fe896d0f08aba5dcc86a8f319c18a5,2026-06-22 17:55:05,iron/operators/rms_norm/test.py::test_rms_norm,input_length_1024-num_aie_columns_4-num_channels_1-tile_size_256-weighted_True,5/5,510.26,566.8,268.5,615.5,140.05389319829706,0.0099199334,0.008129206,0.007486633,0.01716361,0.0040850607369284355,,,,,
4d4b803c99fe896d0f08aba5dcc86a8f319c18a5,2026-06-22 17:55:05,iron/operators/rms_norm/test.py::test_rms_norm,input_length_1024-num_aie_columns_4-num_channels_2-tile_size_128-weighted_False,5/5,457.18,519.9,274.2,659.2,160.9502314381685,0.0100093984,0.007879075,0.006213686,0.01494045,0.0038011070337031156,,,,,
4d4b803c99fe896d0f08aba5dcc86a8f319c18a5,2026-06-22 17:55:05,iron/operators/rms_norm/test.py::test_rms_norm,input_length_2048-num_aie_columns_1-num_channels_1-tile_size_2048-weighted_False,5/5,399.71999999999997,404.3,229.1,557.8,120.47863711048527,0.022358556,0.02026318,0.01468735,0.0357634,0.008057063141997214,,,,,
4d4b803c99fe896d0f08aba5dcc86a8f319c18a5,2026-06-22 17:55:05,iron/operators/rms_norm/test.py::test_rms_norm,input_length_2048-num_aie_columns_1-num_channels_1-tile_size_2048-weighted_True,5/5,473.96,434.7,240.1,765.1,207.47416224677232,0.03048963,0.02826667,0.01606004,0.05117399,0.01383415394484426,,,,,
4d4b803c99fe896d0f08aba5dcc86a8f319c18a5,2026-06-22 17:55:05,iron/operators/rms_norm/test.py::test_rms_norm,input_length_2048-num_aie_columns_1-num_channels_2-tile_size_1024-weighted_False,5/5,359.09999999999997,268.9,200.5,553.3,162.22069843272158,0.026752194,0.03046758,0.01480544,0.0408605,0.011150478451384048,,,,,
4d4b803c99fe896d0f08aba5dcc86a8f319c18a5,2026-06-22 17:55:05,iron/operators/rms_norm/test.py::test_rms_norm,input_length_2048-num_aie_columns_1-num_channels_2-tile_size_1024-weighted_True,5/5,421.12,500.4,266.2,520.3,122.05292704396729,0.026336268,0.02046236,0.01968103,0.03846587,0.008756141755811747,,,,,
4d4b803c99fe896d0f08aba5dcc86a8f319c18a5,2026-06-22 17:55:05,iron/operators/rms_norm/test.py::test_rms_norm,input_length_2048-num_aie_columns_2-num_channels_1-tile_size_1024-weighted_False,5/5,480.82,534.3,221.9,627.2,157.65584987560723,0.019562402,0.01533121,0.01306104,0.03691786,0.009871143288445365,,,,,
4d4b803c99fe896d0f08aba5dcc86a8f319c18a5,2026-06-22 17:55:05,iron/operators/rms_norm/test.py::test_rms_norm,input_length_2048-num_aie_columns_2-num_channels_1-tile_size_1024-weighted_True,5/5,404.52,368.4,324.4,529.3,82.72150264592634,0.02610449,0.0277995,0.01934499,0.0315611,0.0048824094279771345,,,,,
4d4b803c99fe896d0f08aba5dcc86a8f319c18a5,2026-06-22 17:55:05,iron/operators/rms_norm/test.py::test_rms_norm,input_length_2048-num_aie_columns_2-num_channels_2-tile_size_512-weighted_False,5/5,383.42,338.9,274.2,521.5,102.61333733974351,0.0225793,0.02417111,0.01570763,0.02987317,0.005752427735008933,,,,,
4d4b803c99fe896d0f08aba5dcc86a8f319c18a5,2026-06-22 17:55:05,iron/operators/rms_norm/test.py::test_rms_norm,input_length_2048-num_aie_columns_2-num_channels_2-tile_size_512-weighted_True,5/5,833.5,487.7,355.6,1810.7,611.8368123936317,0.0157761652,0.01889814,0.005089786,0.02591392,0.008616851333757895,,,,,
4d4b803c99fe896d0f08aba5dcc86a8f319c18a5,2026-06-22 17:55:05,iron/operators/rms_norm/test.py::test_rms_norm,input_length_2048-num_aie_columns_4-num_channels_1-tile_size_512-weighted_False,5/5,392.46,328.8,243.6,704.6,191.78990588662376,0.024417731999999998,0.02491568,0.01162654,0.03363056,0.009484766362684954,,,,,
4d4b803c99fe896d0f08aba5dcc86a8f319c18a5,2026-06-22 17:55:05,iron/operators/rms_norm/test.py::test_rms_norm,input_length_2048-num_aie_columns_4-num_channels_1-tile_size_512-weighted_True,5/5,445.06,460.5,334.6,516.9,68.61678366114225,0.021168176,0.02001146,0.01782861,0.02754671,0.0037696450123957284,,,,,
4d4b803c99fe896d0f08aba5dcc86a8f319c18a5,2026-06-22 17:55:05,iron/operators/rms_norm/test.py::test_rms_norm,input_length_2048-num_aie_columns_4-num_channels_2-tile_size_256-weighted_False,5/5,450.40000000000003,479.6,258.0,573.1,120.02772596362894,0.019649164,0.01708083,0.01429524,0.03175009,0.006996949788992344,,,,,
4d4b803c99fe896d0f08aba5dcc86a8f319c18a5,2026-06-22 17:55:05,iron/operators/rms_norm/test.py::test_rms_norm,input_length_4096-num_aie_columns_1-num_channels_1-tile_size_4096-weighted_False,5/5,361.92,325.3,249.7,591.3,134.78991802059974,0.049403758,0.05037186,0.02771022,0.065615,0.014307364665542709,,,,,
4d4b803c99fe896d0f08aba5dcc86a8f319c18a5,2026-06-22 17:55:05,iron/operators/rms_norm/test.py::test_rms_norm,input_length_4096-num_aie_columns_1-num_channels_1-tile_size_4096-weighted_True,5/5,441.78,383.8,297.4,676.0,165.68585334904125,0.061787538,0.06404153,0.03635551,0.08263368,0.0209138440410693,,,,,
4d4b803c99fe896d0f08aba5dcc86a8f319c18a5,2026-06-22 17:55:05,iron/operators/rms_norm/test.py::test_rms_norm,input_length_4096-num_aie_columns_1-num_channels_2-tile_size_2048-weighted_False,5/5,447.28,310.8,253.9,814.3,245.0898345505174,0.045104624,0.05271812,0.02012055,0.06451969,0.019862144498782854,,,,,
4d4b803c99fe896d0f08aba5dcc86a8f319c18a5,2026-06-22 17:55:05,iron/operators/rms_norm/test.py::test_rms_norm,input_length_4096-num_aie_columns_1-num_channels_2-tile_size_2048-weighted_True,5/5,442.82,462.7,272.7,552.6,103.58188548197026,0.049008197999999996,0.04426098,0.03705989,0.07511379,0.014979765661610665,,,,,
4d4b803c99fe896d0f08aba5dcc86a8f319c18a5,2026-06-22 17:55:05,iron/operators/rms_norm/test.py::test_rms_norm,input_length_4096-num_aie_columns_2-num_channels_1-tile_size_2048-weighted_False,5/5,401.0,410.2,283.6,591.7,126.31177696477872,0.04404727,0.03994237,0.02769008,0.05777701,0.012965794131446403,,,,,
4d4b803c99fe896d0f08aba5dcc86a8f319c18a5,2026-06-22 17:55:05,iron/operators/rms_norm/test.py::test_rms_norm,input_length_4096-num_aie_columns_2-num_channels_1-tile_size_2048-weighted_True,5/5,379.18,467.5,230.9,481.9,128.9578497029165,0.060408266,0.04381133,0.04250232,0.08870639,0.02351992384287266,,,,,
4d4b803c99fe896d0f08aba5dcc86a8f319c18a5,2026-06-22 17:55:05,iron/operators/rms_norm/test.py::test_rms_norm,input_length_4096-num_aie_columns_2-num_channels_2-tile_size_1024-weighted_False,5/5,429.02,462.0,207.2,547.9,138.14695798315645,0.04332655,0.03546489,0.02990436,0.07905428,0.020494582621024514,,,,,
4d4b803c99fe896d0f08aba5dcc86a8f319c18a5,2026-06-22 17:55:05,iron/operators/rms_norm/test.py::test_rms_norm,input_length_4096-num_aie_columns_2-num_channels_2-tile_size_1024-weighted_True,5/5,428.26,345.0,279.6,708.2,181.0883983031492,0.04867124,0.05342175,0.02602574,0.06593336,0.017070705425533825,,,,,
4d4b803c99fe896d0f08aba5dcc86a8f319c18a5,2026-06-22 17:55:05,iron/operators/rms_norm/test.py::test_rms_norm,input_length_4096-num_aie_columns_4-num_channels_1-tile_size_1024-weighted_False,5/5,1132.92,761.5,530.6,1895.6,692.0715259277757,0.0194013466,0.0215154,0.008643069,0.03087901,0.010332136680846793,,,,,
4d4b803c99fe896d0f08aba5dcc86a8f319c18a5,2026-06-22 17:55:05,iron/operators/rms_norm/test.py::test_rms_norm,input_length_4096-num_aie_columns_4-num_channels_1-tile_size_1024-weighted_True,5/5,508.4,512.1,294.8,701.8,145.47558214353361,0.0392668,0.03599276,0.02626243,0.06253138,0.013716349082877338,,,,,
4d4b803c99fe896d0f08aba5dcc86a8f319c18a5,2026-06-22 17:55:05,iron/operators/rms_norm/test.py::test_rms_norm,input_length_4096-num_aie_columns_4-num_channels_2-tile_size_512-weighted_False,5/5,428.4,472.7,302.5,544.1,105.36341869928103,0.04033833,0.03466127,0.03011029,0.0541695,0.010700111615223927,,,,,
4d4b803c99fe896d0f08aba5dcc86a8f319c18a5,2026-06-22 17:55:05,iron/operators/rms_norm/test.py::test_rms_norm,input_length_8192-num_aie_columns_1-num_channels_1-tile_size_8192-weighted_False,5/5,334.44,266.2,220.1,550.5,134.2802963952642,0.109077088,0.1230769,0.05952569,0.1489089,0.03555733281813992,,,,,
4d4b803c99fe896d0f08aba5dcc86a8f319c18a5,2026-06-22 17:55:05,iron/operators/rms_norm/test.py::test_rms_norm,input_length_8192-num_aie_columns_1-num_channels_2-tile_size_4096-weighted_False,5/5,280.32,281.1,231.2,325.9,41.54187044416752,0.11900948,0.1165507,0.1005453,0.141746,0.017948077865805018,,,,,
4d4b803c99fe896d0f08aba5dcc86a8f319c18a5,2026-06-22 17:55:05,iron/operators/rms_norm/test.py::test_rms_norm,input_length_8192-num_aie_columns_1-num_channels_2-tile_size_4096-weighted_True,5/5,584.58,563.0,417.6,840.4,157.4285298159136,0.073803524,0.07274807,0.0487416,0.09808077,0.01786752369767786,,,,,
4d4b803c99fe896d0f08aba5dcc86a8f319c18a5,2026-06-22 17:55:05,iron/operators/rms_norm/test.py::test_rms_norm,input_length_8192-num_aie_columns_2-num_channels_1-tile_size_4096-weighted_False,5/5,438.42,412.0,403.6,519.8,48.8776226917799,0.07542093799999999,0.07953128,0.06304485,0.08119151,0.00762797101716898,,,,,
4d4b803c99fe896d0f08aba5dcc86a8f319c18a5,2026-06-22 17:55:05,iron/operators/rms_norm/test.py::test_rms_norm,input_length_8192-num_aie_columns_2-num_channels_1-tile_size_4096-weighted_True,5/5,410.44,377.3,310.2,592.3,118.13150722817345,0.10591451800000001,0.1085726,0.0691573,0.1320639,0.027005935754193376,,,,,
4d4b803c99fe896d0f08aba5dcc86a8f319c18a5,2026-06-22 17:55:05,iron/operators/rms_norm/test.py::test_rms_norm,input_length_8192-num_aie_columns_2-num_channels_2-tile_size_2048-weighted_False,5/5,483.12,468.6,287.6,674.4,154.2748424079571,0.074249672,0.06992133,0.04858636,0.1139554,0.02597027371002027,,,,,
4d4b803c99fe896d0f08aba5dcc86a8f319c18a5,2026-06-22 17:55:05,iron/operators/rms_norm/test.py::test_rms_norm,input_length_8192-num_aie_columns_2-num_channels_2-tile_size_2048-weighted_True,5/5,790.86,520.3,395.0,1970.4,662.3983529568895,0.0642808,0.0708449,0.01870846,0.09331902,0.027614216418352343,,,,,
4d4b803c99fe896d0f08aba5dcc86a8f319c18a5,2026-06-22 17:55:05,iron/operators/rms_norm/test.py::test_rms_norm,input_length_8192-num_aie_columns_4-num_channels_1-tile_size_2048-weighted_False,5/5,388.84000000000003,282.8,196.5,626.1,196.4213404902838,0.103174128,0.1158609,0.0523402,0.1667506,0.04832395379435461,,,,,
4d4b803c99fe896d0f08aba5dcc86a8f319c18a5,2026-06-22 17:55:05,iron/operators/rms_norm/test.py::test_rms_norm,input_length_8192-num_aie_columns_4-num_channels_1-tile_size_2048-weighted_True,5/5,476.47999999999996,526.8,262.7,632.3,157.46219228754566,0.086309478,0.06998373,0.05829784,0.1403525,0.03458796707415918,,,,,
4d4b803c99fe896d0f08aba5dcc86a8f319c18a5,2026-06-22 17:55:05,iron/operators/rms_norm/test.py::test_rms_norm,input_length_8192-num_aie_columns_4-num_channels_2-tile_size_1024-weighted_False,5/5,459.34,517.7,239.2,548.5,128.31306636504328,0.078636278,0.06329376,0.05974318,0.1370014,0.03298246623344318,,,,,
4d4b803c99fe896d0f08aba5dcc86a8f319c18a5,2026-06-22 17:55:05,iron/operators/rope/test.py::test_rope,rows_32-cols_128-angle_rows_16-aie_columns_1-method_type_0,5/5,373.34000000000003,341.8,243.2,526.6,115.26542413056919,0.05922983,0.05991755,0.03889026,0.08421849,0.018131087412986288,,,,,
4d4b803c99fe896d0f08aba5dcc86a8f319c18a5,2026-06-22 17:55:05,iron/operators/rope/test.py::test_rope,rows_32-cols_128-angle_rows_16-aie_columns_1-method_type_1,5/5,327.76,291.3,269.6,486.1,90.62735790036031,0.065527932,0.07029901,0.04212917,0.07595397,0.013876816847145456,,,,,
4d4b803c99fe896d0f08aba5dcc86a8f319c18a5,2026-06-22 17:55:05,iron/operators/rope/test.py::test_rope,rows_32-cols_128-angle_rows_16-aie_columns_2-method_type_0,5/5,453.88,523.3,230.2,559.3,133.54297810068488,0.050233428000000004,0.0391367,0.03661576,0.08898428,0.022038931861764987,,,,,
4d4b803c99fe896d0f08aba5dcc86a8f319c18a5,2026-06-22 17:55:05,iron/operators/rope/test.py::test_rope,rows_32-cols_128-angle_rows_16-aie_columns_2-method_type_1,5/5,396.84,475.5,203.5,531.9,141.59790958908962,0.059004276,0.04307018,0.03850637,0.1006576,0.026501934306277154,,,,,
4d4b803c99fe896d0f08aba5dcc86a8f319c18a5,2026-06-22 17:55:05,iron/operators/rope/test.py::test_rope,rows_32-cols_128-angle_rows_16-aie_columns_4-method_type_0,5/5,376.64,385.9,259.8,459.3,85.70675585973372,0.056957656,0.05307693,0.0445893,0.07881834,0.014371829101510707,,,,,
4d4b803c99fe896d0f08aba5dcc86a8f319c18a5,2026-06-22 17:55:05,iron/operators/rope/test.py::test_rope,rows_32-cols_128-angle_rows_16-aie_columns_4-method_type_1,5/5,350.03999999999996,254.5,242.9,509.4,140.1265249694004,0.06588403200000001,0.08047215,0.04020669,0.08432981,0.023044200814402744,,,,,
4d4b803c99fe896d0f08aba5dcc86a8f319c18a5,2026-06-22 17:55:05,iron/operators/rope/test.py::test_rope,rows_32-cols_128-angle_rows_32-aie_columns_1-method_type_0,5/5,459.98,399.4,319.0,599.4,130.59510710589427,0.056952694,0.06153985,0.04099915,0.07705041,0.01569117756526673,,,,,
4d4b803c99fe896d0f08aba5dcc86a8f319c18a5,2026-06-22 17:55:05,iron/operators/rope/test.py::test_rope,rows_32-cols_128-angle_rows_32-aie_columns_1-method_type_1,5/5,412.42,453.4,286.0,554.1,111.35287153908516,0.063397134,0.05419985,0.04435044,0.08593668,0.017867848968626022,,,,,
4d4b803c99fe896d0f08aba5dcc86a8f319c18a5,2026-06-22 17:55:05,iron/operators/rope/test.py::test_rope,rows_32-cols_128-angle_rows_32-aie_columns_2-method_type_0,5/5,445.98,434.3,286.7,584.4,125.4989123458845,0.059067388000000005,0.05659335,0.04205346,0.08572654,0.017948891641376356,,,,,
4d4b803c99fe896d0f08aba5dcc86a8f319c18a5,2026-06-22 17:55:05,iron/operators/rope/test.py::test_rope,rows_32-cols_128-angle_rows_32-aie_columns_2-method_type_1,5/5,398.9,396.4,238.3,516.6,118.09498295863376,0.06689124,0.06200502,0.04757158,0.1031093,0.022891333673557553,,,,,
4d4b803c99fe896d0f08aba5dcc86a8f319c18a5,2026-06-22 17:55:05,iron/operators/rope/test.py::test_rope,rows_32-cols_128-angle_rows_32-aie_columns_4-method_type_0,5/5,508.2,506.5,272.0,736.8,164.89995451788334,0.053641232,0.04851902,0.03335523,0.09036258,0.021541235947291185,,,,,
4d4b803c99fe896d0f08aba5dcc86a8f319c18a5,2026-06-22 17:55:05,iron/operators/rope/test.py::test_rope,rows_32-cols_128-angle_rows_32-aie_columns_4-method_type_1,5/5,426.32,469.5,243.2,492.0,103.40298351595084,0.061894964000000004,0.0523436,0.04995477,0.1010414,0.021943211707861503,,,,,
4d4b803c99fe896d0f08aba5dcc86a8f319c18a5,2026-06-22 17:55:05,iron/operators/rope/test.py::test_rope,rows_32-cols_128-angle_rows_8-aie_columns_1-method_type_0,5/5,457.28000000000003,461.4,381.1,528.6,53.14223367529822,0.040761208,0.03994902,0.03486986,0.04836196,0.004913014635243823,,,,,
4d4b803c99fe896d0f08aba5dcc86a8f319c18a5,2026-06-22 17:55:05,iron/operators/rope/test.py::test_rope,rows_32-cols_128-angle_rows_8-aie_columns_1-method_type_1,5/5,360.08,305.9,249.7,510.4,116.44035812380517,0.055420438,0.06025991,0.0361108,0.07382249,0.016511345397842967,,,,,
4d4b803c99fe896d0f08aba5dcc86a8f319c18a5,2026-06-22 17:55:05,iron/operators/rope/test.py::test_rope,rows_32-cols_128-angle_rows_8-aie_columns_2-method_type_0,5/5,400.86,423.9,234.4,574.0,159.13113460288028,0.053133678000000004,0.04347713,0.03210926,0.07864823,0.02284592673550736,,,,,
4d4b803c99fe896d0f08aba5dcc86a8f319c18a5,2026-06-22 17:55:05,iron/operators/rope/test.py::test_rope,rows_32-cols_128-angle_rows_8-aie_columns_2-method_type_1,5/5,455.64,492.9,301.5,629.7,141.15572251949266,0.043967426000000004,0.03739144,0.02926997,0.06114325,0.01436325009451308,,,,,
4d4b803c99fe896d0f08aba5dcc86a8f319c18a5,2026-06-22 17:55:05,iron/operators/rope/test.py::test_rope,rows_32-cols_128-angle_rows_8-aie_columns_4-method_type_0,5/5,345.28,280.9,224.4,569.5,142.81700528998638,0.059990446,0.06562046,0.0323629,0.08215661,0.020526415699977433,,,,,
4d4b803c99fe896d0f08aba5dcc86a8f319c18a5,2026-06-22 17:55:05,iron/operators/rope/test.py::test_rope,rows_32-cols_128-angle_rows_8-aie_columns_4-method_type_1,5/5,452.64,427.8,244.1,635.9,161.3759368679234,0.045852148,0.04308606,0.02898405,0.07550416,0.01874902511601523,,,,,
4d4b803c99fe896d0f08aba5dcc86a8f319c18a5,2026-06-22 17:55:05,iron/operators/rope/test.py::test_rope,rows_32-cols_512-angle_rows_32-aie_columns_1-method_type_0,5/5,429.28000000000003,277.0,249.5,1048.4,346.83850276461527,0.307135684,0.3549252,0.09377012,0.3939409,0.12263743154969563,,,,,
4d4b803c99fe896d0f08aba5dcc86a8f319c18a5,2026-06-22 17:55:05,iron/operators/rope/test.py::test_rope,rows_32-cols_512-angle_rows_32-aie_columns_2-method_type_0,5/5,299.5,252.7,224.3,395.1,82.9163735338202,0.3478573,0.3890531,0.2487871,0.4382467,0.08894086146558283,,,,,
4d4b803c99fe896d0f08aba5dcc86a8f319c18a5,2026-06-22 17:55:05,iron/operators/rope/test.py::test_rope,rows_32-cols_512-angle_rows_32-aie_columns_4-method_type_0,5/5,439.36,427.3,325.4,656.5,134.65089305310977,0.23891098,0.2300515,0.1497341,0.3021002,0.06336857082132276,,,,,
4d4b803c99fe896d0f08aba5dcc86a8f319c18a5,2026-06-22 17:55:05,iron/operators/rope/test.py::test_rope,rows_32-cols_512-angle_rows_8-aie_columns_1-method_type_0,5/5,315.14,268.5,220.2,555.2,137.04456574414036,0.2605209,0.2746382,0.1327992,0.3348016,0.07814336782689878,,,,,
4d4b803c99fe896d0f08aba5dcc86a8f319c18a5,2026-06-22 17:55:05,iron/operators/rope/test.py::test_rope,rows_32-cols_512-angle_rows_8-aie_columns_2-method_type_0,5/5,465.72,447.3,352.7,641.7,118.48975483137774,0.16618162,0.1648323,0.1148918,0.2090305,0.039256518027672806,,,,,
4d4b803c99fe896d0f08aba5dcc86a8f319c18a5,2026-06-22 17:55:05,iron/operators/rope/test.py::test_rope,rows_32-cols_512-angle_rows_8-aie_columns_4-method_type_0,5/5,405.7,321.8,214.5,690.6,198.70836670860137,0.21796056,0.2290863,0.1067595,0.3437459,0.0965919695906342,,,,,
4d4b803c99fe896d0f08aba5dcc86a8f319c18a5,2026-06-22 17:55:05,iron/operators/rope/test.py::test_rope,rows_64-cols_128-angle_rows_16-aie_columns_1-method_type_0,5/5,362.74,311.1,245.1,538.7,116.80174656228392,0.109656254,0.1185094,0.06843484,0.1504094,0.031952316779475944,,,,,
4d4b803c99fe896d0f08aba5dcc86a8f319c18a5,2026-06-22 17:55:05,iron/operators/rope/test.py::test_rope,rows_64-cols_128-angle_rows_16-aie_columns_1-method_type_1,5/5,425.8,437.6,256.5,659.4,170.80452277384225,0.099086568,0.08423708,0.05590367,0.143712,0.04010068985000844,,,,,
4d4b803c99fe896d0f08aba5dcc86a8f319c18a5,2026-06-22 17:55:05,iron/operators/rope/test.py::test_rope,rows_64-cols_128-angle_rows_16-aie_columns_2-method_type_0,5/5,623.4,276.0,252.9,1959.6,748.5755706673842,0.108263314,0.1335851,0.01881234,0.1457738,0.05348140352184935,,,,,
4d4b803c99fe896d0f08aba5dcc86a8f319c18a5,2026-06-22 17:55:05,iron/operators/rope/test.py::test_rope,rows_64-cols_128-angle_rows_16-aie_columns_2-method_type_1,5/5,513.6,543.7,300.7,819.9,206.38800837257963,0.081627894,0.06780434,0.04495933,0.1225838,0.031971238034240713,,,,,
4d4b803c99fe896d0f08aba5dcc86a8f319c18a5,2026-06-22 17:55:05,iron/operators/rope/test.py::test_rope,rows_64-cols_128-angle_rows_16-aie_columns_4-method_type_0,5/5,351.65999999999997,328.8,237.1,460.2,98.00703036007161,0.111797834,0.1121141,0.08011022,0.1554551,0.03175511500283506,,,,,
4d4b803c99fe896d0f08aba5dcc86a8f319c18a5,2026-06-22 17:55:05,iron/operators/rope/test.py::test_rope,rows_64-cols_128-angle_rows_16-aie_columns_4-method_type_1,5/5,473.72,543.8,256.9,624.7,161.06409283263605,0.087510552,0.06779549,0.05901498,0.1434771,0.03631992095791606,,,,,
4d4b803c99fe896d0f08aba5dcc86a8f319c18a5,2026-06-22 17:55:05,iron/operators/rope/test.py::test_rope,rows_64-cols_128-angle_rows_32-aie_columns_1-method_type_0,5/5,438.0,486.5,271.4,585.3,129.24563822427433,0.10135809800000001,0.08418716,0.06997642,0.1509378,0.03378637789648397,,,,,
4d4b803c99fe896d0f08aba5dcc86a8f319c18a5,2026-06-22 17:55:05,iron/operators/rope/test.py::test_rope,rows_64-cols_128-angle_rows_32-aie_columns_1-method_type_1,5/5,359.6,327.5,256.0,500.3,101.52937998431784,0.121079876,0.1250588,0.08186417,0.1600113,0.0322230136109587,,,,,
4d4b803c99fe896d0f08aba5dcc86a8f319c18a5,2026-06-22 17:55:05,iron/operators/rope/test.py::test_rope,rows_64-cols_128-angle_rows_32-aie_columns_2-method_type_0,5/5,401.04,460.8,249.8,489.7,108.32124906960775,0.109666214,0.08889352,0.08365142,0.1639784,0.035216083918064765,,,,,
4d4b803c99fe896d0f08aba5dcc86a8f319c18a5,2026-06-22 17:55:05,iron/operators/rope/test.py::test_rope,rows_64-cols_128-angle_rows_32-aie_columns_2-method_type_1,5/5,880.54,504.1,448.3,2437.0,870.8799991962153,0.070415638,0.08125581,0.01680767,0.09137289,0.030604469203842924,,,,,
4d4b803c99fe896d0f08aba5dcc86a8f319c18a5,2026-06-22 17:55:05,iron/operators/rope/test.py::test_rope,rows_64-cols_128-angle_rows_32-aie_columns_4-method_type_0,5/5,388.58,406.1,177.5,605.5,168.47153171975376,0.126867598,0.1008559,0.06764345,0.2308074,0.06564740211498488,,,,,
4d4b803c99fe896d0f08aba5dcc86a8f319c18a5,2026-06-22 17:55:05,iron/operators/rope/test.py::test_rope,rows_64-cols_128-angle_rows_32-aie_columns_4-method_type_1,5/5,486.3,478.1,320.4,636.2,124.7723527068397,0.089261904,0.08566905,0.06437863,0.1278514,0.025062888602106103,,,,,
4d4b803c99fe896d0f08aba5dcc86a8f319c18a5,2026-06-22 17:55:05,iron/operators/rope/test.py::test_rope,rows_64-cols_128-angle_rows_8-aie_columns_1-method_type_0,5/5,315.34000000000003,319.1,239.8,417.0,65.90753371201201,0.114151922,0.1091103,0.08349281,0.1451992,0.02275740917660488,,,,,
4d4b803c99fe896d0f08aba5dcc86a8f319c18a5,2026-06-22 17:55:05,iron/operators/rope/test.py::test_rope,rows_64-cols_128-angle_rows_8-aie_columns_1-method_type_1,5/5,403.32,370.1,255.6,545.5,124.51623187359951,0.093523042,0.0940706,0.0638198,0.136191,0.029824534987989672,,,,,
4d4b803c99fe896d0f08aba5dcc86a8f319c18a5,2026-06-22 17:55:05,iron/operators/rope/test.py::test_rope,rows_64-cols_128-angle_rows_8-aie_columns_2-method_type_0,5/5,491.66,442.3,252.2,801.0,202.90643903040632,0.08154326,0.07872453,0.04346317,0.1380306,0.035290462314285426,,,,,
4d4b803c99fe896d0f08aba5dcc86a8f319c18a5,2026-06-22 17:55:05,iron/operators/rope/test.py::test_rope,rows_64-cols_128-angle_rows_8-aie_columns_2-method_type_1,5/5,449.96,493.4,274.9,664.6,166.30839726243534,0.087209894,0.07056229,0.05238254,0.1266603,0.033938073747301574,,,,,
4d4b803c99fe896d0f08aba5dcc86a8f319c18a5,2026-06-22 17:55:05,iron/operators/rope/test.py::test_rope,rows_64-cols_128-angle_rows_8-aie_columns_4-method_type_0,5/5,425.22,281.6,211.3,751.5,242.04387412202772,0.10442012,0.1236188,0.04632849,0.1647728,0.050921825309704384,,,,,
4d4b803c99fe896d0f08aba5dcc86a8f319c18a5,2026-06-22 17:55:05,iron/operators/rope/test.py::test_rope,rows_64-cols_128-angle_rows_8-aie_columns_4-method_type_1,5/5,834.38,440.6,256.4,2410.2,890.753822332523,0.072912284,0.07901808,0.01444526,0.1357656,0.04406804805421417,,,,,
4d4b803c99fe896d0f08aba5dcc86a8f319c18a5,2026-06-22 17:55:05,iron/operators/sigmoid/test.py::test_sigmoid,input_length_1024-num_aie_columns_1-num_channels_1-tile_size_1024,5/5,462.12,497.2,271.7,679.9,173.98647073838816,0.0100558394,0.008237885,0.006023981,0.01507651,0.004040999306747812,,,,,
4d4b803c99fe896d0f08aba5dcc86a8f319c18a5,2026-06-22 17:55:05,iron/operators/sigmoid/test.py::test_sigmoid,input_length_1024-num_aie_columns_1-num_channels_2-tile_size_512,5/5,455.08,428.2,240.5,717.1,194.8507557080547,0.0105164586,0.009566405,0.00571223,0.01703104,0.004623877014540915,,,,,
4d4b803c99fe896d0f08aba5dcc86a8f319c18a5,2026-06-22 17:55:05,iron/operators/sigmoid/test.py::test_sigmoid,input_length_1024-num_aie_columns_2-num_channels_1-tile_size_512,5/5,428.28,455.7,306.4,538.0,104.3008005721912,0.0100703666,0.008988034,0.007614076,0.01336745,0.002614759799984656,,,,,
4d4b803c99fe896d0f08aba5dcc86a8f319c18a5,2026-06-22 17:55:05,iron/operators/sigmoid/test.py::test_sigmoid,input_length_1024-num_aie_columns_2-num_channels_2-tile_size_256,5/5,415.76,297.4,238.3,657.3,208.5593752388034,0.0119217082,0.01377089,0.006231496,0.01718712,0.005208697034897614,,,,,
4d4b803c99fe896d0f08aba5dcc86a8f319c18a5,2026-06-22 17:55:05,iron/operators/sigmoid/test.py::test_sigmoid,input_length_1024-num_aie_columns_4-num_channels_1-tile_size_256,5/5,501.2,357.3,281.9,1051.1,314.108723215386,0.010069199,0.01146369,0.003896733,0.01452791,0.003992789319918095,,,,,
4d4b803c99fe896d0f08aba5dcc86a8f319c18a5,2026-06-22 17:55:05,iron/operators/sigmoid/test.py::test_sigmoid,input_length_1024-num_aie_columns_4-num_channels_2-tile_size_128,5/5,419.14000000000004,365.6,221.4,692.7,195.27889798951654,0.0116175864,0.01120234,0.005913077,0.01849911,0.0051786177944609215,,,,,
4d4b803c99fe896d0f08aba5dcc86a8f319c18a5,2026-06-22 17:55:05,iron/operators/sigmoid/test.py::test_sigmoid,input_length_2048-num_aie_columns_1-num_channels_1-tile_size_2048,5/5,446.92,500.2,278.5,530.1,106.57329402810069,0.019443128,0.01637709,0.01545378,0.02941863,0.005902253830052551,,,,,
4d4b803c99fe896d0f08aba5dcc86a8f319c18a5,2026-06-22 17:55:05,iron/operators/sigmoid/test.py::test_sigmoid,input_length_2048-num_aie_columns_1-num_channels_2-tile_size_1024,5/5,315.7,335.6,236.1,374.2,60.20436030720698,0.026791370000000002,0.02441212,0.02189005,0.03470245,0.00554386826083106,,,,,
4d4b803c99fe896d0f08aba5dcc86a8f319c18a5,2026-06-22 17:55:05,iron/operators/sigmoid/test.py::test_sigmoid,input_length_2048-num_aie_columns_2-num_channels_1-tile_size_1024,5/5,441.74,481.8,266.5,604.6,128.31197527900505,0.020057892,0.01700305,0.01354863,0.03073794,0.00671142956846155,,,,,
4d4b803c99fe896d0f08aba5dcc86a8f319c18a5,2026-06-22 17:55:05,iron/operators/sigmoid/test.py::test_sigmoid,input_length_2048-num_aie_columns_2-num_channels_2-tile_size_512,5/5,368.9,418.4,242.5,487.2,108.12018775418399,0.023997154,0.01957767,0.01681424,0.03377504,0.007703867087147207,,,,,
4d4b803c99fe896d0f08aba5dcc86a8f319c18a5,2026-06-22 17:55:05,iron/operators/sigmoid/test.py::test_sigmoid,input_length_2048-num_aie_columns_4-num_channels_1-tile_size_512,5/5,394.62,379.4,219.1,600.0,165.0137479121058,0.024126688,0.02159466,0.01365315,0.03738557,0.010352338266175425,,,,,
4d4b803c99fe896d0f08aba5dcc86a8f319c18a5,2026-06-22 17:55:05,iron/operators/sigmoid/test.py::test_sigmoid,input_length_2048-num_aie_columns_4-num_channels_2-tile_size_256,5/5,473.52,524.2,314.6,596.8,129.02796983600103,0.018510916,0.01562628,0.01372627,0.02603677,0.005593994820960241,,,,,
4d4b803c99fe896d0f08aba5dcc86a8f319c18a5,2026-06-22 17:55:05,iron/operators/sigmoid/test.py::test_sigmoid,input_length_4096-num_aie_columns_1-num_channels_1-tile_size_4096,5/5,266.06,262.1,208.9,323.4,41.80254776924487,0.06284746199999999,0.06250262,0.05066673,0.07841373,0.010211096863347738,,,,,
4d4b803c99fe896d0f08aba5dcc86a8f319c18a5,2026-06-22 17:55:05,iron/operators/sigmoid/test.py::test_sigmoid,input_length_4096-num_aie_columns_1-num_channels_2-tile_size_2048,5/5,397.76,429.7,223.0,597.1,161.51256297885934,0.04785111,0.03812467,0.02744007,0.07347448,0.02095366772190611,,,,,
4d4b803c99fe896d0f08aba5dcc86a8f319c18a5,2026-06-22 17:55:05,iron/operators/sigmoid/test.py::test_sigmoid,input_length_4096-num_aie_columns_2-num_channels_1-tile_size_2048,5/5,393.9,261.7,205.4,774.5,236.8845182784219,0.05256965,0.06260556,0.02115495,0.07975583,0.024007485659930113,,,,,
4d4b803c99fe896d0f08aba5dcc86a8f319c18a5,2026-06-22 17:55:05,iron/operators/sigmoid/test.py::test_sigmoid,input_length_4096-num_aie_columns_2-num_channels_2-tile_size_1024,5/5,372.28000000000003,321.8,286.8,533.2,107.73788562989346,0.046723348,0.05090649,0.03072526,0.05712114,0.011860541656259634,,,,,
4d4b803c99fe896d0f08aba5dcc86a8f319c18a5,2026-06-22 17:55:05,iron/operators/sigmoid/test.py::test_sigmoid,input_length_4096-num_aie_columns_4-num_channels_1-tile_size_1024,5/5,345.52,305.0,200.1,491.8,136.1380439113182,0.053921274,0.05371733,0.03331469,0.08188888,0.021132068572684265,,,,,
4d4b803c99fe896d0f08aba5dcc86a8f319c18a5,2026-06-22 17:55:05,iron/operators/sigmoid/test.py::test_sigmoid,input_length_4096-num_aie_columns_4-num_channels_2-tile_size_512,5/5,320.64,300.0,223.4,462.6,96.0946044270957,0.054671258,0.05461989,0.03541491,0.07333274,0.015241712012177961,,,,,
4d4b803c99fe896d0f08aba5dcc86a8f319c18a5,2026-06-22 17:55:05,iron/operators/sigmoid/test.py::test_sigmoid,input_length_8192-num_aie_columns_1-num_channels_2-tile_size_4096,5/5,419.8,333.8,279.6,674.6,172.9319519348579,0.088036912,0.0981701,0.04857699,0.1172019,0.030809787587681773,,,,,
4d4b803c99fe896d0f08aba5dcc86a8f319c18a5,2026-06-22 17:55:05,iron/operators/sigmoid/test.py::test_sigmoid,input_length_8192-num_aie_columns_2-num_channels_1-tile_size_4096,5/5,504.94,559.7,222.0,606.3,159.37067798061224,0.075104298,0.05854324,0.05404763,0.1475857,0.040562535418215286,,,,,
4d4b803c99fe896d0f08aba5dcc86a8f319c18a5,2026-06-22 17:55:05,iron/operators/sigmoid/test.py::test_sigmoid,input_length_8192-num_aie_columns_2-num_channels_2-tile_size_2048,5/5,441.98,498.4,282.0,538.9,110.44458791629403,0.078790746,0.06574547,0.06081065,0.1161862,0.02354621593832712,,,,,
4d4b803c99fe896d0f08aba5dcc86a8f319c18a5,2026-06-22 17:55:05,iron/operators/sigmoid/test.py::test_sigmoid,input_length_8192-num_aie_columns_4-num_channels_1-tile_size_2048,5/5,504.9,459.5,231.8,752.6,203.3290928519576,0.076576822,0.07131323,0.04354233,0.1413352,0.038744813678559226,,,,,
4d4b803c99fe896d0f08aba5dcc86a8f319c18a5,2026-06-22 17:55:05,iron/operators/sigmoid/test.py::test_sigmoid,input_length_8192-num_aie_columns_4-num_channels_2-tile_size_1024,5/5,394.35999999999996,409.4,276.4,485.7,89.06589133894074,0.08693476,0.08004104,0.06747065,0.1185528,0.02148871442966168,,,,,
4d4b803c99fe896d0f08aba5dcc86a8f319c18a5,2026-06-22 17:55:05,iron/operators/silu/test.py::test_silu,input_length_1024-num_aie_columns_1-num_channels_1-tile_size_1024,5/5,401.44,396.0,287.4,563.7,119.53130552286294,0.0109507366,0.01034437,0.007266405,0.01425043,0.0031867944429869958,,,,,
4d4b803c99fe896d0f08aba5dcc86a8f319c18a5,2026-06-22 17:55:05,iron/operators/silu/test.py::test_silu,input_length_1024-num_aie_columns_2-num_channels_1-tile_size_512,5/5,436.62,441.2,257.5,602.2,130.9518117476807,0.0102003806,0.00928272,0.006802156,0.01590402,0.0035383283061059785,,,,,
4d4b803c99fe896d0f08aba5dcc86a8f319c18a5,2026-06-22 17:55:05,iron/operators/silu/test.py::test_silu,input_length_1024-num_aie_columns_4-num_channels_1-tile_size_256,5/5,478.68,368.4,252.4,825.9,227.97900561235897,0.0101182972,0.01111916,0.00495954,0.0162311,0.004353390233507582,,,,,
4d4b803c99fe896d0f08aba5dcc86a8f319c18a5,2026-06-22 17:55:05,iron/operators/silu/test.py::test_silu,input_length_2048-num_aie_columns_1-num_channels_1-tile_size_2048,5/5,623.42,593.4,319.6,1035.0,258.4467488671506,0.0150890538,0.01380554,0.007915159,0.02563196,0.006467887387743172,,,,,
4d4b803c99fe896d0f08aba5dcc86a8f319c18a5,2026-06-22 17:55:05,iron/operators/silu/test.py::test_silu,input_length_2048-num_aie_columns_2-num_channels_1-tile_size_1024,5/5,427.28,500.9,218.1,634.3,184.0218247926044,0.023023478,0.01635417,0.01291476,0.03756747,0.011358355705561875,,,,,
4d4b803c99fe896d0f08aba5dcc86a8f319c18a5,2026-06-22 17:55:05,iron/operators/silu/test.py::test_silu,input_length_2048-num_aie_columns_4-num_channels_1-tile_size_512,5/5,387.7,383.7,241.4,572.0,131.48294566216563,0.023205968,0.02135213,0.01432203,0.033932,0.007891737180099829,,,,,
4d4b803c99fe896d0f08aba5dcc86a8f319c18a5,2026-06-22 17:55:05,iron/operators/silu/test.py::test_silu,input_length_4096-num_aie_columns_1-num_channels_1-tile_size_4096,5/5,349.48,313.5,266.0,440.3,78.7153860436446,0.048778172,0.05225656,0.03721032,0.06160093,0.010600266427221063,,,,,
4d4b803c99fe896d0f08aba5dcc86a8f319c18a5,2026-06-22 17:55:05,iron/operators/silu/test.py::test_silu,input_length_4096-num_aie_columns_2-num_channels_1-tile_size_2048,5/5,710.0,471.9,248.8,1981.0,717.9752119676556,0.0378337356,0.03471871,0.008270428,0.06586321,0.021230685888262935,,,,,
4d4b803c99fe896d0f08aba5dcc86a8f319c18a5,2026-06-22 17:55:05,iron/operators/silu/test.py::test_silu,input_length_4096-num_aie_columns_4-num_channels_1-tile_size_1024,5/5,512.6800000000001,532.4,283.1,809.9,204.30782412820122,0.03647359,0.03077322,0.02022858,0.05786496,0.014895821143998742,,,,,
4d4b803c99fe896d0f08aba5dcc86a8f319c18a5,2026-06-22 17:55:05,iron/operators/silu/test.py::test_silu,input_length_8192-num_aie_columns_2-num_channels_1-tile_size_4096,5/5,424.02,408.9,283.5,588.5,139.56943433287964,0.084513038,0.08012931,0.05568272,0.1155662,0.0278407978343513,,,,,
4d4b803c99fe896d0f08aba5dcc86a8f319c18a5,2026-06-22 17:55:05,iron/operators/silu/test.py::test_silu,input_length_8192-num_aie_columns_4-num_channels_1-tile_size_2048,5/5,478.0,295.1,245.8,1053.4,336.57170855554693,0.09047049,0.1110272,0.03110598,0.133316,0.041439637019063044,,,,,
4d4b803c99fe896d0f08aba5dcc86a8f319c18a5,2026-06-22 17:55:05,iron/operators/softmax/test.py::test_softmax,input_length_32768-num_aie_columns_2-num_channels_2-tile_size_1024,5/5,405.32,439.8,266.9,576.3,127.36521110570185,0.35129034,0.2980487,0.2274316,0.4910314,0.11327712730029836,,,,,
4d4b803c99fe896d0f08aba5dcc86a8f319c18a5,2026-06-22 17:55:05,iron/operators/softmax/test.py::test_softmax,input_length_32768-num_aie_columns_2-num_channels_2-tile_size_2048,5/5,384.91999999999996,317.4,213.6,568.9,159.4913383228067,0.39197718,0.4129084,0.2303797,0.613745,0.16016180895573076,,,,,
4d4b803c99fe896d0f08aba5dcc86a8f319c18a5,2026-06-22 17:55:05,iron/operators/softmax/test.py::test_softmax,input_length_32768-num_aie_columns_2-num_channels_2-tile_size_512,5/5,369.8,304.1,289.6,512.9,104.42394361447951,0.37572163999999997,0.4310558,0.2555687,0.4525576,0.09455388319425596,,,,,
4d4b803c99fe896d0f08aba5dcc86a8f319c18a5,2026-06-22 17:55:05,iron/operators/swiglu_decode/test.py::test_swiglu_decode,embedding_dim_1024-hidden_dim_3584,5/5,15471.84,16234.94,5938.26,21974.63,6288.281096114422,0.00033999999999999997,0.0003,0.0002,0.0007,0.0002073644135332772,,,,,
4d4b803c99fe896d0f08aba5dcc86a8f319c18a5,2026-06-22 17:55:05,iron/operators/swiglu_decode/test.py::test_swiglu_decode,embedding_dim_2048-hidden_dim_2048,5/5,13482.992,13366.1,5514.06,22411.25,7892.385258245444,0.00086,0.0006,0.0004,0.0015,0.0005458937625582472,,,,,
4d4b803c99fe896d0f08aba5dcc86a8f319c18a5,2026-06-22 17:55:05,iron/operators/swiglu_prefill/test.py::test_swiglu_prefill,seq_len_256-embedding_dim_2048-hidden_dim_2048-prio_accuracy_False,5/5,21463.81,20563.97,15306.58,29758.52,6203.058461992761,0.10438,0.102,0.0705,0.137,0.029176994361996927,,,,,
4d4b803c99fe896d0f08aba5dcc86a8f319c18a5,2026-06-22 17:55:05,iron/operators/tanh/test.py::test_tanh,input_length_1024-num_aie_columns_1-num_channels_1-tile_size_1024,5/5,347.98,296.6,261.1,492.1,101.50688154012023,0.0125262912,0.01380761,0.00832292,0.01569042,0.003262885012309996,,,,,
4d4b803c99fe896d0f08aba5dcc86a8f319c18a5,2026-06-22 17:55:05,iron/operators/tanh/test.py::test_tanh,input_length_1024-num_aie_columns_1-num_channels_2-tile_size_512,5/5,427.82,399.7,285.9,618.3,140.51016689193702,0.0104221292,0.01024894,0.006625023,0.01432884,0.0032868363217802166,,,,,
4d4b803c99fe896d0f08aba5dcc86a8f319c18a5,2026-06-22 17:55:05,iron/operators/tanh/test.py::test_tanh,input_length_1024-num_aie_columns_2-num_channels_1-tile_size_512,5/5,495.9,476.0,224.9,838.1,219.52363198526032,0.0098294712,0.008605313,0.00488721,0.018214,0.0049714191336761885,,,,,
4d4b803c99fe896d0f08aba5dcc86a8f319c18a5,2026-06-22 17:55:05,iron/operators/tanh/test.py::test_tanh,input_length_1024-num_aie_columns_2-num_channels_2-tile_size_256,5/5,676.42,610.8,483.7,1017.5,202.5752625569075,0.006429161,0.00670619,0.004025462,0.008467358,0.0016061022417903537,,,,,
4d4b803c99fe896d0f08aba5dcc86a8f319c18a5,2026-06-22 17:55:05,iron/operators/tanh/test.py::test_tanh,input_length_1024-num_aie_columns_4-num_channels_1-tile_size_256,5/5,425.41999999999996,452.2,258.2,545.4,126.64265474159959,0.0104660236,0.00905834,0.007510015,0.01586515,0.003580537302756711,,,,,
4d4b803c99fe896d0f08aba5dcc86a8f319c18a5,2026-06-22 17:55:05,iron/operators/tanh/test.py::test_tanh,input_length_1024-num_aie_columns_4-num_channels_2-tile_size_128,5/5,487.03999999999996,478.0,403.4,578.3,64.50157362421477,0.0085286158,0.008568697,0.007082241,0.01015422,0.001132292383572238,,,,,
4d4b803c99fe896d0f08aba5dcc86a8f319c18a5,2026-06-22 17:55:05,iron/operators/tanh/test.py::test_tanh,input_length_2048-num_aie_columns_1-num_channels_1-tile_size_2048,5/5,348.88,316.4,204.7,549.7,133.3441299795383,0.026278402,0.02588841,0.01490392,0.04002462,0.009607849769673753,,,,,
4d4b803c99fe896d0f08aba5dcc86a8f319c18a5,2026-06-22 17:55:05,iron/operators/tanh/test.py::test_tanh,input_length_2048-num_aie_columns_1-num_channels_2-tile_size_1024,5/5,861.3399999999999,463.4,389.8,2495.2,914.3425933423423,0.0152597134,0.01767681,0.003283127,0.02101467,0.0069261017298880186,,,,,
4d4b803c99fe896d0f08aba5dcc86a8f319c18a5,2026-06-22 17:55:05,iron/operators/tanh/test.py::test_tanh,input_length_2048-num_aie_columns_2-num_channels_1-tile_size_1024,5/5,948.34,589.2,529.7,2456.4,843.3934301380348,0.0121607908,0.01390367,0.003334964,0.01546664,0.0049763968879344015,,,,,
4d4b803c99fe896d0f08aba5dcc86a8f319c18a5,2026-06-22 17:55:05,iron/operators/tanh/test.py::test_tanh,input_length_2048-num_aie_columns_2-num_channels_2-tile_size_512,5/5,442.8,423.7,292.0,601.5,124.43208991253019,0.019764482,0.01933325,0.01361972,0.02805489,0.005751105487840576,,,,,
4d4b803c99fe896d0f08aba5dcc86a8f319c18a5,2026-06-22 17:55:05,iron/operators/tanh/test.py::test_tanh,input_length_2048-num_aie_columns_4-num_channels_1-tile_size_512,5/5,545.74,449.3,236.4,988.0,281.0733142793887,0.018617449,0.01823098,0.008291095,0.03465987,0.009897475628011418,,,,,
4d4b803c99fe896d0f08aba5dcc86a8f319c18a5,2026-06-22 17:55:05,iron/operators/tanh/test.py::test_tanh,input_length_2048-num_aie_columns_4-num_channels_2-tile_size_256,5/5,392.62,357.7,288.0,533.8,95.49655491168254,0.02182364,0.02290424,0.01534646,0.02844632,0.005013945548442863,,,,,
4d4b803c99fe896d0f08aba5dcc86a8f319c18a5,2026-06-22 17:55:05,iron/operators/tanh/test.py::test_tanh,input_length_4096-num_aie_columns_1-num_channels_1-tile_size_4096,5/5,426.0,367.9,263.6,710.6,184.31761988480645,0.043921214,0.04453118,0.02305706,0.06214653,0.016359131139968282,,,,,
4d4b803c99fe896d0f08aba5dcc86a8f319c18a5,2026-06-22 17:55:05,iron/operators/tanh/test.py::test_tanh,input_length_4096-num_aie_columns_1-num_channels_2-tile_size_2048,5/5,445.90000000000003,487.2,233.3,672.2,197.44766395174193,0.044312224,0.03362849,0.02437359,0.07021845,0.021764333732710035,,,,,
4d4b803c99fe896d0f08aba5dcc86a8f319c18a5,2026-06-22 17:55:05,iron/operators/tanh/test.py::test_tanh,input_length_4096-num_aie_columns_2-num_channels_1-tile_size_2048,5/5,430.88,493.8,269.8,523.7,108.30584933418879,0.040496924000000004,0.03317613,0.03128479,0.06071589,0.012457094282884754,,,,,
4d4b803c99fe896d0f08aba5dcc86a8f319c18a5,2026-06-22 17:55:05,iron/operators/tanh/test.py::test_tanh,input_length_4096-num_aie_columns_2-num_channels_2-tile_size_1024,5/5,413.7,389.9,301.8,547.2,96.85713706278956,0.041359918,0.04201855,0.02994322,0.05428617,0.009520391253497412,,,,,
4d4b803c99fe896d0f08aba5dcc86a8f319c18a5,2026-06-22 17:55:05,iron/operators/tanh/test.py::test_tanh,input_length_4096-num_aie_columns_4-num_channels_1-tile_size_1024,5/5,452.84000000000003,506.5,238.8,604.1,140.97993828910552,0.040218124,0.03234991,0.02712331,0.06859851,0.01670760784055216,,,,,
4d4b803c99fe896d0f08aba5dcc86a8f319c18a5,2026-06-22 17:55:05,iron/operators/tanh/test.py::test_tanh,input_length_4096-num_aie_columns_4-num_channels_2-tile_size_512,5/5,509.86,531.5,339.3,644.6,110.66902457327434,0.03361338,0.0308277,0.02541723,0.04829221,0.00868441823215004,,,,,
4d4b803c99fe896d0f08aba5dcc86a8f319c18a5,2026-06-22 17:55:05,iron/operators/tanh/test.py::test_tanh,input_length_8192-num_aie_columns_1-num_channels_2-tile_size_4096,5/5,399.58,379.8,236.6,626.8,170.17068490195365,0.09521513599999999,0.08626699,0.05227841,0.138493,0.03986547159864699,,,,,
4d4b803c99fe896d0f08aba5dcc86a8f319c18a5,2026-06-22 17:55:05,iron/operators/tanh/test.py::test_tanh,input_length_8192-num_aie_columns_2-num_channels_1-tile_size_4096,5/5,555.5,605.8,446.5,653.9,96.26175252923665,0.060517154,0.05408876,0.05010865,0.07338858,0.011057463640334973,,,,,
4d4b803c99fe896d0f08aba5dcc86a8f319c18a5,2026-06-22 17:55:05,iron/operators/tanh/test.py::test_tanh,input_length_8192-num_aie_columns_2-num_channels_2-tile_size_2048,5/5,393.24,447.9,229.4,528.3,124.22205118254969,0.091735534,0.0731587,0.06202959,0.142841,0.03389052263113067,,,,,
4d4b803c99fe896d0f08aba5dcc86a8f319c18a5,2026-06-22 17:55:05,iron/operators/tanh/test.py::test_tanh,input_length_8192-num_aie_columns_4-num_channels_1-tile_size_2048,5/5,432.86,415.8,245.2,629.3,137.3419564444893,0.083002542,0.07881622,0.05206857,0.1336319,0.030402676433752832,,,,,
4d4b803c99fe896d0f08aba5dcc86a8f319c18a5,2026-06-22 17:55:05,iron/operators/tanh/test.py::test_tanh,input_length_8192-num_aie_columns_4-num_channels_2-tile_size_1024,5/5,457.74,511.1,248.1,582.6,143.44341393037186,0.079423616,0.06411634,0.05624384,0.1320673,0.03200214205239518,,,,,
4d4b803c99fe896d0f08aba5dcc86a8f319c18a5,2026-06-22 17:55:05,iron/operators/transpose/test.py::test_transpose,M_2048-N_128-aie_columns_1-channels_1-m_64-n_64-s_8,5/5,619.16,629.0,365.3,900.6,192.23717902632674,1.8421294,1.666939,1.164291,2.870397,0.6308003862429858,,,,,
4d4b803c99fe896d0f08aba5dcc86a8f319c18a5,2026-06-22 17:55:05,iron/operators/transpose/test.py::test_transpose,M_2048-N_128-aie_columns_1-channels_2-m_64-n_64-s_8,5/5,590.16,593.0,313.1,888.5,206.87476404820382,1.9906702,1.768361,1.180163,3.349034,0.814806087660555,,,,,
4d4b803c99fe896d0f08aba5dcc86a8f319c18a5,2026-06-22 17:55:05,iron/operators/transpose/test.py::test_transpose,M_2048-N_128-aie_columns_2-channels_1-m_64-n_64-s_8,5/5,543.54,581.3,278.4,675.4,153.26621610779068,2.1342168,1.803871,1.552503,3.766667,0.918490377521289,,,,,
4d4b803c99fe896d0f08aba5dcc86a8f319c18a5,2026-06-22 17:55:05,iron/operators/transpose/test.py::test_transpose,M_2048-N_128-aie_columns_2-channels_2-m_64-n_64-s_8,5/5,455.68,454.6,355.2,585.7,89.08056465918929,2.3704922,2.306469,1.790262,2.951756,0.44974159838089256,,,,,
4d4b803c99fe896d0f08aba5dcc86a8f319c18a5,2026-06-22 17:55:05,iron/operators/transpose/test.py::test_transpose,M_2048-N_256-aie_columns_1-channels_1-m_64-n_64-s_8,5/5,1775.74,702.4,516.2,3572.0,1618.737970766115,2.3877873,2.985733,0.5871109,4.062351,1.6853054347708696,,,,,
4d4b803c99fe896d0f08aba5dcc86a8f319c18a5,2026-06-22 17:55:05,iron/operators/transpose/test.py::test_transpose,M_2048-N_256-aie_columns_1-channels_2-m_64-n_64-s_8,5/5,1802.06,726.1,635.6,3543.4,1555.4991764703702,2.13429346,2.888182,0.5918556,3.299458,1.411851043375043,,,,,
4d4b803c99fe896d0f08aba5dcc86a8f319c18a5,2026-06-22 17:55:05,iron/operators/transpose/test.py::test_transpose,M_2048-N_256-aie_columns_2-channels_1-m_64-n_64-s_8,5/5,1146.74,624.8,355.9,3520.5,1332.8279345061762,3.3490317,3.35649,0.5956925,5.892879,1.89704724010222,,,,,
4d4b803c99fe896d0f08aba5dcc86a8f319c18a5,2026-06-22 17:55:05,iron/operators/transpose/test.py::test_transpose,M_2048-N_256-aie_columns_2-channels_2-m_64-n_64-s_8,5/5,1190.9,394.6,369.4,3587.7,1389.9823703917973,3.78727752,5.314466,0.5845466,5.676508,2.4500091667221273,,,,,
4d4b803c99fe896d0f08aba5dcc86a8f319c18a5,2026-06-22 17:55:05,iron/operators/transpose/test.py::test_transpose,M_2048-N_256-aie_columns_4-channels_1-m_64-n_64-s_8,5/5,1153.72,518.4,435.7,3565.6,1352.9748175779177,3.2781949,4.045081,0.5881585,4.813404,1.661857778742077,,,,,
4d4b803c99fe896d0f08aba5dcc86a8f319c18a5,2026-06-22 17:55:05,iron/operators/transpose/test.py::test_transpose,M_2048-N_256-aie_columns_4-channels_2-m_64-n_64-s_8,5/5,1290.3200000000002,587.0,510.9,3600.3,1326.9455214891077,2.80612748,3.572704,0.5824874,4.104972,1.5872607751841699,,,,,
4d4b803c99fe896d0f08aba5dcc86a8f319c18a5,2026-06-22 17:55:05,iron/operators/transpose/test.py::test_transpose,M_2048-N_512-aie_columns_1-channels_1-m_64-n_64-s_8,5/5,1444.2,1000.0,795.5,3406.1,1102.52459609752,3.8156932,4.194514,1.231411,5.272498,1.543175225123414,,,,,
4d4b803c99fe896d0f08aba5dcc86a8f319c18a5,2026-06-22 17:55:05,iron/operators/transpose/test.py::test_transpose,M_2048-N_512-aie_columns_1-channels_2-m_64-n_64-s_8,5/5,700.9,619.7,539.6,1108.0,234.81237190574095,6.4084892,6.767899,3.785394,7.773203,1.6078266940527823,,,,,
4d4b803c99fe896d0f08aba5dcc86a8f319c18a5,2026-06-22 17:55:05,iron/operators/transpose/test.py::test_transpose,M_2048-N_512-aie_columns_2-channels_1-m_64-n_64-s_8,5/5,1139.96,667.9,463.2,2217.3,831.586272132964,5.586438,6.280064,1.891636,9.054259,3.368388189262262,,,,,
4d4b803c99fe896d0f08aba5dcc86a8f319c18a5,2026-06-22 17:55:05,iron/operators/transpose/test.py::test_transpose,M_2048-N_512-aie_columns_2-channels_2-m_64-n_64-s_8,5/5,1307.1,613.9,540.4,3668.4,1339.286612342556,5.2879428,6.832405,1.143374,7.761538,2.7634337894010956,,,,,
4d4b803c99fe896d0f08aba5dcc86a8f319c18a5,2026-06-22 17:55:05,iron/operators/transpose/test.py::test_transpose,M_2048-N_512-aie_columns_4-channels_1-m_64-n_64-s_8,5/5,1353.78,744.6,404.6,3049.8,1095.4146621257175,5.0955024,5.632963,1.37527,10.36652,3.552173137099359,,,,,
4d4b803c99fe896d0f08aba5dcc86a8f319c18a5,2026-06-22 17:55:05,iron/operators/transpose/test.py::test_transpose,M_2048-N_512-aie_columns_4-channels_2-m_64-n_64-s_8,5/5,864.1,956.1,425.8,1228.0,329.74979150865283,5.6390877999999995,4.386948,3.41556,9.851334,2.6642073870290575,,,,,
4d4b803c99fe896d0f08aba5dcc86a8f319c18a5,2026-06-22 17:55:05,iron/operators/transpose/test.py::test_transpose,M_2048-N_64-aie_columns_1-channels_1-m_64-n_64-s_8,5/5,556.4,538.9,316.8,913.3,252.67420723136738,1.11483376,0.9729162,0.5740419,1.655028,0.4931110064563181,,,,,
4d4b803c99fe896d0f08aba5dcc86a8f319c18a5,2026-06-22 17:55:05,iron/operators/transpose/test.py::test_transpose,M_2048-N_64-aie_columns_1-channels_2-m_64-n_64-s_8,5/5,390.98,356.1,264.1,565.4,113.5709337814918,1.42916078,1.472512,0.9272639,1.98506,0.39248218612637953,,,,,
4d4b803c99fe896d0f08aba5dcc86a8f319c18a5,2026-06-22 17:55:05,iron/operators/transpose/test.py::test_transpose,M_64-N_128-aie_columns_1-channels_1-m_64-n_64-s_8,5/5,383.36,378.7,242.4,541.6,129.37937625448657,0.094121066,0.08652485,0.06050467,0.1352061,0.03257865217074564,,,,,
4d4b803c99fe896d0f08aba5dcc86a8f319c18a5,2026-06-22 17:55:05,iron/operators/transpose/test.py::test_transpose,M_64-N_128-aie_columns_2-channels_1-m_64-n_64-s_8,5/5,423.26,496.5,249.8,528.6,130.41090061800816,0.08500036999999999,0.06600025,0.06199087,0.1311617,0.03108107618563826,,,,,
4d4b803c99fe896d0f08aba5dcc86a8f319c18a5,2026-06-22 17:55:05,iron/operators/transpose/test.py::test_transpose,M_64-N_256-aie_columns_1-channels_1-m_64-n_64-s_8,5/5,444.9,525.9,246.7,615.8,160.58510204872678,0.16723288,0.1246147,0.1064245,0.2657001,0.07002849854403563,,,,,
4d4b803c99fe896d0f08aba5dcc86a8f319c18a5,2026-06-22 17:55:05,iron/operators/transpose/test.py::test_transpose,M_64-N_256-aie_columns_2-channels_1-m_64-n_64-s_8,5/5,349.36,301.9,278.1,491.9,87.72387360348378,0.19585104,0.2170807,0.1332181,0.2356274,0.041604103274412725,,,,,
4d4b803c99fe896d0f08aba5dcc86a8f319c18a5,2026-06-22 17:55:05,iron/operators/transpose/test.py::test_transpose,M_64-N_256-aie_columns_4-channels_1-m_64-n_64-s_8,5/5,396.1,437.5,215.5,525.1,126.79495258092888,0.1839002,0.1497822,0.1247979,0.3041608,0.07395852516333057,,,,,
4d4b803c99fe896d0f08aba5dcc86a8f319c18a5,2026-06-22 17:55:05,iron/operators/transpose/test.py::test_transpose,M_64-N_512-aie_columns_1-channels_1-m_64-n_64-s_8,5/5,448.86,506.6,285.7,596.6,136.75870356214995,0.31791158,0.2587227,0.2197127,0.4587476,0.10723313106720794,,,,,
4d4b803c99fe896d0f08aba5dcc86a8f319c18a5,2026-06-22 17:55:05,iron/operators/transpose/test.py::test_transpose,M_64-N_512-aie_columns_2-channels_1-m_64-n_64-s_8,5/5,679.3399999999999,386.4,290.9,1871.1,674.7142528507901,0.308384914,0.3392159,0.07005047,0.4506252,0.15962294722259854,,,,,
4d4b803c99fe896d0f08aba5dcc86a8f319c18a5,2026-06-22 17:55:05,iron/operators/transpose/test.py::test_transpose,M_64-N_512-aie_columns_4-channels_1-m_64-n_64-s_8,5/5,414.82,454.0,210.9,577.6,169.8091340299455,0.37270053999999997,0.288715,0.2269307,0.6214122,0.1769337233676017,,,,,
4d4b803c99fe896d0f08aba5dcc86a8f319c18a5,2026-06-22 17:55:05,iron/operators/transpose/test.py::test_transpose,M_64-N_64-aie_columns_1-channels_1-m_64-n_64-s_8,5/5,415.38,404.1,263.6,569.9,110.3488876246607,0.0419809,0.0405394,0.02874678,0.06216516,0.012389983536738456,,,,,
