Commit,Date,Test,Checks,Bandwidth (mean),Bandwidth (median),Bandwidth (min),Bandwidth (max),Bandwidth (stddev),Throughput (mean),Throughput (median),Throughput (min),Throughput (max),Throughput (stddev),Latency (mean),Latency (median),Latency (min),Latency (max),Latency (stddev),Test Path
7e6b95b65dcb69d511057cd3d8b565db1e1227e6,2026-04-27 20:54:43,M_128-K_128-num_aie_columns_1-tile_size_input_32-tile_size_output_128,5/5,0.23231402,0.2207394,0.2048769,0.2646121,0.025238613135768775,0.22873997999999998,0.2173434,0.201725,0.2605412,0.024850319340443086,,,,,,n/a
5503a9566e74d9b7c3221a857d903c0e3b1b7a98,2026-05-11 23:33:34,M_128-K_128-num_aie_columns_1-tile_size_input_32-tile_size_output_128,5/5,0.24590324,0.2511092,0.2021466,0.2803825,0.03166958499559158,0.24212008,0.2472459,0.1990366,0.2760689,0.03118239325696473,,,,,,iron/operators/gemv/test.py::test_gemv
7e6b95b65dcb69d511057cd3d8b565db1e1227e6,2026-04-27 20:54:43,M_1792-K_896-N_1152-num_aie_columns_8-b_col_maj_False-c_col_maj_True-m_64-k_32-n_48-trace_size_0-partition_N_1,5/5,4.1680294,4.131563,3.464792,4.978065,0.5374835347155297,1639.5606,1625.216,1362.931,1958.201,211.42769180573296,2286.18,2276.2,1889.2,2714.3,292.1989253915901,n/a
5503a9566e74d9b7c3221a857d903c0e3b1b7a98,2026-05-11 23:33:34,M_1792-K_896-N_1152-num_aie_columns_8-b_col_maj_False-c_col_maj_True-m_64-k_32-n_48-trace_size_0-partition_N_1,5/5,4.2769022,4.231203,3.561513,5.098281,0.5490702896289326,1682.3872000000001,1664.411,1400.977,2005.49,215.98584375764074,2227.74,2222.6,1844.6,2640.6,283.6456204491795,iron/operators/gemm/test.py::test_gemm
7e6b95b65dcb69d511057cd3d8b565db1e1227e6,2026-04-27 20:54:43,M_192-K_384-N_64-num_aie_columns_4-b_col_maj_False-c_col_maj_False-m_48-k_96-n_16-trace_size_0-partition_N_1,5/5,1.07427486,0.9937594,0.6855358,1.520416,0.3598412854392586,45.835724,42.4004,29.24953,64.87107,15.35322100718706,225.6,222.6,145.5,322.6,74.9380744348292,n/a
5503a9566e74d9b7c3221a857d903c0e3b1b7a98,2026-05-11 23:33:34,M_192-K_384-N_64-num_aie_columns_4-b_col_maj_False-c_col_maj_False-m_48-k_96-n_16-trace_size_0-partition_N_1,5/5,0.8011388,0.86155,0.5635907,0.9762281,0.18110898830241695,34.181924,36.75947,24.04654,41.6524,7.727317884649887,289.03999999999996,256.7,226.6,392.5,72.08809194312192,iron/operators/gemm/test.py::test_gemm
7e6b95b65dcb69d511057cd3d8b565db1e1227e6,2026-04-27 20:54:43,M_192-K_384-N_64-num_aie_columns_4-b_col_maj_True-c_col_maj_True-m_48-k_96-n_16-trace_size_0-partition_N_1,5/5,0.8544435,0.9229652,0.6590153,0.9730843,0.13962652372814058,36.456255999999996,39.37985,28.11799,41.51826,5.957397596256271,265.04,239.6,227.3,335.6,47.481817572624585,n/a
5503a9566e74d9b7c3221a857d903c0e3b1b7a98,2026-05-11 23:33:34,M_192-K_384-N_64-num_aie_columns_4-b_col_maj_True-c_col_maj_True-m_48-k_96-n_16-trace_size_0-partition_N_1,5/5,1.16293644,1.086595,0.9511572,1.398217,0.18044913019703918,49.618618,46.36138,40.58271,59.65727,7.699163294415179,193.84,203.6,158.2,232.5,29.620820380266316,iron/operators/gemm/test.py::test_gemm
7e6b95b65dcb69d511057cd3d8b565db1e1227e6,2026-04-27 20:54:43,M_2048-K_2048-N_2048-num_aie_columns_1-b_col_maj_False-c_col_maj_False-m_64-k_64-n_64-trace_size_0-partition_N_1,5/5,0.51093932,0.5111246,0.5099648,0.5113333,0.0005562677385935747,348.80124,348.9277,348.136,349.0702,0.379731975214093,49254.1,49236.2,49216.1,49348.2,53.70526044997723,n/a
5503a9566e74d9b7c3221a857d903c0e3b1b7a98,2026-05-11 23:33:34,M_2048-K_2048-N_2048-num_aie_columns_1-b_col_maj_False-c_col_maj_False-m_64-k_64-n_64-trace_size_0-partition_N_1,5/5,0.51494484,0.5151955,0.5130272,0.516049,0.0012324077746427818,351.53568,351.7068,350.2265,352.2895,0.8413712955645654,48871.12,48847.1,48766.3,49053.6,117.16280126388193,iron/operators/gemm/test.py::test_gemm
7e6b95b65dcb69d511057cd3d8b565db1e1227e6,2026-04-27 20:54:43,M_2048-K_2048-N_2048-num_aie_columns_2-b_col_maj_False-c_col_maj_True-m_8-k_16-n_32-trace_size_0-partition_N_1,5/5,0.21430606,0.2141468,0.2122803,0.216547,0.001995360312825722,146.29962,146.1909,144.9167,147.8294,1.3621740516541918,117437.5,117516.7,116214.1,118550.0,1092.7364755511717,n/a
5503a9566e74d9b7c3221a857d903c0e3b1b7a98,2026-05-11 23:33:34,M_2048-K_2048-N_2048-num_aie_columns_2-b_col_maj_False-c_col_maj_True-m_8-k_16-n_32-trace_size_0-partition_N_1,5/5,0.21208492,0.2110267,0.2088807,0.2158205,0.0029148029285013385,144.7833,144.0609,142.5959,147.3334,1.9898014737656664,118677.06,119254.2,116605.4,120479.4,1625.580172738338,iron/operators/gemm/test.py::test_gemm
7e6b95b65dcb69d511057cd3d8b565db1e1227e6,2026-04-27 20:54:43,M_2048-K_2048-N_2048-num_aie_columns_2-b_col_maj_True-c_col_maj_False-m_64-k_64-n_64-trace_size_0-partition_N_1,5/5,0.88064226,0.8768569,0.8738721,0.8925758,0.007495181123428575,601.18514,598.601,596.5634,609.3318,5.1167124804898085,28578.32,28700.0,28194.6,28798.1,241.66577540065563,n/a
5503a9566e74d9b7c3221a857d903c0e3b1b7a98,2026-05-11 23:33:34,M_2048-K_2048-N_2048-num_aie_columns_2-b_col_maj_True-c_col_maj_False-m_64-k_64-n_64-trace_size_0-partition_N_1,5/5,0.87899038,0.8800514,0.8623993,0.8907838,0.011428128961776739,600.05744,600.7818,588.7313,608.1084,7.801585739002021,28634.28,28595.9,28251.3,29181.2,374.2685626659019,iron/operators/gemm/test.py::test_gemm
7e6b95b65dcb69d511057cd3d8b565db1e1227e6,2026-04-27 20:54:43,M_2048-K_2048-N_2048-num_aie_columns_8-b_col_maj_False-c_col_maj_False-m_32-k_32-n_128-trace_size_0-partition_N_1,5/5,3.4298662,3.355696,3.32771,3.634304,0.13542076916485152,2341.455,2290.821,2271.716,2481.018,92.44725840175039,7346.18,7499.4,6924.5,7562.5,283.01743232528986,n/a
5503a9566e74d9b7c3221a857d903c0e3b1b7a98,2026-05-11 23:33:34,M_2048-K_2048-N_2048-num_aie_columns_8-b_col_maj_False-c_col_maj_False-m_32-k_32-n_128-trace_size_0-partition_N_1,5/5,3.318261,3.325963,3.263969,3.361905,0.03547442058018715,2265.2662,2270.524,2228.203,2295.06,24.21699007308709,7584.74,7566.5,7485.6,7710.2,81.46593152968897,iron/operators/gemm/test.py::test_gemm
7e6b95b65dcb69d511057cd3d8b565db1e1227e6,2026-04-27 20:54:43,M_2048-K_2048-N_2048-num_aie_columns_8-b_col_maj_True-c_col_maj_False-m_128-k_32-n_32-trace_size_0-partition_N_1,5/5,2.866712,2.820496,2.701803,3.135374,0.1632223585220481,1957.0088,1925.459,1844.431,2140.415,111.42631044865477,8800.48,8922.5,8026.4,9314.5,479.8601952652461,n/a
5503a9566e74d9b7c3221a857d903c0e3b1b7a98,2026-05-11 23:33:34,M_2048-K_2048-N_2048-num_aie_columns_8-b_col_maj_True-c_col_maj_False-m_128-k_32-n_32-trace_size_0-partition_N_1,5/5,2.8382568,2.812011,2.738224,2.992932,0.09402098587389947,1937.5832,1919.666,1869.294,2043.175,64.18510736689622,8874.26,8949.4,8408.4,9190.6,286.73269433393904,iron/operators/gemm/test.py::test_gemm
7e6b95b65dcb69d511057cd3d8b565db1e1227e6,2026-04-27 20:54:43,M_2048-K_2048-N_2048-num_aie_columns_8-b_col_maj_True-c_col_maj_True-m_64-k_64-n_64-trace_size_0-partition_N_1,5/5,3.4410778,3.465654,3.221453,3.624722,0.14625018020741043,2349.1092,2365.887,2199.178,2474.477,99.84043237186026,7324.1,7261.5,6942.8,7811.9,316.76454189192305,n/a
5503a9566e74d9b7c3221a857d903c0e3b1b7a98,2026-05-11 23:33:34,M_2048-K_2048-N_2048-num_aie_columns_8-b_col_maj_True-c_col_maj_True-m_64-k_64-n_64-trace_size_0-partition_N_1,5/5,3.2395534,3.249325,3.118199,3.336522,0.09174197474057325,2211.5352,2218.206,2128.691,2277.732,62.6289798392087,7773.3,7744.9,7542.5,8070.6,221.59881543004693,iron/operators/gemm/test.py::test_gemm
7e6b95b65dcb69d511057cd3d8b565db1e1227e6,2026-04-27 20:54:43,M_2048-K_2048-N_8192-num_aie_columns_2-b_col_maj_False-c_col_maj_False-m_64-k_64-n_64-trace_size_0-partition_N_1,5/5,0.77232914,0.7723659,0.7712192,0.7730912,0.0007368816886040766,702.99112,703.0246,701.9808,703.6848,0.6707496492731011,97753.04000000001,97748.3,97656.6,97893.7,93.33781655898962,n/a
5503a9566e74d9b7c3221a857d903c0e3b1b7a98,2026-05-11 23:33:34,M_2048-K_2048-N_8192-num_aie_columns_2-b_col_maj_False-c_col_maj_False-m_64-k_64-n_64-trace_size_0-partition_N_1,5/5,0.77991966,0.7800508,0.7790267,0.7802893,0.0005127355585484693,709.9002,710.0195,709.0874,710.2367,0.4667110990752179,96801.62,96785.3,96755.7,96912.6,63.720381354793595,iron/operators/gemm/test.py::test_gemm
7e6b95b65dcb69d511057cd3d8b565db1e1227e6,2026-04-27 20:54:43,M_2048-K_2048-N_8192-num_aie_columns_2-b_col_maj_False-c_col_maj_True-m_64-k_64-n_64-trace_size_0-partition_N_1,5/5,0.73476366,0.7347738,0.7345454,0.7350437,0.00020545681541382201,668.79818,668.8074,668.5995,669.0531,0.18700943024348185,102750.68,102749.3,102711.5,102781.2,28.735552891844566,n/a
5503a9566e74d9b7c3221a857d903c0e3b1b7a98,2026-05-11 23:33:34,M_2048-K_2048-N_8192-num_aie_columns_2-b_col_maj_False-c_col_maj_True-m_64-k_64-n_64-trace_size_0-partition_N_1,5/5,0.7323012400000001,0.7323188,0.7316791,0.7327335,0.00041911696219552836,666.55688,666.5729,665.9906,666.9503,0.38147725620278655,103096.22,103093.7,103035.4,103183.9,59.035218302298055,iron/operators/gemm/test.py::test_gemm
7e6b95b65dcb69d511057cd3d8b565db1e1227e6,2026-04-27 20:54:43,M_2048-K_2048-N_8192-num_aie_columns_2-b_col_maj_True-c_col_maj_False-m_64-k_64-n_64-trace_size_0-partition_N_1,5/5,0.68903942,0.6890921,0.6867288,0.690449,0.0014205039236130155,627.17898,627.227,625.0758,628.462,1.2929731791495283,109569.54000000001,109560.8,109345.5,109937.8,226.23198933837878,n/a
5503a9566e74d9b7c3221a857d903c0e3b1b7a98,2026-05-11 23:33:34,M_2048-K_2048-N_8192-num_aie_columns_2-b_col_maj_True-c_col_maj_False-m_64-k_64-n_64-trace_size_0-partition_N_1,5/5,0.68893904,0.6886154,0.6868489,0.6906239,0.0015698574817479363,627.08768,626.7931,625.1852,628.6213,1.4289378369964219,109585.58,109636.6,109317.8,109918.6,249.76585435163216,iron/operators/gemm/test.py::test_gemm
7e6b95b65dcb69d511057cd3d8b565db1e1227e6,2026-04-27 20:54:43,M_2048-K_64-N_2048-num_aie_columns_2-b_col_maj_False-c_col_maj_False-m_64-k_64-n_64-trace_size_0-partition_N_1,5/5,6.700063,6.582427,6.254361,7.172768,0.394024366547933,403.58028,396.4944,376.7333,432.0538,23.73416580010767,1333.92,1354.0,1242.6,1425.1,77.82825322464842,n/a
5503a9566e74d9b7c3221a857d903c0e3b1b7a98,2026-05-11 23:33:34,M_2048-K_64-N_2048-num_aie_columns_2-b_col_maj_False-c_col_maj_False-m_64-k_64-n_64-trace_size_0-partition_N_1,5/5,7.135579,7.050773,6.767251,7.749226,0.39098979778697557,429.8137,424.7054,407.6274,466.7769,23.551376294284804,1252.0,1264.1,1150.2,1317.1,66.33102592301732,iron/operators/gemm/test.py::test_gemm
7e6b95b65dcb69d511057cd3d8b565db1e1227e6,2026-04-27 20:54:43,M_2048-K_64-N_2048-num_aie_columns_2-b_col_maj_False-c_col_maj_True-m_64-k_64-n_64-trace_size_0-partition_N_1,5/5,6.7826334,6.745239,6.341072,7.282391,0.3354224286646616,408.55392,406.3015,381.9563,438.6569,20.204257935197724,1316.64,1321.4,1223.9,1405.6,64.57006272259608,n/a
5503a9566e74d9b7c3221a857d903c0e3b1b7a98,2026-05-11 23:33:34,M_2048-K_64-N_2048-num_aie_columns_2-b_col_maj_False-c_col_maj_True-m_64-k_64-n_64-trace_size_0-partition_N_1,5/5,6.76458,6.728862,6.637392,6.888141,0.1005399705664368,407.46648,405.315,399.8053,414.9092,6.056035245686737,1317.82,1324.6,1293.9,1342.8,19.57541825862216,iron/operators/gemm/test.py::test_gemm
7e6b95b65dcb69d511057cd3d8b565db1e1227e6,2026-04-27 20:54:43,M_2048-K_64-N_2048-num_aie_columns_2-b_col_maj_True-c_col_maj_False-m_64-k_64-n_64-trace_size_0-partition_N_1,5/5,5.9290548,6.519473,4.544317,7.057534,1.1166421497716714,357.13836,392.7024,273.7283,425.1126,67.26126184761182,1550.24,1367.1,1262.9,1961.3,312.84714798124656,n/a
5503a9566e74d9b7c3221a857d903c0e3b1b7a98,2026-05-11 23:33:34,M_2048-K_64-N_2048-num_aie_columns_2-b_col_maj_True-c_col_maj_False-m_64-k_64-n_64-trace_size_0-partition_N_1,5/5,6.442781,6.795945,4.840656,7.070613,0.9069433454563189,388.0828,409.3558,291.5783,425.9004,54.63001289872627,1410.6599999999999,1311.5,1260.6,1841.3,242.2288029941939,iron/operators/gemm/test.py::test_gemm
7e6b95b65dcb69d511057cd3d8b565db1e1227e6,2026-04-27 20:54:43,M_2048-K_64-N_8192-num_aie_columns_2-b_col_maj_False-c_col_maj_False-m_64-k_64-n_64-trace_size_0-partition_N_1,5/5,7.722930799999999,7.807849,7.169882,8.152178,0.36370002781096916,475.68608,480.9165,441.6216,502.1251,22.401724310798038,4522.72,4465.4,4276.8,4862.7,218.2438704752094,n/a
5503a9566e74d9b7c3221a857d903c0e3b1b7a98,2026-05-11 23:33:34,M_2048-K_64-N_8192-num_aie_columns_2-b_col_maj_False-c_col_maj_False-m_64-k_64-n_64-trace_size_0-partition_N_1,5/5,7.9138117999999995,7.945063,7.338149,8.438634,0.4064173162633455,487.4432,489.3681,451.9858,519.7691,25.032879427764595,4415.02,4388.3,4131.6,4751.2,229.49344652952487,iron/operators/gemm/test.py::test_gemm
7e6b95b65dcb69d511057cd3d8b565db1e1227e6,2026-04-27 20:54:43,M_2048-K_64-N_8192-num_aie_columns_2-b_col_maj_False-c_col_maj_True-m_64-k_64-n_64-trace_size_0-partition_N_1,5/5,7.4481888,7.614602,6.974213,7.914124,0.41315836111798593,458.76364,469.0137,429.5696,487.4624,25.448055438932855,4692.7,4578.7,4405.4,4999.2,263.17386838362194,n/a
5503a9566e74d9b7c3221a857d903c0e3b1b7a98,2026-05-11 23:33:34,M_2048-K_64-N_8192-num_aie_columns_2-b_col_maj_False-c_col_maj_True-m_64-k_64-n_64-trace_size_0-partition_N_1,5/5,7.5733196000000005,7.569503,7.16177,7.990508,0.294754596660171,466.47092,466.2358,441.122,492.1672,18.1550842035227,4609.26,4606.0,4363.3,4868.2,179.66400028942903,iron/operators/gemm/test.py::test_gemm
7e6b95b65dcb69d511057cd3d8b565db1e1227e6,2026-04-27 20:54:43,M_2048-K_64-N_8192-num_aie_columns_2-b_col_maj_True-c_col_maj_False-m_64-k_64-n_64-trace_size_0-partition_N_1,5/5,7.205711,7.291754,6.94913,7.315437,0.1566317876422279,443.82846,449.1282,428.0246,450.5869,9.64758122344662,4840.4,4781.4,4766.0,5017.2,107.35117605317602,n/a
5503a9566e74d9b7c3221a857d903c0e3b1b7a98,2026-05-11 23:33:34,M_2048-K_64-N_8192-num_aie_columns_2-b_col_maj_True-c_col_maj_False-m_64-k_64-n_64-trace_size_0-partition_N_1,5/5,7.2935448,7.370993,6.907696,7.470252,0.2238602498160406,449.2385,454.0088,425.4725,460.1226,13.788463038533324,4784.0,4730.0,4667.2,5047.3,152.0880501551652,iron/operators/gemm/test.py::test_gemm
7e6b95b65dcb69d511057cd3d8b565db1e1227e6,2026-04-27 20:54:43,M_2048-K_8192-N_2048-num_aie_columns_2-b_col_maj_False-c_col_maj_False-m_64-k_64-n_64-trace_size_0-partition_N_1,5/5,0.7782294,0.7785843,0.7765876,0.7787808,0.000926708603067849,708.3617,708.6848,706.8673,708.8636,0.8435102666832225,97011.96,96967.6,96943.2,97216.9,115.67261127855284,n/a
5503a9566e74d9b7c3221a857d903c0e3b1b7a98,2026-05-11 23:33:34,M_2048-K_8192-N_2048-num_aie_columns_2-b_col_maj_False-c_col_maj_False-m_64-k_64-n_64-trace_size_0-partition_N_1,5/5,0.78606096,0.7859938,0.7859393,0.7862022,0.00012991679260204725,715.49014,715.429,715.3794,715.6187,0.11825759172246679,96045.32,96053.5,96028.1,96060.2,15.852349983519352,iron/operators/gemm/test.py::test_gemm
7e6b95b65dcb69d511057cd3d8b565db1e1227e6,2026-04-27 20:54:43,M_2048-K_8192-N_2048-num_aie_columns_2-b_col_maj_False-c_col_maj_True-m_64-k_64-n_64-trace_size_0-partition_N_1,5/5,0.7397736,0.7400075,0.738763,0.7401041,0.0005671631863934995,673.35836,673.5713,672.4385,673.6592,0.5162385717863508,102054.88,102022.6,102009.3,102194.4,78.2982566855696,n/a
5503a9566e74d9b7c3221a857d903c0e3b1b7a98,2026-05-11 23:33:34,M_2048-K_8192-N_2048-num_aie_columns_2-b_col_maj_False-c_col_maj_True-m_64-k_64-n_64-trace_size_0-partition_N_1,5/5,0.73800968,0.7379142,0.7375944,0.7386593,0.0004174769897850724,671.7528,671.6659,671.3748,672.3441,0.3799834535871255,102298.8,102312.0,102208.8,102356.4,57.85637389259507,iron/operators/gemm/test.py::test_gemm
7e6b95b65dcb69d511057cd3d8b565db1e1227e6,2026-04-27 20:54:43,M_2048-K_8192-N_2048-num_aie_columns_2-b_col_maj_True-c_col_maj_False-m_64-k_64-n_64-trace_size_0-partition_N_1,5/5,0.69669964,0.6968649,0.6947726,0.6979577,0.0012148392416283153,634.15152,634.3019,632.3975,635.2967,1.1057962570021447,108364.7,108338.7,108169.1,108665.0,189.17551374318995,n/a
5503a9566e74d9b7c3221a857d903c0e3b1b7a98,2026-05-11 23:33:34,M_2048-K_8192-N_2048-num_aie_columns_2-b_col_maj_True-c_col_maj_False-m_64-k_64-n_64-trace_size_0-partition_N_1,5/5,0.6974919,0.6975793,0.6961967,0.6984527,0.0008337008696169316,634.87262,634.9522,633.6937,635.7472,0.7588580315183984,108241.5,108227.8,108092.5,108442.7,129.43567900698665,iron/operators/gemm/test.py::test_gemm
7e6b95b65dcb69d511057cd3d8b565db1e1227e6,2026-04-27 20:54:43,M_2048-K_8192-num_aie_columns_1-tile_size_input_1-tile_size_output_2048,5/5,13.003388,13.1413,12.27126,13.33,0.41772710053335066,12.995455999999999,13.13328,12.26377,13.32187,0.4174747910113859,,,,,,n/a
5503a9566e74d9b7c3221a857d903c0e3b1b7a98,2026-05-11 23:33:34,M_2048-K_8192-num_aie_columns_1-tile_size_input_1-tile_size_output_2048,5/5,12.978542,13.1511,12.21286,13.33224,0.44601629165311935,12.970626,13.14308,12.20541,13.32411,0.4457449460509896,,,,,,iron/operators/gemv/test.py::test_gemv
7e6b95b65dcb69d511057cd3d8b565db1e1227e6,2026-04-27 20:54:43,M_2048-K_8192-num_aie_columns_2-tile_size_input_1-tile_size_output_1024,5/5,24.1699,24.12675,23.76993,24.64304,0.3118779889636331,24.15516,24.11204,23.75543,24.62801,0.3116885503992726,,,,,,n/a
5503a9566e74d9b7c3221a857d903c0e3b1b7a98,2026-05-11 23:33:34,M_2048-K_8192-num_aie_columns_2-tile_size_input_1-tile_size_output_1024,5/5,23.07022,24.21026,19.21994,24.76563,2.2670300153835634,23.056148,24.19549,19.20822,24.75052,2.2656449647661034,,,,,,iron/operators/gemv/test.py::test_gemv
7e6b95b65dcb69d511057cd3d8b565db1e1227e6,2026-04-27 20:54:43,M_2048-K_8192-num_aie_columns_4-tile_size_input_1-tile_size_output_512,5/5,40.29923,40.1042,38.79138,42.02285,1.1613499279717552,40.274648,40.07973,38.76772,41.99722,1.1606422882481928,,,,,,n/a
5503a9566e74d9b7c3221a857d903c0e3b1b7a98,2026-05-11 23:33:34,M_2048-K_8192-num_aie_columns_4-tile_size_input_1-tile_size_output_512,5/5,39.3982,39.36047,38.01774,41.75423,1.473883187959615,39.374166,39.33646,37.99455,41.72876,1.472985262224305,,,,,,iron/operators/gemv/test.py::test_gemv
7e6b95b65dcb69d511057cd3d8b565db1e1227e6,2026-04-27 20:54:43,M_2048-K_8192-num_aie_columns_8-tile_size_input_1-tile_size_output_256,5/5,41.220132,41.1998,39.97032,42.77647,1.0799745722330694,41.19499,41.17467,39.94594,42.75038,1.0793164158623731,,,,,,n/a
5503a9566e74d9b7c3221a857d903c0e3b1b7a98,2026-05-11 23:33:34,M_2048-K_8192-num_aie_columns_8-tile_size_input_1-tile_size_output_256,5/5,42.431218,42.10311,42.01228,43.82656,0.7810773611621328,42.405332,42.07742,41.98665,43.79982,0.7805993253712167,,,,,,iron/operators/gemv/test.py::test_gemv
7e6b95b65dcb69d511057cd3d8b565db1e1227e6,2026-04-27 20:54:43,M_2048-N_128-aie_columns_1-channels_1-m_64-n_64-s_8,5/5,4.5092944,4.503941,4.305171,4.641791,0.13170078183063305,,,,,,232.7,232.8,225.9,243.6,6.926037828369115,n/a
5503a9566e74d9b7c3221a857d903c0e3b1b7a98,2026-05-11 23:33:34,M_2048-N_128-aie_columns_1-channels_1-m_64-n_64-s_8,5/5,4.7963778,4.721741,4.209881,5.477452,0.4735974426289695,,,,,,220.3,222.1,191.4,249.1,21.47195845748589,iron/operators/transpose/test.py::test_transpose
7e6b95b65dcb69d511057cd3d8b565db1e1227e6,2026-04-27 20:54:43,M_2048-N_128-aie_columns_1-channels_2-m_64-n_64-s_8,5/5,4.4815352,4.431102,3.53063,5.287373,0.763050519149748,,,,,,239.64,236.6,198.3,297.0,41.969548484585815,n/a
5503a9566e74d9b7c3221a857d903c0e3b1b7a98,2026-05-11 23:33:34,M_2048-N_128-aie_columns_1-channels_2-m_64-n_64-s_8,5/5,4.6613448,4.686855,4.361997,5.09282,0.2893803172914495,,,,,,225.64,223.7,205.9,240.4,13.699927007104817,iron/operators/transpose/test.py::test_transpose
7e6b95b65dcb69d511057cd3d8b565db1e1227e6,2026-04-27 20:54:43,M_2048-N_128-aie_columns_2-channels_1-m_64-n_64-s_8,5/5,4.4415654,4.486386,3.954145,4.77672,0.325543877075426,,,,,,237.14,233.7,219.5,265.2,18.119961368612238,n/a
5503a9566e74d9b7c3221a857d903c0e3b1b7a98,2026-05-11 23:33:34,M_2048-N_128-aie_columns_2-channels_1-m_64-n_64-s_8,5/5,4.5899426,4.34389,4.105333,5.758338,0.6854354174991981,,,,,,232.04,241.4,182.1,255.4,30.200215231021126,iron/operators/transpose/test.py::test_transpose
7e6b95b65dcb69d511057cd3d8b565db1e1227e6,2026-04-27 20:54:43,M_2048-N_128-aie_columns_2-channels_2-m_64-n_64-s_8,5/5,4.7981646,4.86716,4.403136,4.989916,0.23066836978181476,,,,,,218.94,215.4,210.1,238.1,11.099234207818123,n/a
5503a9566e74d9b7c3221a857d903c0e3b1b7a98,2026-05-11 23:33:34,M_2048-N_128-aie_columns_2-channels_2-m_64-n_64-s_8,5/5,4.7550882,4.576776,4.333818,5.456616,0.4477115519653253,,,,,,222.0,229.1,192.2,242.0,19.725237641154038,iron/operators/transpose/test.py::test_transpose
7e6b95b65dcb69d511057cd3d8b565db1e1227e6,2026-04-27 20:54:43,M_2048-N_256-aie_columns_1-channels_1-m_64-n_64-s_8,5/5,8.0360512,7.797235,7.628143,8.738243,0.497594818404694,,,,,,261.74,269.0,240.0,274.9,15.749698409810893,n/a
5503a9566e74d9b7c3221a857d903c0e3b1b7a98,2026-05-11 23:33:34,M_2048-N_256-aie_columns_1-channels_1-m_64-n_64-s_8,5/5,8.198639,8.026792,7.420946,9.298731,0.7073536607571209,,,,,,257.26,261.3,225.5,282.6,21.308284773768168,iron/operators/transpose/test.py::test_transpose
7e6b95b65dcb69d511057cd3d8b565db1e1227e6,2026-04-27 20:54:43,M_2048-N_256-aie_columns_1-channels_2-m_64-n_64-s_8,5/5,8.3129462,8.049097,7.636504,9.035125,0.5969292719625164,,,,,,253.3,260.5,232.1,274.6,17.969557590547424,n/a
5503a9566e74d9b7c3221a857d903c0e3b1b7a98,2026-05-11 23:33:34,M_2048-N_256-aie_columns_1-channels_2-m_64-n_64-s_8,5/5,7.8947742,7.953308,6.943844,8.55708,0.6030733609961558,,,,,,266.96,263.7,245.1,302.0,21.52098975419114,iron/operators/transpose/test.py::test_transpose
7e6b95b65dcb69d511057cd3d8b565db1e1227e6,2026-04-27 20:54:43,M_2048-N_256-aie_columns_2-channels_1-m_64-n_64-s_8,5/5,8.0875814,8.042615,7.521526,8.833424,0.5215681114694422,,,,,,260.16,260.8,237.4,278.8,16.462928050623315,n/a
5503a9566e74d9b7c3221a857d903c0e3b1b7a98,2026-05-11 23:33:34,M_2048-N_256-aie_columns_2-channels_1-m_64-n_64-s_8,5/5,7.7730916,7.729527,6.742322,8.908168,0.8002134673306243,,,,,,272.08000000000004,271.3,235.4,311.0,27.906038772996784,iron/operators/transpose/test.py::test_transpose
7e6b95b65dcb69d511057cd3d8b565db1e1227e6,2026-04-27 20:54:43,M_2048-N_256-aie_columns_2-channels_2-m_64-n_64-s_8,5/5,8.170418399999999,8.94972,5.35351,9.751066,1.7659492607414573,,,,,,269.04,234.3,215.1,391.7,72.34430177975318,n/a
5503a9566e74d9b7c3221a857d903c0e3b1b7a98,2026-05-11 23:33:34,M_2048-N_256-aie_columns_2-channels_2-m_64-n_64-s_8,5/5,8.0736712,8.025564,7.157051,9.247844,0.900239523141314,,,,,,262.32,261.3,226.8,293.0,28.854583691330568,iron/operators/transpose/test.py::test_transpose
7e6b95b65dcb69d511057cd3d8b565db1e1227e6,2026-04-27 20:54:43,M_2048-N_256-aie_columns_4-channels_1-m_64-n_64-s_8,5/5,7.7864396,7.865195,6.365113,8.908584,1.00696446926334,,,,,,273.16,266.6,235.4,329.5,37.30995845615484,n/a
5503a9566e74d9b7c3221a857d903c0e3b1b7a98,2026-05-11 23:33:34,M_2048-N_256-aie_columns_4-channels_1-m_64-n_64-s_8,5/5,8.3298366,8.217133,7.442859,9.998341,0.9887183198187944,,,,,,254.36,255.2,209.8,281.8,27.314245367573307,iron/operators/transpose/test.py::test_transpose
7e6b95b65dcb69d511057cd3d8b565db1e1227e6,2026-04-27 20:54:43,M_2048-N_256-aie_columns_4-channels_2-m_64-n_64-s_8,5/5,8.397985,7.977936,7.320056,9.7488,1.1610696161367755,,,,,,253.48,262.9,215.1,286.5,33.96118372495282,n/a
5503a9566e74d9b7c3221a857d903c0e3b1b7a98,2026-05-11 23:33:34,M_2048-N_256-aie_columns_4-channels_2-m_64-n_64-s_8,5/5,8.60903,8.517391,5.625694,11.83508,2.2026471732123825,,,,,,257.6,246.2,177.2,372.8,71.07024693920798,iron/operators/transpose/test.py::test_transpose
7e6b95b65dcb69d511057cd3d8b565db1e1227e6,2026-04-27 20:54:43,M_2048-N_512-aie_columns_1-channels_1-m_64-n_64-s_8,5/5,11.0099934,11.0181,9.811857,12.51258,0.9746984663385903,,,,,,383.3,380.7,335.2,427.5,33.04670936719722,n/a
5503a9566e74d9b7c3221a857d903c0e3b1b7a98,2026-05-11 23:33:34,M_2048-N_512-aie_columns_1-channels_1-m_64-n_64-s_8,5/5,11.103934,11.10068,10.17055,11.99034,0.740627529315512,,,,,,379.08,377.8,349.8,412.4,25.458338516093296,iron/operators/transpose/test.py::test_transpose
7e6b95b65dcb69d511057cd3d8b565db1e1227e6,2026-04-27 20:54:43,M_2048-N_512-aie_columns_1-channels_2-m_64-n_64-s_8,5/5,12.069626,11.74747,10.97652,14.0274,1.1808806982417823,,,,,,349.96,357.0,299.0,382.1,31.70288630393139,n/a
5503a9566e74d9b7c3221a857d903c0e3b1b7a98,2026-05-11 23:33:34,M_2048-N_512-aie_columns_1-channels_2-m_64-n_64-s_8,5/5,11.305088,11.22483,10.84758,11.76622,0.3909757157036737,,,,,,371.38,373.7,356.5,386.7,12.819789389845685,iron/operators/transpose/test.py::test_transpose
7e6b95b65dcb69d511057cd3d8b565db1e1227e6,2026-04-27 20:54:43,M_2048-N_512-aie_columns_2-channels_1-m_64-n_64-s_8,5/5,11.2447736,11.77524,9.763368,12.48758,1.1843072381501343,,,,,,376.46,356.2,335.9,429.6,40.99070626373741,n/a
5503a9566e74d9b7c3221a857d903c0e3b1b7a98,2026-05-11 23:33:34,M_2048-N_512-aie_columns_2-channels_1-m_64-n_64-s_8,5/5,11.278448000000001,11.39469,10.66192,11.72042,0.4774252294024692,,,,,,372.44,368.1,357.9,393.4,15.970378830823021,iron/operators/transpose/test.py::test_transpose
7e6b95b65dcb69d511057cd3d8b565db1e1227e6,2026-04-27 20:54:43,M_2048-N_512-aie_columns_2-channels_2-m_64-n_64-s_8,5/5,12.271700000000001,12.48647,10.93038,13.03218,0.795060647781036,,,,,,343.0,335.9,321.8,383.7,23.772883712330728,n/a
5503a9566e74d9b7c3221a857d903c0e3b1b7a98,2026-05-11 23:33:34,M_2048-N_512-aie_columns_2-channels_2-m_64-n_64-s_8,5/5,13.096592,13.65529,11.32014,14.72337,1.6501491494165004,,,,,,324.52,307.2,284.9,370.5,42.18183258228594,iron/operators/transpose/test.py::test_transpose
7e6b95b65dcb69d511057cd3d8b565db1e1227e6,2026-04-27 20:54:43,M_2048-N_512-aie_columns_4-channels_1-m_64-n_64-s_8,5/5,10.8918914,10.47814,8.947257,13.0156,1.5704127074975542,,,,,,391.54,400.3,322.3,468.8,56.22599932415608,n/a
5503a9566e74d9b7c3221a857d903c0e3b1b7a98,2026-05-11 23:33:34,M_2048-N_512-aie_columns_4-channels_1-m_64-n_64-s_8,5/5,12.231684,12.24993,11.03692,13.03453,0.7539420529656108,,,,,,344.0,342.4,321.8,380.0,22.157504372108335,iron/operators/transpose/test.py::test_transpose
7e6b95b65dcb69d511057cd3d8b565db1e1227e6,2026-04-27 20:54:43,M_2048-N_512-aie_columns_4-channels_2-m_64-n_64-s_8,5/5,11.972728,11.64813,10.9039,13.97822,1.1970566682367214,,,,,,352.92,360.1,300.1,384.7,32.441208362204996,n/a
5503a9566e74d9b7c3221a857d903c0e3b1b7a98,2026-05-11 23:33:34,M_2048-N_512-aie_columns_4-channels_2-m_64-n_64-s_8,5/5,12.580778,12.47299,11.89732,13.80432,0.7245619703448424,,,,,,334.24,336.3,303.8,352.5,18.29338678320665,iron/operators/transpose/test.py::test_transpose
7e6b95b65dcb69d511057cd3d8b565db1e1227e6,2026-04-27 20:54:43,M_2048-N_512-aie_columns_8-channels_1-m_64-n_64-s_8,5/5,13.0752824,14.53338,8.965272,15.98323,3.1446494194518406,,,,,,338.16,288.6,262.4,467.8,91.00413726858797,n/a
5503a9566e74d9b7c3221a857d903c0e3b1b7a98,2026-05-11 23:33:34,M_2048-N_512-aie_columns_8-channels_1-m_64-n_64-s_8,5/5,12.851142,12.34207,10.19086,15.4084,2.024982843191517,,,,,,333.1,339.8,272.2,411.6,53.85127667938803,iron/operators/transpose/test.py::test_transpose
7e6b95b65dcb69d511057cd3d8b565db1e1227e6,2026-04-27 20:54:43,M_2048-N_512-aie_columns_8-channels_2-m_64-n_64-s_8,5/5,11.5930322,11.96916,8.841431,13.09578,1.701064591592336,,,,,,369.08,350.4,320.3,474.4,62.39500781312556,n/a
5503a9566e74d9b7c3221a857d903c0e3b1b7a98,2026-05-11 23:33:34,M_2048-N_512-aie_columns_8-channels_2-m_64-n_64-s_8,5/5,12.703576,12.96187,9.78793,15.2579,1.9544661898533828,,,,,,337.0,323.6,274.9,428.5,56.25366654716829,iron/operators/transpose/test.py::test_transpose
7e6b95b65dcb69d511057cd3d8b565db1e1227e6,2026-04-27 20:54:43,M_2048-N_64-aie_columns_1-channels_1-m_64-n_64-s_8,5/5,2.5384286,2.803589,2.063858,2.861069,0.3921314045384531,,,,,,210.8,187.0,183.2,254.0,34.6267959823025,n/a
5503a9566e74d9b7c3221a857d903c0e3b1b7a98,2026-05-11 23:33:34,M_2048-N_64-aie_columns_1-channels_1-m_64-n_64-s_8,5/5,2.7149398,2.576632,2.468922,3.22161,0.3081198901405101,,,,,,194.96,203.5,162.7,212.4,20.233091706410075,iron/operators/transpose/test.py::test_transpose
7e6b95b65dcb69d511057cd3d8b565db1e1227e6,2026-04-27 20:54:43,M_2048-N_64-aie_columns_1-channels_2-m_64-n_64-s_8,5/5,2.7946574,2.688243,2.282331,3.5661,0.5053498707146367,,,,,,192.22,195.0,147.0,229.7,32.37139169081242,n/a
5503a9566e74d9b7c3221a857d903c0e3b1b7a98,2026-05-11 23:33:34,M_2048-N_64-aie_columns_1-channels_2-m_64-n_64-s_8,5/5,3.2887108,3.113885,3.004636,3.694224,0.32628296309905613,,,,,,160.64000000000001,168.4,141.9,174.5,15.418106239094348,iron/operators/transpose/test.py::test_transpose
7e6b95b65dcb69d511057cd3d8b565db1e1227e6,2026-04-27 20:54:43,M_384-K_1536-N_1792-num_aie_columns_4-b_col_maj_True-c_col_maj_False-m_32-k_48-n_64-trace_size_0-partition_N_1,5/5,3.5736012,3.527569,3.007973,4.171367,0.41425101077028176,937.15498,925.0833,788.8225,1093.915,108.63462588211458,2280.26,2285.1,1932.4,2679.9,266.969310970381,n/a
5503a9566e74d9b7c3221a857d903c0e3b1b7a98,2026-05-11 23:33:34,M_384-K_1536-N_1792-num_aie_columns_4-b_col_maj_True-c_col_maj_False-m_32-k_48-n_64-trace_size_0-partition_N_1,5/5,3.5843225999999997,3.597477,3.060122,4.107733,0.3707576190495618,939.96674,943.4164,802.4984,1077.228,97.22892549960638,2268.62,2240.7,1962.4,2634.2,239.2860150531158,iron/operators/gemm/test.py::test_gemm
7e6b95b65dcb69d511057cd3d8b565db1e1227e6,2026-04-27 20:54:43,M_64-K_512-N_256-num_aie_columns_4-b_col_maj_True-c_col_maj_False-m_16-k_64-n_64-trace_size_0-partition_N_4,5/5,0.36885602,0.3342532,0.3176895,0.5195202,0.08474633659596738,19.8794,18.01449,17.12179,27.99941,4.567383620597245,3489.58,3725.3,2396.8,3919.5,620.2346628494734,n/a
5503a9566e74d9b7c3221a857d903c0e3b1b7a98,2026-05-11 23:33:34,M_64-K_512-N_256-num_aie_columns_4-b_col_maj_True-c_col_maj_False-m_16-k_64-n_64-trace_size_0-partition_N_4,5/5,0.43277764,0.4896647,0.3169564,0.525118,0.10049938454628961,23.324438,26.39035,17.08228,28.3011,5.416389148645987,3018.56,2542.9,2371.2,3928.6,762.1457032615219,iron/operators/gemm/test.py::test_gemm
7e6b95b65dcb69d511057cd3d8b565db1e1227e6,2026-04-27 20:54:43,M_64-N_128-aie_columns_1-channels_1-m_64-n_64-s_8,5/5,0.19105274,0.1809247,0.1524604,0.2518542,0.040019782717151266,,,,,,177.16,181.1,130.1,214.9,34.12869760187166,n/a
5503a9566e74d9b7c3221a857d903c0e3b1b7a98,2026-05-11 23:33:34,M_64-N_128-aie_columns_1-channels_1-m_64-n_64-s_8,5/5,0.19357,0.19389,0.1764719,0.2110851,0.01682813189305337,,,,,,170.32,169.0,155.2,185.7,14.875046218415592,iron/operators/transpose/test.py::test_transpose
7e6b95b65dcb69d511057cd3d8b565db1e1227e6,2026-04-27 20:54:43,M_64-N_128-aie_columns_2-channels_1-m_64-n_64-s_8,5/5,0.16136144,0.1625292,0.1169521,0.1956439,0.030686645136247786,,,,,,209.72,201.6,167.5,280.2,44.31452357861923,n/a
5503a9566e74d9b7c3221a857d903c0e3b1b7a98,2026-05-11 23:33:34,M_64-N_128-aie_columns_2-channels_1-m_64-n_64-s_8,5/5,0.17871038,0.1790122,0.1696962,0.1883089,0.007808037130546966,,,,,,183.62,183.0,174.0,193.1,8.023527902363146,iron/operators/transpose/test.py::test_transpose
7e6b95b65dcb69d511057cd3d8b565db1e1227e6,2026-04-27 20:54:43,M_64-N_256-aie_columns_1-channels_1-m_64-n_64-s_8,5/5,0.37340062,0.348694,0.2936938,0.4754774,0.06851191320545647,,,,,,180.1,187.9,137.8,223.1,31.781677111190962,n/a
5503a9566e74d9b7c3221a857d903c0e3b1b7a98,2026-05-11 23:33:34,M_64-N_256-aie_columns_1-channels_1-m_64-n_64-s_8,5/5,0.3553973,0.3311772,0.2976609,0.4250506,0.05208071024693308,,,,,,187.51999999999998,197.9,154.2,220.2,26.65608748485044,iron/operators/transpose/test.py::test_transpose
7e6b95b65dcb69d511057cd3d8b565db1e1227e6,2026-04-27 20:54:43,M_64-N_256-aie_columns_2-channels_1-m_64-n_64-s_8,5/5,0.3732537,0.3693064,0.2976501,0.4629229,0.06652964978259696,,,,,,180.1,177.5,141.6,220.2,31.743660784477896,n/a
5503a9566e74d9b7c3221a857d903c0e3b1b7a98,2026-05-11 23:33:34,M_64-N_256-aie_columns_2-channels_1-m_64-n_64-s_8,5/5,0.4217517,0.3921048,0.3722029,0.5335765,0.06496389116566988,,,,,,157.96,167.1,122.8,176.1,20.986853027550367,iron/operators/transpose/test.py::test_transpose
7e6b95b65dcb69d511057cd3d8b565db1e1227e6,2026-04-27 20:54:43,M_64-N_256-aie_columns_4-channels_1-m_64-n_64-s_8,5/5,0.40255812,0.3414489,0.2707204,0.6024249,0.13767557903901115,,,,,,177.42,191.9,108.8,242.1,54.55004124654719,n/a
5503a9566e74d9b7c3221a857d903c0e3b1b7a98,2026-05-11 23:33:34,M_64-N_256-aie_columns_4-channels_1-m_64-n_64-s_8,5/5,0.3499579,0.3601117,0.2023159,0.4565887,0.09317173699247536,,,,,,201.88,182.0,143.5,323.9,70.51136078675549,iron/operators/transpose/test.py::test_transpose
7e6b95b65dcb69d511057cd3d8b565db1e1227e6,2026-04-27 20:54:43,M_64-N_512-aie_columns_1-channels_1-m_64-n_64-s_8,5/5,0.7595964000000001,0.7100671,0.6347251,0.8912219,0.11060409156373918,,,,,,175.48,184.6,147.1,206.5,25.092668251901788,n/a
5503a9566e74d9b7c3221a857d903c0e3b1b7a98,2026-05-11 23:33:34,M_64-N_512-aie_columns_1-channels_1-m_64-n_64-s_8,5/5,0.65302446,0.6346267,0.3618065,0.9939335,0.22532182346972743,,,,,,222.52,206.5,131.9,362.3,84.67970240854653,iron/operators/transpose/test.py::test_transpose
7e6b95b65dcb69d511057cd3d8b565db1e1227e6,2026-04-27 20:54:43,M_64-N_512-aie_columns_2-channels_1-m_64-n_64-s_8,5/5,0.75924952,0.7667047,0.6185472,0.8809609,0.10275776427432143,,,,,,175.3,171.0,148.8,211.9,24.78911051248108,n/a
5503a9566e74d9b7c3221a857d903c0e3b1b7a98,2026-05-11 23:33:34,M_64-N_512-aie_columns_2-channels_1-m_64-n_64-s_8,5/5,0.67836492,0.7336763,0.5557902,0.7784251,0.0990612916909627,,,,,,196.76,178.7,168.4,235.8,30.22503928864279,iron/operators/transpose/test.py::test_transpose
7e6b95b65dcb69d511057cd3d8b565db1e1227e6,2026-04-27 20:54:43,M_64-N_512-aie_columns_4-channels_1-m_64-n_64-s_8,5/5,0.69978114,0.6847924,0.6118655,0.8045669,0.08619864489023595,,,,,,189.56,191.4,162.9,214.2,23.00702066761361,n/a
5503a9566e74d9b7c3221a857d903c0e3b1b7a98,2026-05-11 23:33:34,M_64-N_512-aie_columns_4-channels_1-m_64-n_64-s_8,5/5,0.70784752,0.7297508,0.6289504,0.8169228,0.07931106504512467,,,,,,187.02,179.6,160.4,208.4,20.72756618612036,iron/operators/transpose/test.py::test_transpose
7e6b95b65dcb69d511057cd3d8b565db1e1227e6,2026-04-27 20:54:43,M_64-N_512-aie_columns_8-channels_1-m_64-n_64-s_8,5/5,0.7945177,0.6773467,0.5905155,1.220251,0.2521411946047988,,,,,,176.02,193.5,107.4,222.0,44.29618493730583,n/a
5503a9566e74d9b7c3221a857d903c0e3b1b7a98,2026-05-11 23:33:34,M_64-N_512-aie_columns_8-channels_1-m_64-n_64-s_8,5/5,0.57839714,0.5517567,0.4203653,0.8081884,0.16535903649962103,,,,,,241.44,237.6,162.2,311.8,65.69941400043079,iron/operators/transpose/test.py::test_transpose
7e6b95b65dcb69d511057cd3d8b565db1e1227e6,2026-04-27 20:54:43,M_64-N_64-aie_columns_1-channels_1-m_64-n_64-s_8,5/5,0.09758631,0.08975223,0.08222918,0.1209982,0.015771737797658825,,,,,,171.18,182.5,135.4,199.2,25.738142901149644,n/a
5503a9566e74d9b7c3221a857d903c0e3b1b7a98,2026-05-11 23:33:34,M_64-N_64-aie_columns_1-channels_1-m_64-n_64-s_8,5/5,0.099908216,0.09140205,0.07189907,0.1484045,0.028738473587571242,,,,,,173.4,179.3,110.4,227.9,42.00244040529074,iron/operators/transpose/test.py::test_transpose
7e6b95b65dcb69d511057cd3d8b565db1e1227e6,2026-04-27 20:54:43,M_8192-K_2048-num_aie_columns_1-tile_size_input_4-tile_size_output_1024,5/5,12.356034,12.44013,11.16218,13.39715,0.8213281984870605,12.348495999999999,12.43254,11.15537,13.38898,0.8208287334943875,,,,,,n/a
5503a9566e74d9b7c3221a857d903c0e3b1b7a98,2026-05-11 23:33:34,M_8192-K_2048-num_aie_columns_1-tile_size_input_4-tile_size_output_1024,5/5,12.9939,13.1723,12.49044,13.44435,0.40866455112965205,12.985972,13.16426,12.48282,13.43615,0.40841502209149944,,,,,,iron/operators/gemv/test.py::test_gemv
7e6b95b65dcb69d511057cd3d8b565db1e1227e6,2026-04-27 20:54:43,M_8192-K_2048-num_aie_columns_2-tile_size_input_4-tile_size_output_1024,5/5,23.77449,23.70721,22.69337,24.98386,0.8139239454949087,23.75999,23.69275,22.67953,24.96862,0.8134263056048784,,,,,,n/a
5503a9566e74d9b7c3221a857d903c0e3b1b7a98,2026-05-11 23:33:34,M_8192-K_2048-num_aie_columns_2-tile_size_input_4-tile_size_output_1024,5/5,24.164234,24.07667,23.60952,24.72159,0.4241848151808355,24.149494,24.06198,23.59512,24.70651,0.42392686819780623,,,,,,iron/operators/gemv/test.py::test_gemv
7e6b95b65dcb69d511057cd3d8b565db1e1227e6,2026-04-27 20:54:43,M_8192-K_2048-num_aie_columns_4-tile_size_input_4-tile_size_output_1024,5/5,40.775582,39.46939,38.21802,44.81052,2.8783978019759515,40.750708,39.44531,38.19471,44.78319,2.8766432610979056,,,,,,n/a
5503a9566e74d9b7c3221a857d903c0e3b1b7a98,2026-05-11 23:33:34,M_8192-K_2048-num_aie_columns_4-tile_size_input_4-tile_size_output_1024,5/5,39.98191,40.05487,39.1989,40.85573,0.6354038148689382,39.957519999999995,40.03044,39.17498,40.83081,0.6350202886128922,,,,,,iron/operators/gemv/test.py::test_gemv
7e6b95b65dcb69d511057cd3d8b565db1e1227e6,2026-04-27 20:54:43,M_8192-K_2048-num_aie_columns_8-tile_size_input_4-tile_size_output_1024,5/5,42.630614,42.93209,40.46111,44.68326,1.9648427281413645,42.604608,42.9059,40.43643,44.656,1.9636440728833715,,,,,,n/a
5503a9566e74d9b7c3221a857d903c0e3b1b7a98,2026-05-11 23:33:34,M_8192-K_2048-num_aie_columns_8-tile_size_input_4-tile_size_output_1024,5/5,42.236412,42.78852,38.21937,46.4149,3.0186217840878995,42.210646,42.76242,38.19605,46.38658,3.0167797038282407,,,,,,iron/operators/gemv/test.py::test_gemv
7e6b95b65dcb69d511057cd3d8b565db1e1227e6,2026-04-27 20:54:43,M_896-K_1792-N_640-num_aie_columns_8-b_col_maj_False-c_col_maj_True-m_32-k_64-n_80-trace_size_0-partition_N_1,5/5,4.7279326,4.86835,3.386722,6.629714,1.2585075241923667,1460.7682,1504.152,1046.38,2048.353,388.83541208871395,1485.16,1366.4,1003.3,1964.1,375.7284697757145,n/a
5503a9566e74d9b7c3221a857d903c0e3b1b7a98,2026-05-11 23:33:34,M_896-K_1792-N_640-num_aie_columns_8-b_col_maj_False-c_col_maj_True-m_32-k_64-n_80-trace_size_0-partition_N_1,5/5,4.932668,4.877006,3.791071,6.468433,0.9687184947065375,1524.0244,1506.827,1171.31,1998.523,299.3007786221078,1388.34,1363.9,1028.4,1754.6,258.44397458636945,iron/operators/gemm/test.py::test_gemm
7e6b95b65dcb69d511057cd3d8b565db1e1227e6,2026-04-27 20:54:43,embedding_dim_1024-hidden_dim_3584,5/5,0.0010400000000000001,0.0011,0.0009,0.0011,8.944271909999163e-05,,,,,,3924.16,3785.24,3565.88,4406.83,401.2281472553987,n/a
5503a9566e74d9b7c3221a857d903c0e3b1b7a98,2026-05-11 23:33:34,embedding_dim_1024-hidden_dim_3584,5/5,0.00106,0.0011,0.0009,0.0012,0.00011401754250991379,,,,,,3982.622,3768.7,3474.95,4763.13,513.5179543793967,iron/operators/swiglu_decode/test.py::test_swiglu_decode
7e6b95b65dcb69d511057cd3d8b565db1e1227e6,2026-04-27 20:54:43,embedding_dim_2048-hidden_dim_2048,5/5,0.00218,0.0023,0.0019,0.0023,0.00017888543819998318,,,,,,3787.0820000000003,3634.09,3574.46,4293.27,299.78193452908414,n/a
5503a9566e74d9b7c3221a857d903c0e3b1b7a98,2026-05-11 23:33:34,embedding_dim_2048-hidden_dim_2048,5/5,0.0022,0.0023,0.0018,0.0023,0.00022360679774997898,,,,,,3759.998,3554.23,3550.89,4581.45,459.21616382701507,iron/operators/swiglu_decode/test.py::test_swiglu_decode
7e6b95b65dcb69d511057cd3d8b565db1e1227e6,2026-04-27 20:54:43,input_length_1024-num_aie_columns_1-num_channels_1-tile_size_1024,30/30,0.025334267666666667,0.025549879999999997,0.01607636,0.0343316,0.00453512032358241,,,,,,167.19,160.3,119.3,254.8,32.70282440612632,n/a
5503a9566e74d9b7c3221a857d903c0e3b1b7a98,2026-05-11 23:33:34,input_length_1024-num_aie_columns_1-num_channels_1-tile_size_1024,5/5,0.02495499,0.02515677,0.01933425,0.02978887,0.00430389141587587,,,,,,168.3,162.8,137.5,211.9,30.45693681248986,iron/operators/gelu/test.py::test_gelu
5503a9566e74d9b7c3221a857d903c0e3b1b7a98,2026-05-11 23:33:34,input_length_1024-num_aie_columns_1-num_channels_1-tile_size_1024,5/5,0.024533544,0.02404687,0.02021668,0.02934413,0.003273639082142379,,,,,,169.32,170.3,139.6,202.6,22.592631542164362,iron/operators/layer_norm/test.py::test_layer_norm
5503a9566e74d9b7c3221a857d903c0e3b1b7a98,2026-05-11 23:33:34,input_length_1024-num_aie_columns_1-num_channels_1-tile_size_1024,5/5,0.022902036,0.0226116,0.01795806,0.02830939,0.00378657930915622,,,,,,182.84,181.1,144.7,228.1,30.59097906246219,iron/operators/relu/test.py::test_relu
5503a9566e74d9b7c3221a857d903c0e3b1b7a98,2026-05-11 23:33:34,input_length_1024-num_aie_columns_1-num_channels_1-tile_size_1024,5/5,0.023077788000000002,0.02336366,0.02060984,0.02536082,0.0020144033989546377,,,,,,178.58,175.3,161.5,198.7,15.81255830028778,iron/operators/sigmoid/test.py::test_sigmoid
5503a9566e74d9b7c3221a857d903c0e3b1b7a98,2026-05-11 23:33:34,input_length_1024-num_aie_columns_1-num_channels_1-tile_size_1024,5/5,0.023814532,0.02640775,0.01126934,0.03167655,0.00818733337873022,,,,,,197.68,155.1,129.3,363.5,96.65506712014637,iron/operators/silu/test.py::test_silu
5503a9566e74d9b7c3221a857d903c0e3b1b7a98,2026-05-11 23:33:34,input_length_1024-num_aie_columns_1-num_channels_1-tile_size_1024,5/5,0.024796778,0.02401557,0.02087623,0.03073137,0.0036099872507974326,,,,,,167.78,170.6,133.3,196.2,22.45978628571518,iron/operators/tanh/test.py::test_tanh
7e6b95b65dcb69d511057cd3d8b565db1e1227e6,2026-04-27 20:54:43,input_length_1024-num_aie_columns_1-num_channels_1-tile_size_1024-group_size_32,5/5,0.015442396,0.01540051,0.01431939,0.01690123,0.0011484748597945015,,,,,,170.66,170.4,155.3,183.2,12.562563432675667,n/a
5503a9566e74d9b7c3221a857d903c0e3b1b7a98,2026-05-11 23:33:34,input_length_1024-num_aie_columns_1-num_channels_1-tile_size_1024-group_size_32,5/5,0.0182706,0.01962838,0.01355246,0.02145509,0.0033070840412287674,,,,,,147.92,133.7,122.3,193.6,29.80766679899653,iron/operators/dequant/test.py::test_dequant
7e6b95b65dcb69d511057cd3d8b565db1e1227e6,2026-04-27 20:54:43,input_length_1024-num_aie_columns_1-num_channels_1-tile_size_1024-weighted_False,5/5,0.023534016,0.02416776,0.02104182,0.02478909,0.0015047367135914511,,,,,,174.66,169.5,165.2,194.7,11.921954537742542,n/a
5503a9566e74d9b7c3221a857d903c0e3b1b7a98,2026-05-11 23:33:34,input_length_1024-num_aie_columns_1-num_channels_1-tile_size_1024-weighted_False,5/5,0.023224392,0.02470044,0.01557041,0.03110288,0.006414746875923477,,,,,,188.42000000000002,165.8,131.7,263.1,55.32383753862345,iron/operators/rms_norm/test.py::test_rms_norm
7e6b95b65dcb69d511057cd3d8b565db1e1227e6,2026-04-27 20:54:43,input_length_1024-num_aie_columns_1-num_channels_1-tile_size_1024-weighted_True,5/5,0.037011786000000005,0.03695728,0.02937647,0.04200509,0.005161841353066753,,,,,,168.82,166.2,146.3,209.1,25.480129513014642,n/a
5503a9566e74d9b7c3221a857d903c0e3b1b7a98,2026-05-11 23:33:34,input_length_1024-num_aie_columns_1-num_channels_1-tile_size_1024-weighted_True,5/5,0.036758304,0.03497746,0.03018438,0.04511344,0.0055406849651942845,,,,,,170.1,175.7,136.2,203.5,24.724785135567917,iron/operators/rms_norm/test.py::test_rms_norm
7e6b95b65dcb69d511057cd3d8b565db1e1227e6,2026-04-27 20:54:43,input_length_1024-num_aie_columns_1-num_channels_2-tile_size_512,25/25,0.026097022,0.02545744,0.01172483,0.04337651,0.006983326782467294,,,,,,169.08,160.9,94.4,349.3,51.91789993184753,n/a
5503a9566e74d9b7c3221a857d903c0e3b1b7a98,2026-05-11 23:33:34,input_length_1024-num_aie_columns_1-num_channels_2-tile_size_512,5/5,0.025879575999999998,0.02723115,0.01809987,0.03162055,0.0052125970682165715,,,,,,164.32,150.4,129.5,226.3,38.11065467818678,iron/operators/gelu/test.py::test_gelu
5503a9566e74d9b7c3221a857d903c0e3b1b7a98,2026-05-11 23:33:34,input_length_1024-num_aie_columns_1-num_channels_2-tile_size_512,5/5,0.023009076,0.02332388,0.01937541,0.0253737,0.0023170527278268834,,,,,,179.58,175.6,161.4,211.4,19.5100486929172,iron/operators/layer_norm/test.py::test_layer_norm
5503a9566e74d9b7c3221a857d903c0e3b1b7a98,2026-05-11 23:33:34,input_length_1024-num_aie_columns_1-num_channels_2-tile_size_512,5/5,0.022576384,0.02202435,0.01776452,0.02918876,0.004132782323620494,,,,,,186.06,186.0,140.3,230.6,32.033310787366325,iron/operators/relu/test.py::test_relu
5503a9566e74d9b7c3221a857d903c0e3b1b7a98,2026-05-11 23:33:34,input_length_1024-num_aie_columns_1-num_channels_2-tile_size_512,5/5,0.02355764,0.02374094,0.0204378,0.02584504,0.002101548028846831,,,,,,175.04,172.5,158.5,200.4,16.362090331006,iron/operators/sigmoid/test.py::test_sigmoid
5503a9566e74d9b7c3221a857d903c0e3b1b7a98,2026-05-11 23:33:34,input_length_1024-num_aie_columns_1-num_channels_2-tile_size_512,5/5,0.02784282,0.02874547,0.02185617,0.03160299,0.00411921298345934,,,,,,149.96,142.5,129.6,187.4,24.165119490703958,iron/operators/tanh/test.py::test_tanh
7e6b95b65dcb69d511057cd3d8b565db1e1227e6,2026-04-27 20:54:43,input_length_1024-num_aie_columns_1-num_channels_2-tile_size_512-group_size_32,5/5,0.018007724,0.01690014,0.0124947,0.02465887,0.005066852694269886,,,,,,155.2,155.3,106.4,210.0,42.77528492014986,n/a
5503a9566e74d9b7c3221a857d903c0e3b1b7a98,2026-05-11 23:33:34,input_length_1024-num_aie_columns_1-num_channels_2-tile_size_512-group_size_32,5/5,0.017044114,0.01589109,0.01131615,0.02292965,0.004904347843891173,,,,,,164.86,165.1,114.4,231.9,48.288746100929146,iron/operators/dequant/test.py::test_dequant
7e6b95b65dcb69d511057cd3d8b565db1e1227e6,2026-04-27 20:54:43,input_length_1024-num_aie_columns_1-num_channels_2-tile_size_512-weighted_False,5/5,0.022832292,0.0223022,0.01762084,0.02661434,0.003498006713940098,,,,,,183.14,183.7,153.9,232.5,30.757161767627387,n/a
5503a9566e74d9b7c3221a857d903c0e3b1b7a98,2026-05-11 23:33:34,input_length_1024-num_aie_columns_1-num_channels_2-tile_size_512-weighted_False,5/5,0.024932,0.02386126,0.01807,0.03218001,0.005263727407080462,,,,,,170.45999999999998,171.7,127.3,226.7,37.21146328754084,iron/operators/rms_norm/test.py::test_rms_norm
7e6b95b65dcb69d511057cd3d8b565db1e1227e6,2026-04-27 20:54:43,input_length_1024-num_aie_columns_1-num_channels_2-tile_size_512-weighted_True,5/5,0.030230508,0.03060773,0.02540136,0.03373348,0.003250501047818629,,,,,,171.06,167.3,151.8,201.6,19.53555732504194,n/a
5503a9566e74d9b7c3221a857d903c0e3b1b7a98,2026-05-11 23:33:34,input_length_1024-num_aie_columns_1-num_channels_2-tile_size_512-weighted_True,5/5,0.024580876,0.02753043,0.01218862,0.02955932,0.007251628653297823,,,,,,232.96,186.0,173.2,420.1,105.7352495622912,iron/operators/rms_norm/test.py::test_rms_norm
7e6b95b65dcb69d511057cd3d8b565db1e1227e6,2026-04-27 20:54:43,input_length_1024-num_aie_columns_1-tile_size_1024,10/10,0.041126777,0.040834800000000004,0.03054103,0.05190724,0.0079274719780619,,,,,,154.68,150.5,118.4,201.2,30.54704204628948,n/a
5503a9566e74d9b7c3221a857d903c0e3b1b7a98,2026-05-11 23:33:34,input_length_1024-num_aie_columns_1-tile_size_1024,5/5,0.039605,0.03956086,0.03265185,0.04698721,0.005110137751817459,,,,,,157.24,155.3,130.8,188.2,20.545632139216348,iron/operators/elementwise_add/test.py::test_elementwise_add
5503a9566e74d9b7c3221a857d903c0e3b1b7a98,2026-05-11 23:33:34,input_length_1024-num_aie_columns_1-tile_size_1024,5/5,0.037602126,0.0359498,0.02733741,0.05005581,0.01019008762971791,,,,,,173.28,170.9,122.7,224.7,46.13579954872354,iron/operators/elementwise_mul/test.py::test_elementwise_mul
7e6b95b65dcb69d511057cd3d8b565db1e1227e6,2026-04-27 20:54:43,input_length_1024-num_aie_columns_1-tile_size_1024-scalar_factor_10.0,5/5,0.0300957,0.03092145,0.01870411,0.04137039,0.008099477956485837,,,,,,218.0,198.7,148.5,328.5,66.84130459528748,n/a
5503a9566e74d9b7c3221a857d903c0e3b1b7a98,2026-05-11 23:33:34,input_length_1024-num_aie_columns_1-tile_size_1024-scalar_factor_10.0,5/5,0.035748714,0.03319251,0.02638133,0.04922406,0.008565704926246875,,,,,,179.32,185.1,124.8,232.9,39.71419141818199,iron/operators/axpy/test.py::test_axpy
7e6b95b65dcb69d511057cd3d8b565db1e1227e6,2026-04-27 20:54:43,input_length_1024-num_aie_columns_1-tile_size_1024-scalar_factor_3.0,5/5,0.043399946,0.04110139,0.02916548,0.05675436,0.010372845713644833,,,,,,148.84,149.5,108.3,210.7,38.98509971771266,n/a
5503a9566e74d9b7c3221a857d903c0e3b1b7a98,2026-05-11 23:33:34,input_length_1024-num_aie_columns_1-tile_size_1024-scalar_factor_3.0,5/5,0.036098488,0.03257878,0.03058817,0.05076427,0.008293838169169326,,,,,,175.98,188.6,121.0,200.9,31.620120176874725,iron/operators/axpy/test.py::test_axpy
7e6b95b65dcb69d511057cd3d8b565db1e1227e6,2026-04-27 20:54:43,input_length_1024-num_aie_columns_2-num_channels_1-tile_size_512,30/30,0.024095801,0.023088575,0.01592789,0.0321502,0.004390982110163377,,,,,,175.57333333333332,177.45,127.4,257.2,32.28778922957305,n/a
5503a9566e74d9b7c3221a857d903c0e3b1b7a98,2026-05-11 23:33:34,input_length_1024-num_aie_columns_2-num_channels_1-tile_size_512,5/5,0.027564666,0.02578014,0.02344296,0.03386523,0.004515787373706829,,,,,,151.66,158.9,121.0,174.7,23.396003932295788,iron/operators/gelu/test.py::test_gelu
5503a9566e74d9b7c3221a857d903c0e3b1b7a98,2026-05-11 23:33:34,input_length_1024-num_aie_columns_2-num_channels_1-tile_size_512,5/5,0.029080474000000002,0.02698145,0.02488563,0.03522199,0.004469707148206693,,,,,,143.42,151.8,116.3,164.6,20.843392238309,iron/operators/layer_norm/test.py::test_layer_norm
5503a9566e74d9b7c3221a857d903c0e3b1b7a98,2026-05-11 23:33:34,input_length_1024-num_aie_columns_2-num_channels_1-tile_size_512,5/5,0.020498888,0.02204568,0.0106288,0.02506686,0.0058083618171150455,,,,,,220.66,185.8,163.4,385.4,93.21999785453762,iron/operators/relu/test.py::test_relu
5503a9566e74d9b7c3221a857d903c0e3b1b7a98,2026-05-11 23:33:34,input_length_1024-num_aie_columns_2-num_channels_1-tile_size_512,5/5,0.021501802,0.02198062,0.01809323,0.02441729,0.003034241303649069,,,,,,193.66,186.3,167.8,226.4,28.002464177282686,iron/operators/sigmoid/test.py::test_sigmoid
5503a9566e74d9b7c3221a857d903c0e3b1b7a98,2026-05-11 23:33:34,input_length_1024-num_aie_columns_2-num_channels_1-tile_size_512,5/5,0.029225826,0.02877172,0.02742992,0.03315633,0.002287321213686437,,,,,,140.78,142.4,123.5,149.3,10.19249724061773,iron/operators/silu/test.py::test_silu
5503a9566e74d9b7c3221a857d903c0e3b1b7a98,2026-05-11 23:33:34,input_length_1024-num_aie_columns_2-num_channels_1-tile_size_512,5/5,0.025142478,0.0233397,0.02073431,0.03103454,0.004115309841928066,,,,,,166.28,175.5,132.0,197.5,25.88487975633652,iron/operators/tanh/test.py::test_tanh
7e6b95b65dcb69d511057cd3d8b565db1e1227e6,2026-04-27 20:54:43,input_length_1024-num_aie_columns_2-num_channels_1-tile_size_512-group_size_32,5/5,0.019040202,0.01843719,0.01239478,0.02469833,0.004954628216210577,,,,,,146.36,142.3,106.2,211.7,42.0739586918084,n/a
5503a9566e74d9b7c3221a857d903c0e3b1b7a98,2026-05-11 23:33:34,input_length_1024-num_aie_columns_2-num_channels_1-tile_size_512-group_size_32,5/5,0.014795818,0.01387699,0.01042598,0.01879172,0.0034523533891202395,,,,,,185.64,189.1,139.6,251.7,45.151445159595944,iron/operators/dequant/test.py::test_dequant
7e6b95b65dcb69d511057cd3d8b565db1e1227e6,2026-04-27 20:54:43,input_length_1024-num_aie_columns_2-num_channels_1-tile_size_512-weighted_False,5/5,0.023850312000000002,0.02544795,0.01450697,0.03194161,0.006389337477792202,,,,,,184.0,161.0,128.2,282.3,59.00190674885008,n/a
5503a9566e74d9b7c3221a857d903c0e3b1b7a98,2026-05-11 23:33:34,input_length_1024-num_aie_columns_2-num_channels_1-tile_size_512-weighted_False,5/5,0.024829590000000002,0.02544289,0.01700707,0.03184921,0.006464112115240578,,,,,,174.94,161.0,128.6,240.8,48.428483354323625,iron/operators/rms_norm/test.py::test_rms_norm
7e6b95b65dcb69d511057cd3d8b565db1e1227e6,2026-04-27 20:54:43,input_length_1024-num_aie_columns_2-num_channels_1-tile_size_512-weighted_True,5/5,0.029809699999999998,0.03076424,0.01871071,0.03996784,0.00793909984494149,,,,,,183.3,166.4,128.1,273.6,55.904114338749714,n/a
5503a9566e74d9b7c3221a857d903c0e3b1b7a98,2026-05-11 23:33:34,input_length_1024-num_aie_columns_2-num_channels_1-tile_size_512-weighted_True,5/5,0.033152406,0.03128571,0.02958665,0.03790403,0.0036381258962589506,,,,,,155.9,163.7,135.1,173.1,16.51484180971771,iron/operators/rms_norm/test.py::test_rms_norm
7e6b95b65dcb69d511057cd3d8b565db1e1227e6,2026-04-27 20:54:43,input_length_1024-num_aie_columns_2-num_channels_2-tile_size_256,25/25,0.0237776884,0.02374658,0.01765586,0.03075699,0.0037975907678659466,,,,,,176.576,172.5,133.2,232.0,28.51317356357701,n/a
5503a9566e74d9b7c3221a857d903c0e3b1b7a98,2026-05-11 23:33:34,input_length_1024-num_aie_columns_2-num_channels_2-tile_size_256,5/5,0.024216136,0.02428123,0.01830156,0.02939889,0.003953039595846467,,,,,,173.12,168.7,139.3,223.8,30.942074914265206,iron/operators/gelu/test.py::test_gelu
5503a9566e74d9b7c3221a857d903c0e3b1b7a98,2026-05-11 23:33:34,input_length_1024-num_aie_columns_2-num_channels_2-tile_size_256,5/5,0.026198954,0.02834896,0.01475042,0.03764498,0.008773502273184866,,,,,,173.48,144.5,108.8,277.7,66.48572779175994,iron/operators/layer_norm/test.py::test_layer_norm
5503a9566e74d9b7c3221a857d903c0e3b1b7a98,2026-05-11 23:33:34,input_length_1024-num_aie_columns_2-num_channels_2-tile_size_256,5/5,0.023139204,0.02238251,0.0186725,0.03164205,0.005017779997282662,,,,,,182.78,183.0,129.4,219.4,33.63513044422453,iron/operators/relu/test.py::test_relu
5503a9566e74d9b7c3221a857d903c0e3b1b7a98,2026-05-11 23:33:34,input_length_1024-num_aie_columns_2-num_channels_2-tile_size_256,5/5,0.02127664,0.02384334,0.01071547,0.02693496,0.006451049862522379,,,,,,215.24,171.8,152.1,382.3,95.57216121863102,iron/operators/sigmoid/test.py::test_sigmoid
5503a9566e74d9b7c3221a857d903c0e3b1b7a98,2026-05-11 23:33:34,input_length_1024-num_aie_columns_2-num_channels_2-tile_size_256,5/5,0.024269662,0.0240425,0.02141531,0.02776159,0.0022778993995718946,,,,,,169.94,170.4,147.5,191.3,15.606505053983103,iron/operators/tanh/test.py::test_tanh
7e6b95b65dcb69d511057cd3d8b565db1e1227e6,2026-04-27 20:54:43,input_length_1024-num_aie_columns_2-num_channels_2-tile_size_256-group_size_32,5/5,0.016440264,0.01753495,0.01344255,0.0180572,0.0019959742228370585,,,,,,161.68,149.6,145.3,195.2,21.425615510411827,n/a
5503a9566e74d9b7c3221a857d903c0e3b1b7a98,2026-05-11 23:33:34,input_length_1024-num_aie_columns_2-num_channels_2-tile_size_256-group_size_32,5/5,0.016814188,0.0155247,0.01012959,0.02277422,0.005662597139623302,,,,,,171.96,169.0,115.2,259.0,60.56833331040239,iron/operators/dequant/test.py::test_dequant
7e6b95b65dcb69d511057cd3d8b565db1e1227e6,2026-04-27 20:54:43,input_length_1024-num_aie_columns_2-num_channels_2-tile_size_256-weighted_False,5/5,0.021443188,0.02237176,0.01558487,0.02490984,0.003754915353915451,,,,,,196.56,183.1,164.4,262.8,39.969901175759745,n/a
5503a9566e74d9b7c3221a857d903c0e3b1b7a98,2026-05-11 23:33:34,input_length_1024-num_aie_columns_2-num_channels_2-tile_size_256-weighted_False,5/5,0.022211814,0.02241681,0.019632,0.02417589,0.0017124834834911543,,,,,,185.3,182.7,169.4,208.6,14.882708086904072,iron/operators/rms_norm/test.py::test_rms_norm
7e6b95b65dcb69d511057cd3d8b565db1e1227e6,2026-04-27 20:54:43,input_length_1024-num_aie_columns_2-num_channels_2-tile_size_256-weighted_True,5/5,0.026163094,0.02696882,0.01807378,0.03475061,0.006495667779688244,,,,,,185.54,170.9,132.6,255.0,48.25000518134687,n/a
5503a9566e74d9b7c3221a857d903c0e3b1b7a98,2026-05-11 23:33:34,input_length_1024-num_aie_columns_2-num_channels_2-tile_size_256-weighted_True,5/5,0.030346762,0.0257845,0.02248002,0.04148623,0.008734492390784367,,,,,,161.6,178.7,111.1,205.0,42.62745594097776,iron/operators/rms_norm/test.py::test_rms_norm
7e6b95b65dcb69d511057cd3d8b565db1e1227e6,2026-04-27 20:54:43,input_length_1024-num_aie_columns_2-tile_size_512,10/10,0.037766752,0.037739535000000005,0.02743764,0.04531709,0.005954441868528439,,,,,,166.68,163.05,135.6,223.9,28.43400937062674,n/a
5503a9566e74d9b7c3221a857d903c0e3b1b7a98,2026-05-11 23:33:34,input_length_1024-num_aie_columns_2-tile_size_512,5/5,0.040131468,0.03889346,0.03742416,0.04670112,0.0037772020948540733,,,,,,154.1,158.0,131.6,164.2,13.098091464026353,iron/operators/elementwise_add/test.py::test_elementwise_add
5503a9566e74d9b7c3221a857d903c0e3b1b7a98,2026-05-11 23:33:34,input_length_1024-num_aie_columns_2-tile_size_512,5/5,0.041637512,0.0399031,0.03509393,0.05172327,0.007231948242055526,,,,,,151.04,154.0,118.8,175.1,24.967639055385273,iron/operators/elementwise_mul/test.py::test_elementwise_mul
7e6b95b65dcb69d511057cd3d8b565db1e1227e6,2026-04-27 20:54:43,input_length_1024-num_aie_columns_2-tile_size_512-scalar_factor_10.0,5/5,0.03686359,0.03450735,0.02914611,0.04749316,0.006912263901222956,,,,,,171.12,178.0,129.4,210.8,30.198874151199746,n/a
5503a9566e74d9b7c3221a857d903c0e3b1b7a98,2026-05-11 23:33:34,input_length_1024-num_aie_columns_2-tile_size_512-scalar_factor_10.0,5/5,0.035747522000000004,0.03161486,0.02229852,0.04909034,0.010836358549121563,,,,,,185.88,194.3,125.2,275.5,59.43477096784339,iron/operators/axpy/test.py::test_axpy
7e6b95b65dcb69d511057cd3d8b565db1e1227e6,2026-04-27 20:54:43,input_length_1024-num_aie_columns_2-tile_size_512-scalar_factor_3.0,5/5,0.032122488,0.03270051,0.02779084,0.03623453,0.0036608072353539723,,,,,,193.32,187.9,169.6,221.1,22.431384264017233,n/a
5503a9566e74d9b7c3221a857d903c0e3b1b7a98,2026-05-11 23:33:34,input_length_1024-num_aie_columns_2-tile_size_512-scalar_factor_3.0,5/5,0.038221852,0.0342473,0.03146719,0.04732488,0.007707733232531468,,,,,,165.82,179.4,129.8,195.3,31.48883929267638,iron/operators/axpy/test.py::test_axpy
7e6b95b65dcb69d511057cd3d8b565db1e1227e6,2026-04-27 20:54:43,input_length_1024-num_aie_columns_4-num_channels_1-tile_size_256,30/30,0.024343539333333334,0.02328958,0.01861327,0.03895017,0.004631095467976219,,,,,,173.42,175.9,105.2,220.1,28.7905803561057,n/a
5503a9566e74d9b7c3221a857d903c0e3b1b7a98,2026-05-11 23:33:34,input_length_1024-num_aie_columns_4-num_channels_1-tile_size_256,5/5,0.023790072,0.02421204,0.02171689,0.02493426,0.00133342649050107,,,,,,172.62,169.2,164.3,188.6,10.071841936805797,iron/operators/gelu/test.py::test_gelu
5503a9566e74d9b7c3221a857d903c0e3b1b7a98,2026-05-11 23:33:34,input_length_1024-num_aie_columns_4-num_channels_1-tile_size_256,5/5,0.024204842,0.02554811,0.01812229,0.03013582,0.005324728329358222,,,,,,176.32,160.3,135.9,226.0,40.69971744373663,iron/operators/layer_norm/test.py::test_layer_norm
5503a9566e74d9b7c3221a857d903c0e3b1b7a98,2026-05-11 23:33:34,input_length_1024-num_aie_columns_4-num_channels_1-tile_size_256,5/5,0.02308731,0.02130581,0.01934037,0.03219544,0.005278852704182036,,,,,,183.6,192.2,127.2,211.8,34.07902580767238,iron/operators/relu/test.py::test_relu
5503a9566e74d9b7c3221a857d903c0e3b1b7a98,2026-05-11 23:33:34,input_length_1024-num_aie_columns_4-num_channels_1-tile_size_256,5/5,0.022237368,0.0230009,0.01869568,0.02441569,0.0023275655031104927,,,,,,185.96,178.1,167.8,219.1,20.933179404954227,iron/operators/sigmoid/test.py::test_sigmoid
5503a9566e74d9b7c3221a857d903c0e3b1b7a98,2026-05-11 23:33:34,input_length_1024-num_aie_columns_4-num_channels_1-tile_size_256,5/5,0.026737388,0.02480996,0.02279316,0.03715833,0.005893694212755699,,,,,,158.01999999999998,165.1,110.2,179.7,27.490853024233346,iron/operators/silu/test.py::test_silu
5503a9566e74d9b7c3221a857d903c0e3b1b7a98,2026-05-11 23:33:34,input_length_1024-num_aie_columns_4-num_channels_1-tile_size_256,5/5,0.024736544,0.02461568,0.02249227,0.02808403,0.0022590403801238256,,,,,,166.64000000000001,166.4,145.8,182.1,14.72898502952596,iron/operators/tanh/test.py::test_tanh
7e6b95b65dcb69d511057cd3d8b565db1e1227e6,2026-04-27 20:54:43,input_length_1024-num_aie_columns_4-num_channels_1-tile_size_256-group_size_32,5/5,0.018686414000000002,0.01683055,0.01434523,0.02756563,0.0051586640319689365,,,,,,147.48000000000002,155.9,95.2,182.9,32.50195378742638,n/a
5503a9566e74d9b7c3221a857d903c0e3b1b7a98,2026-05-11 23:33:34,input_length_1024-num_aie_columns_4-num_channels_1-tile_size_256-group_size_32,5/5,0.016034984,0.01538877,0.01355176,0.02128937,0.003039631297382957,,,,,,167.68,170.5,123.3,193.6,26.65196052826133,iron/operators/dequant/test.py::test_dequant
7e6b95b65dcb69d511057cd3d8b565db1e1227e6,2026-04-27 20:54:43,input_length_1024-num_aie_columns_4-num_channels_1-tile_size_256-weighted_False,5/5,0.025944662,0.02499817,0.01908863,0.03434628,0.005990011649852612,,,,,,164.68,163.9,119.3,214.6,37.2912456214592,n/a
5503a9566e74d9b7c3221a857d903c0e3b1b7a98,2026-05-11 23:33:34,input_length_1024-num_aie_columns_4-num_channels_1-tile_size_256-weighted_False,5/5,0.02265797,0.02446834,0.01791251,0.0247693,0.0030103426726205114,,,,,,183.7,167.4,165.4,228.7,27.466616100277072,iron/operators/rms_norm/test.py::test_rms_norm
7e6b95b65dcb69d511057cd3d8b565db1e1227e6,2026-04-27 20:54:43,input_length_1024-num_aie_columns_4-num_channels_1-tile_size_256-weighted_True,5/5,0.030630306,0.03042829,0.02452538,0.03953973,0.005539772002756974,,,,,,154.1,151.4,116.5,187.9,25.80087207828449,n/a
5503a9566e74d9b7c3221a857d903c0e3b1b7a98,2026-05-11 23:33:34,input_length_1024-num_aie_columns_4-num_channels_1-tile_size_256-weighted_True,5/5,0.027795682000000002,0.02830623,0.02512116,0.02966836,0.0017282399428667308,,,,,,166.32,162.8,155.3,183.4,10.76136608428502,iron/operators/rms_norm/test.py::test_rms_norm
7e6b95b65dcb69d511057cd3d8b565db1e1227e6,2026-04-27 20:54:43,input_length_1024-num_aie_columns_4-num_channels_2-tile_size_128,25/25,0.0219635376,0.02075437,0.01236495,0.03182719,0.004406695956653427,,,,,,193.948,197.4,128.7,331.3,40.96526089261486,n/a
5503a9566e74d9b7c3221a857d903c0e3b1b7a98,2026-05-11 23:33:34,input_length_1024-num_aie_columns_4-num_channels_2-tile_size_128,5/5,0.025070498,0.02363681,0.02236565,0.02854316,0.003083343014922277,,,,,,165.3,173.3,143.5,183.1,19.629060089571276,iron/operators/gelu/test.py::test_gelu
5503a9566e74d9b7c3221a857d903c0e3b1b7a98,2026-05-11 23:33:34,input_length_1024-num_aie_columns_4-num_channels_2-tile_size_128,5/5,0.02472539,0.02289547,0.01921156,0.03171383,0.005859251625664321,,,,,,173.07999999999998,178.9,129.2,213.2,39.32145724664842,iron/operators/layer_norm/test.py::test_layer_norm
5503a9566e74d9b7c3221a857d903c0e3b1b7a98,2026-05-11 23:33:34,input_length_1024-num_aie_columns_4-num_channels_2-tile_size_128,5/5,0.017334346,0.0175149,0.01412389,0.01898555,0.001925342611986241,,,,,,238.94,233.9,215.7,290.0,29.839956434284552,iron/operators/relu/test.py::test_relu
5503a9566e74d9b7c3221a857d903c0e3b1b7a98,2026-05-11 23:33:34,input_length_1024-num_aie_columns_4-num_channels_2-tile_size_128,5/5,0.02069537,0.02115375,0.01828098,0.02287093,0.0018630381359086563,,,,,,199.24,193.6,179.1,224.1,18.362271101364342,iron/operators/sigmoid/test.py::test_sigmoid
5503a9566e74d9b7c3221a857d903c0e3b1b7a98,2026-05-11 23:33:34,input_length_1024-num_aie_columns_4-num_channels_2-tile_size_128,5/5,0.023843252,0.02434169,0.01778241,0.03028063,0.004984733863389298,,,,,,178.12,168.3,135.3,230.3,38.23757314474861,iron/operators/tanh/test.py::test_tanh
7e6b95b65dcb69d511057cd3d8b565db1e1227e6,2026-04-27 20:54:43,input_length_1024-num_aie_columns_4-num_channels_2-tile_size_128-group_size_32,5/5,0.01459894,0.01427095,0.01350496,0.01664341,0.0012746215356136115,,,,,,180.8,183.9,157.7,194.3,14.855302083767945,n/a
5503a9566e74d9b7c3221a857d903c0e3b1b7a98,2026-05-11 23:33:34,input_length_1024-num_aie_columns_4-num_channels_2-tile_size_128-group_size_32,5/5,0.013703618,0.01277196,0.01150201,0.0177464,0.0025125047560293286,,,,,,196.14000000000001,205.4,147.9,228.1,31.972847855641508,iron/operators/dequant/test.py::test_dequant
7e6b95b65dcb69d511057cd3d8b565db1e1227e6,2026-04-27 20:54:43,input_length_1024-num_aie_columns_4-num_channels_2-tile_size_128-weighted_False,5/5,0.021711132,0.02132945,0.01740927,0.02678507,0.0033762802565426944,,,,,,192.28,192.0,152.9,235.3,29.556505206130176,n/a
5503a9566e74d9b7c3221a857d903c0e3b1b7a98,2026-05-11 23:33:34,input_length_1024-num_aie_columns_4-num_channels_2-tile_size_128-weighted_False,5/5,0.019195844,0.01771987,0.01318594,0.02935212,0.006022968878122316,,,,,,228.0,231.2,139.5,310.6,60.58881910055683,iron/operators/rms_norm/test.py::test_rms_norm
7e6b95b65dcb69d511057cd3d8b565db1e1227e6,2026-04-27 20:54:43,input_length_1024-num_aie_columns_4-num_channels_2-tile_size_128-weighted_True,5/5,0.024217292,0.02437836,0.01975407,0.03048857,0.004580677952521876,,,,,,184.84,178.5,142.7,220.3,34.271971055076484,n/a
5503a9566e74d9b7c3221a857d903c0e3b1b7a98,2026-05-11 23:33:34,input_length_1024-num_aie_columns_4-num_channels_2-tile_size_128-weighted_True,5/5,0.023387892,0.02310101,0.01848917,0.02652138,0.003184309335549862,,,,,,189.16,188.4,164.1,235.4,28.369931265337957,iron/operators/rms_norm/test.py::test_rms_norm
7e6b95b65dcb69d511057cd3d8b565db1e1227e6,2026-04-27 20:54:43,input_length_1024-num_aie_columns_4-tile_size_256,10/10,0.036512422,0.037569145,0.02769551,0.04459866,0.005911165672248861,,,,,,172.55,164.15,137.8,221.8,29.54835020775272,n/a
5503a9566e74d9b7c3221a857d903c0e3b1b7a98,2026-05-11 23:33:34,input_length_1024-num_aie_columns_4-tile_size_256,5/5,0.040918488,0.037431,0.0303835,0.05131203,0.009554484292031151,,,,,,156.8,164.1,119.7,202.2,35.91037454552653,iron/operators/elementwise_add/test.py::test_elementwise_add
5503a9566e74d9b7c3221a857d903c0e3b1b7a98,2026-05-11 23:33:34,input_length_1024-num_aie_columns_4-tile_size_256,5/5,0.041650712,0.0438303,0.0270958,0.05055084,0.009882423430083838,,,,,,155.72,140.2,121.5,226.8,43.82370363171055,iron/operators/elementwise_mul/test.py::test_elementwise_mul
7e6b95b65dcb69d511057cd3d8b565db1e1227e6,2026-04-27 20:54:43,input_length_1024-num_aie_columns_4-tile_size_256-scalar_factor_10.0,5/5,0.038562312,0.03467934,0.03189435,0.04743815,0.007387549923710836,,,,,,163.84,177.2,129.5,192.6,29.624871307737354,n/a
5503a9566e74d9b7c3221a857d903c0e3b1b7a98,2026-05-11 23:33:34,input_length_1024-num_aie_columns_4-tile_size_256-scalar_factor_10.0,5/5,0.033675772,0.03387457,0.01899433,0.04689754,0.009917086816763279,,,,,,198.88,181.4,131.0,323.5,72.92713486761974,iron/operators/axpy/test.py::test_axpy
7e6b95b65dcb69d511057cd3d8b565db1e1227e6,2026-04-27 20:54:43,input_length_1024-num_aie_columns_4-tile_size_256-scalar_factor_3.0,5/5,0.034393166,0.03163113,0.02812607,0.04802514,0.008180774525467012,,,,,,185.6,194.2,127.9,218.4,37.07472184656279,n/a
5503a9566e74d9b7c3221a857d903c0e3b1b7a98,2026-05-11 23:33:34,input_length_1024-num_aie_columns_4-tile_size_256-scalar_factor_3.0,5/5,0.03133086,0.03028764,0.01994896,0.04551887,0.009278270003289946,,,,,,210.36,202.9,135.0,308.0,62.97176351349865,iron/operators/axpy/test.py::test_axpy
7e6b95b65dcb69d511057cd3d8b565db1e1227e6,2026-04-27 20:54:43,input_length_1024-num_aie_columns_8-num_channels_1-tile_size_128,30/30,0.021865040333333332,0.020899855000000002,0.01334928,0.03712499,0.0045572374123384355,,,,,,194.54,196.0,110.3,306.8,37.804201554488806,n/a
5503a9566e74d9b7c3221a857d903c0e3b1b7a98,2026-05-11 23:33:34,input_length_1024-num_aie_columns_8-num_channels_1-tile_size_128,5/5,0.024995922,0.02282517,0.02105588,0.03546351,0.005955005073059971,,,,,,169.88,179.5,115.5,194.5,31.69735004696765,iron/operators/gelu/test.py::test_gelu
5503a9566e74d9b7c3221a857d903c0e3b1b7a98,2026-05-11 23:33:34,input_length_1024-num_aie_columns_8-num_channels_1-tile_size_128,5/5,0.022943592,0.02433026,0.01365606,0.03197427,0.006777084308194048,,,,,,193.46,168.3,128.1,299.9,65.72113815204358,iron/operators/layer_norm/test.py::test_layer_norm
5503a9566e74d9b7c3221a857d903c0e3b1b7a98,2026-05-11 23:33:34,input_length_1024-num_aie_columns_8-num_channels_1-tile_size_128,5/5,0.021046053999999998,0.01934484,0.01905276,0.02572784,0.0028949875552029577,,,,,,197.29999999999998,211.7,159.2,215.0,24.46190916506723,iron/operators/relu/test.py::test_relu
5503a9566e74d9b7c3221a857d903c0e3b1b7a98,2026-05-11 23:33:34,input_length_1024-num_aie_columns_8-num_channels_1-tile_size_128,5/5,0.020892824,0.02023845,0.01431382,0.02927868,0.005390267730579809,,,,,,206.5,202.4,139.9,286.2,52.43171750000184,iron/operators/sigmoid/test.py::test_sigmoid
5503a9566e74d9b7c3221a857d903c0e3b1b7a98,2026-05-11 23:33:34,input_length_1024-num_aie_columns_8-num_channels_1-tile_size_128,5/5,0.020943936,0.02188759,0.01713334,0.0233798,0.002677033097746458,,,,,,198.34,187.1,175.2,239.1,27.200790429691562,iron/operators/silu/test.py::test_silu
5503a9566e74d9b7c3221a857d903c0e3b1b7a98,2026-05-11 23:33:34,input_length_1024-num_aie_columns_8-num_channels_1-tile_size_128,5/5,0.024316134,0.02361338,0.02055296,0.02954308,0.0034297327696163156,,,,,,171.0,173.5,138.6,199.3,22.937959804655694,iron/operators/tanh/test.py::test_tanh
7e6b95b65dcb69d511057cd3d8b565db1e1227e6,2026-04-27 20:54:43,input_length_1024-num_aie_columns_8-num_channels_1-tile_size_128-group_size_32,5/5,0.01531123,0.01597837,0.01210656,0.01886223,0.002817524222176271,,,,,,176.2,164.2,139.1,216.7,33.085570873116275,n/a
5503a9566e74d9b7c3221a857d903c0e3b1b7a98,2026-05-11 23:33:34,input_length_1024-num_aie_columns_8-num_channels_1-tile_size_128-group_size_32,5/5,0.017256456,0.01712224,0.01450261,0.02056555,0.002165392320834725,,,,,,153.94,153.3,127.6,180.9,18.909600736134017,iron/operators/dequant/test.py::test_dequant
7e6b95b65dcb69d511057cd3d8b565db1e1227e6,2026-04-27 20:54:43,input_length_1024-num_aie_columns_8-num_channels_1-tile_size_128-weighted_False,5/5,0.024428834,0.02173083,0.02129717,0.03452898,0.005696750510837735,,,,,,173.5,188.5,118.6,192.3,31.317327472183834,n/a
5503a9566e74d9b7c3221a857d903c0e3b1b7a98,2026-05-11 23:33:34,input_length_1024-num_aie_columns_8-num_channels_1-tile_size_128-weighted_False,5/5,0.020033796,0.01844763,0.01678235,0.02824867,0.00466796967526354,,,,,,211.66,222.0,145.0,244.1,38.791661475116015,iron/operators/rms_norm/test.py::test_rms_norm
7e6b95b65dcb69d511057cd3d8b565db1e1227e6,2026-04-27 20:54:43,input_length_1024-num_aie_columns_8-num_channels_1-tile_size_128-weighted_True,5/5,0.02060113,0.01925076,0.01908747,0.02445383,0.0022874570285034866,,,,,,213.16,226.1,178.0,228.0,21.343921851431144,n/a
5503a9566e74d9b7c3221a857d903c0e3b1b7a98,2026-05-11 23:33:34,input_length_1024-num_aie_columns_8-num_channels_1-tile_size_128-weighted_True,5/5,0.022808254,0.02284694,0.01854527,0.0278512,0.0034721900403606944,,,,,,194.36,190.5,156.3,234.7,29.228205555593036,iron/operators/rms_norm/test.py::test_rms_norm
7e6b95b65dcb69d511057cd3d8b565db1e1227e6,2026-04-27 20:54:43,input_length_1024-num_aie_columns_8-num_channels_2-tile_size_64,25/25,0.0185732556,0.01862936,0.01250943,0.02559296,0.0029195924672047982,,,,,,226.088,219.9,160.0,327.4,37.89951978587591,n/a
5503a9566e74d9b7c3221a857d903c0e3b1b7a98,2026-05-11 23:33:34,input_length_1024-num_aie_columns_8-num_channels_2-tile_size_64,5/5,0.017796164,0.0178931,0.01400361,0.0202929,0.0023767369645229987,,,,,,233.88,228.9,201.8,292.5,35.02487687344525,iron/operators/gelu/test.py::test_gelu
5503a9566e74d9b7c3221a857d903c0e3b1b7a98,2026-05-11 23:33:34,input_length_1024-num_aie_columns_8-num_channels_2-tile_size_64,5/5,0.020049077999999998,0.02263934,0.01128437,0.02394971,0.00531561626170193,,,,,,221.32,180.9,171.0,363.0,81.44873848010171,iron/operators/layer_norm/test.py::test_layer_norm
5503a9566e74d9b7c3221a857d903c0e3b1b7a98,2026-05-11 23:33:34,input_length_1024-num_aie_columns_8-num_channels_2-tile_size_64,5/5,0.015963162,0.01759783,0.01167381,0.02007646,0.0037174317745548476,,,,,,268.98,232.8,204.0,350.9,66.81352408008425,iron/operators/relu/test.py::test_relu
5503a9566e74d9b7c3221a857d903c0e3b1b7a98,2026-05-11 23:33:34,input_length_1024-num_aie_columns_8-num_channels_2-tile_size_64,5/5,0.0192976,0.02001358,0.01808205,0.0201556,0.001058177407077849,,,,,,212.78,204.7,203.2,226.5,11.909114156812842,iron/operators/sigmoid/test.py::test_sigmoid
5503a9566e74d9b7c3221a857d903c0e3b1b7a98,2026-05-11 23:33:34,input_length_1024-num_aie_columns_8-num_channels_2-tile_size_64,5/5,0.022700002,0.02470953,0.01254929,0.03029855,0.007563686461393678,,,,,,201.4,165.8,135.2,326.4,80.47623872920502,iron/operators/tanh/test.py::test_tanh
7e6b95b65dcb69d511057cd3d8b565db1e1227e6,2026-04-27 20:54:43,input_length_1024-num_aie_columns_8-num_channels_2-tile_size_64-group_size_32,5/5,0.011664846,0.01159472,0.01123605,0.0122013,0.00035045168358848014,,,,,,225.1,226.3,215.1,233.5,6.655824516917498,n/a
5503a9566e74d9b7c3221a857d903c0e3b1b7a98,2026-05-11 23:33:34,input_length_1024-num_aie_columns_8-num_channels_2-tile_size_64-group_size_32,5/5,0.01414467,0.01545957,0.01178674,0.01577814,0.002004402090250357,,,,,,188.7,169.7,166.3,222.6,28.22808884781256,iron/operators/dequant/test.py::test_dequant
7e6b95b65dcb69d511057cd3d8b565db1e1227e6,2026-04-27 20:54:43,input_length_1024-num_aie_columns_8-num_channels_2-tile_size_64-weighted_False,5/5,0.018332832,0.01836821,0.01313102,0.02324433,0.003655689161166469,,,,,,231.26,223.0,176.2,311.9,50.20037848462897,n/a
5503a9566e74d9b7c3221a857d903c0e3b1b7a98,2026-05-11 23:33:34,input_length_1024-num_aie_columns_8-num_channels_2-tile_size_64-weighted_False,5/5,0.018928074,0.01776459,0.01136168,0.02942825,0.006538622793396939,,,,,,236.96,230.6,139.2,360.5,79.28116421950425,iron/operators/rms_norm/test.py::test_rms_norm
7e6b95b65dcb69d511057cd3d8b565db1e1227e6,2026-04-27 20:54:43,input_length_1024-num_aie_columns_8-tile_size_128,10/10,0.035354047,0.036409655,0.02434434,0.05174548,0.007799284778629172,,,,,,181.22,168.85000000000002,118.7,252.4,38.698601754815094,n/a
5503a9566e74d9b7c3221a857d903c0e3b1b7a98,2026-05-11 23:33:34,input_length_1024-num_aie_columns_8-tile_size_128,5/5,0.03753891,0.03977137,0.02858352,0.04333811,0.005826928965505756,,,,,,167.28,154.5,141.8,214.9,29.26861800632206,iron/operators/elementwise_add/test.py::test_elementwise_add
5503a9566e74d9b7c3221a857d903c0e3b1b7a98,2026-05-11 23:33:34,input_length_1024-num_aie_columns_8-tile_size_128,5/5,0.03077291,0.03104504,0.02215595,0.03792663,0.005645497051885689,,,,,,205.84,197.9,162.0,277.3,42.822809342685595,iron/operators/elementwise_mul/test.py::test_elementwise_mul
7e6b95b65dcb69d511057cd3d8b565db1e1227e6,2026-04-27 20:54:43,input_length_1024-num_aie_columns_8-tile_size_128-scalar_factor_10.0,5/5,0.037352586,0.03727409,0.03190263,0.0453104,0.00510681774010293,,,,,,166.82,164.8,135.6,192.6,21.5490603043381,n/a
5503a9566e74d9b7c3221a857d903c0e3b1b7a98,2026-05-11 23:33:34,input_length_1024-num_aie_columns_8-tile_size_128-scalar_factor_10.0,5/5,0.028777034,0.03205777,0.01910145,0.04012513,0.009173645187191404,,,,,,233.34,191.7,153.1,321.7,78.71612287200126,iron/operators/axpy/test.py::test_axpy
7e6b95b65dcb69d511057cd3d8b565db1e1227e6,2026-04-27 20:54:43,input_length_1024-num_aie_columns_8-tile_size_128-scalar_factor_3.0,5/5,0.029352452,0.02751653,0.0210126,0.04328315,0.008339333502862804,,,,,,221.22,223.3,141.9,292.4,53.98395131888735,n/a
5503a9566e74d9b7c3221a857d903c0e3b1b7a98,2026-05-11 23:33:34,input_length_1024-num_aie_columns_8-tile_size_128-scalar_factor_3.0,5/5,0.032320994,0.0277105,0.0270444,0.04339289,0.0072510972317525865,,,,,,197.04,221.7,141.6,227.2,38.90672178428812,iron/operators/axpy/test.py::test_axpy
7e6b95b65dcb69d511057cd3d8b565db1e1227e6,2026-04-27 20:54:43,input_length_1024-num_cores_1-num_channels_1-bypass_False-tile_size_1024,5/5,0.025775356,0.02508113,0.02101364,0.03007364,0.003981663815948051,,,,,,162.02,163.3,136.2,194.9,25.203114886854763,n/a
5503a9566e74d9b7c3221a857d903c0e3b1b7a98,2026-05-11 23:33:34,input_length_1024-num_cores_1-num_channels_1-bypass_False-tile_size_1024,5/5,0.031844774,0.03315928,0.02415636,0.03922658,0.005640008734938269,,,,,,132.08,123.5,104.4,169.6,24.750494944546055,iron/operators/mem_copy/test.py::test_mem_copy
7e6b95b65dcb69d511057cd3d8b565db1e1227e6,2026-04-27 20:54:43,input_length_1024-num_cores_1-num_channels_1-bypass_True-tile_size_1024,5/5,0.026701974,0.02601808,0.02252455,0.03254668,0.003663561678528151,,,,,,155.56,157.4,125.8,181.8,20.121456209727967,n/a
5503a9566e74d9b7c3221a857d903c0e3b1b7a98,2026-05-11 23:33:34,input_length_1024-num_cores_1-num_channels_1-bypass_True-tile_size_1024,5/5,0.030749607999999998,0.03067613,0.025847,0.03620133,0.0038143471062384968,,,,,,134.84,133.5,113.1,158.5,16.71520266105081,iron/operators/mem_copy/test.py::test_mem_copy
7e6b95b65dcb69d511057cd3d8b565db1e1227e6,2026-04-27 20:54:43,input_length_1024-num_cores_16-num_channels_2-bypass_False-tile_size_64,5/5,0.021486949999999998,0.02017674,0.01819167,0.02616801,0.003185155151597799,,,,,,193.84,203.0,156.5,225.2,27.18700057012542,n/a
5503a9566e74d9b7c3221a857d903c0e3b1b7a98,2026-05-11 23:33:34,input_length_1024-num_cores_16-num_channels_2-bypass_False-tile_size_64,5/5,0.022017358,0.02289931,0.01743083,0.02746339,0.004013139177292509,,,,,,191.08,178.9,149.1,235.0,34.920438141581215,iron/operators/mem_copy/test.py::test_mem_copy
7e6b95b65dcb69d511057cd3d8b565db1e1227e6,2026-04-27 20:54:43,input_length_1024-num_cores_16-num_channels_2-bypass_True-tile_size_64,5/5,0.025512574,0.02297394,0.02101149,0.038051,0.007064436106465258,,,,,,168.16,178.3,107.6,194.9,34.65080085654588,n/a
5503a9566e74d9b7c3221a857d903c0e3b1b7a98,2026-05-11 23:33:34,input_length_1024-num_cores_16-num_channels_2-bypass_True-tile_size_64,5/5,0.02152706,0.02275025,0.01284713,0.02841603,0.005835711857657127,,,,,,204.64000000000001,180.0,144.1,318.8,68.22626327155841,iron/operators/mem_copy/test.py::test_mem_copy
7e6b95b65dcb69d511057cd3d8b565db1e1227e6,2026-04-27 20:54:43,input_length_1024-num_cores_2-num_channels_1-bypass_False-tile_size_512,5/5,0.026149686000000002,0.02546852,0.02147741,0.03202677,0.004756100978378194,,,,,,160.78,160.8,127.9,190.7,28.707438060544515,n/a
5503a9566e74d9b7c3221a857d903c0e3b1b7a98,2026-05-11 23:33:34,input_length_1024-num_cores_2-num_channels_1-bypass_False-tile_size_512,5/5,0.027874208,0.0243811,0.02162276,0.03751706,0.007147583941816982,,,,,,154.34,168.0,109.2,189.4,36.24166110983325,iron/operators/mem_copy/test.py::test_mem_copy
7e6b95b65dcb69d511057cd3d8b565db1e1227e6,2026-04-27 20:54:43,input_length_1024-num_cores_2-num_channels_1-bypass_True-tile_size_512,5/5,0.024643282000000002,0.02353604,0.01829838,0.03223369,0.005234433884253388,,,,,,172.24,174.0,127.1,223.8,36.133267220111726,n/a
5503a9566e74d9b7c3221a857d903c0e3b1b7a98,2026-05-11 23:33:34,input_length_1024-num_cores_2-num_channels_1-bypass_True-tile_size_512,5/5,0.025339076000000002,0.0265729,0.0190097,0.03145519,0.005346838943603033,,,,,,167.85999999999999,154.1,130.2,215.5,37.129947481783496,iron/operators/mem_copy/test.py::test_mem_copy
7e6b95b65dcb69d511057cd3d8b565db1e1227e6,2026-04-27 20:54:43,input_length_1024-num_cores_2-num_channels_2-bypass_False-tile_size_512,5/5,0.026682816,0.02538943,0.01954124,0.03381491,0.0068389628916693205,,,,,,161.84,161.3,121.1,209.6,41.06285426026788,n/a
5503a9566e74d9b7c3221a857d903c0e3b1b7a98,2026-05-11 23:33:34,input_length_1024-num_cores_2-num_channels_2-bypass_False-tile_size_512,5/5,0.025269538,0.02512267,0.0197508,0.02988254,0.0037209627318638924,,,,,,165.16,163.0,137.1,207.4,26.2941628503362,iron/operators/mem_copy/test.py::test_mem_copy
7e6b95b65dcb69d511057cd3d8b565db1e1227e6,2026-04-27 20:54:43,input_length_1024-num_cores_2-num_channels_2-bypass_True-tile_size_512,5/5,0.026165998,0.02639941,0.02141207,0.03242559,0.004122870956520468,,,,,,159.56,155.2,126.3,191.3,24.197272573577386,n/a
5503a9566e74d9b7c3221a857d903c0e3b1b7a98,2026-05-11 23:33:34,input_length_1024-num_cores_2-num_channels_2-bypass_True-tile_size_512,5/5,0.025873175999999998,0.0252562,0.02020162,0.03070166,0.004441987614517852,,,,,,162.24,162.2,133.4,202.8,28.747052022772703,iron/operators/mem_copy/test.py::test_mem_copy
7e6b95b65dcb69d511057cd3d8b565db1e1227e6,2026-04-27 20:54:43,input_length_1024-num_cores_4-num_channels_1-bypass_False-tile_size_256,5/5,0.024636528,0.0218925,0.02128058,0.03078704,0.004274439316134925,,,,,,170.02,187.1,133.0,192.5,27.124841013358957,n/a
5503a9566e74d9b7c3221a857d903c0e3b1b7a98,2026-05-11 23:33:34,input_length_1024-num_cores_4-num_channels_1-bypass_False-tile_size_256,5/5,0.021748296,0.02061638,0.01622885,0.02597666,0.004142835840632597,,,,,,194.22,198.7,157.7,252.4,38.985215146257694,iron/operators/mem_copy/test.py::test_mem_copy
7e6b95b65dcb69d511057cd3d8b565db1e1227e6,2026-04-27 20:54:43,input_length_1024-num_cores_4-num_channels_1-bypass_True-tile_size_256,5/5,0.024830364,0.02629079,0.01804946,0.03188442,0.006313370200790541,,,,,,174.38,155.8,128.5,226.9,46.591168691072774,n/a
5503a9566e74d9b7c3221a857d903c0e3b1b7a98,2026-05-11 23:33:34,input_length_1024-num_cores_4-num_channels_1-bypass_True-tile_size_256,5/5,0.024439968,0.02420217,0.02186562,0.02831761,0.002403182345197718,,,,,,168.8,169.2,144.6,187.3,15.680401780566726,iron/operators/mem_copy/test.py::test_mem_copy
7e6b95b65dcb69d511057cd3d8b565db1e1227e6,2026-04-27 20:54:43,input_length_1024-num_cores_4-num_channels_2-bypass_False-tile_size_256,5/5,0.027856766,0.02616283,0.02275277,0.03480507,0.004944704235809256,,,,,,150.64,156.6,117.7,180.0,25.399468498376102,n/a
5503a9566e74d9b7c3221a857d903c0e3b1b7a98,2026-05-11 23:33:34,input_length_1024-num_cores_4-num_channels_2-bypass_False-tile_size_256,5/5,0.023254336,0.02356583,0.02011719,0.02629079,0.002281393054315718,,,,,,177.52,173.8,155.8,203.6,17.756604405122047,iron/operators/mem_copy/test.py::test_mem_copy
7e6b95b65dcb69d511057cd3d8b565db1e1227e6,2026-04-27 20:54:43,input_length_1024-num_cores_4-num_channels_2-bypass_True-tile_size_256,5/5,0.026987478,0.02692452,0.02051179,0.03490324,0.005240155951822428,,,,,,156.32,152.1,117.4,199.7,29.857193438097955,n/a
5503a9566e74d9b7c3221a857d903c0e3b1b7a98,2026-05-11 23:33:34,input_length_1024-num_cores_4-num_channels_2-bypass_True-tile_size_256,5/5,0.025219059999999998,0.02435196,0.020004,0.03218835,0.004769472371043781,,,,,,166.96,168.2,127.3,204.8,30.211305830764747,iron/operators/mem_copy/test.py::test_mem_copy
7e6b95b65dcb69d511057cd3d8b565db1e1227e6,2026-04-27 20:54:43,input_length_1024-num_cores_8-num_channels_1-bypass_False-tile_size_128,5/5,0.024404124,0.02529832,0.01361557,0.03080788,0.00643849481145477,,,,,,181.86,161.9,133.0,300.8,67.53242184314139,n/a
5503a9566e74d9b7c3221a857d903c0e3b1b7a98,2026-05-11 23:33:34,input_length_1024-num_cores_8-num_channels_1-bypass_False-tile_size_128,5/5,0.020561434,0.02135168,0.01432248,0.02319563,0.0035853964112535722,,,,,,205.54,191.8,176.6,286.0,45.50986706198998,iron/operators/mem_copy/test.py::test_mem_copy
7e6b95b65dcb69d511057cd3d8b565db1e1227e6,2026-04-27 20:54:43,input_length_1024-num_cores_8-num_channels_1-bypass_True-tile_size_128,5/5,0.024321628,0.02435775,0.02018281,0.03147452,0.004514204259946596,,,,,,172.7,168.2,130.1,202.9,29.287625373184493,n/a
5503a9566e74d9b7c3221a857d903c0e3b1b7a98,2026-05-11 23:33:34,input_length_1024-num_cores_8-num_channels_1-bypass_True-tile_size_128,5/5,0.023886154,0.02407939,0.01986209,0.02755966,0.0030295493565924954,,,,,,173.78,170.1,148.6,206.2,22.716117626038123,iron/operators/mem_copy/test.py::test_mem_copy
7e6b95b65dcb69d511057cd3d8b565db1e1227e6,2026-04-27 20:54:43,input_length_1024-num_cores_8-num_channels_2-bypass_False-tile_size_128,5/5,0.021522202,0.02045127,0.01973073,0.0262369,0.002678956921652531,,,,,,192.38,200.3,156.1,207.6,20.82539315355175,n/a
5503a9566e74d9b7c3221a857d903c0e3b1b7a98,2026-05-11 23:33:34,input_length_1024-num_cores_8-num_channels_2-bypass_False-tile_size_128,5/5,0.020613242,0.0193443,0.01433657,0.02743966,0.005159660058343961,,,,,,209.16,211.7,149.3,285.7,53.19904134474604,iron/operators/mem_copy/test.py::test_mem_copy
7e6b95b65dcb69d511057cd3d8b565db1e1227e6,2026-04-27 20:54:43,input_length_1024-num_cores_8-num_channels_2-bypass_True-tile_size_128,5/5,0.022805058,0.02102982,0.01935344,0.0315351,0.004966281052832191,,,,,,185.18,194.8,129.9,211.6,32.16406379797179,n/a
5503a9566e74d9b7c3221a857d903c0e3b1b7a98,2026-05-11 23:33:34,input_length_1024-num_cores_8-num_channels_2-bypass_True-tile_size_128,5/5,0.023931502,0.0257041,0.01650867,0.03244613,0.006936158894775262,,,,,,183.96,159.4,126.2,248.1,55.81176399290744,iron/operators/mem_copy/test.py::test_mem_copy
7e6b95b65dcb69d511057cd3d8b565db1e1227e6,2026-04-27 20:54:43,input_length_2048-num_aie_columns_1-num_channels_1-tile_size_2048,30/30,0.04727322233333333,0.047378195,0.02168469,0.07035262,0.010567878910161642,,,,,,183.21666666666667,172.95,116.4,377.8,49.754903299060395,n/a
5503a9566e74d9b7c3221a857d903c0e3b1b7a98,2026-05-11 23:33:34,input_length_2048-num_aie_columns_1-num_channels_1-tile_size_2048,5/5,0.05385485,0.05049061,0.04483657,0.06606718,0.008813172120244222,,,,,,155.26,162.2,124.0,182.7,24.191692789054674,iron/operators/gelu/test.py::test_gelu
5503a9566e74d9b7c3221a857d903c0e3b1b7a98,2026-05-11 23:33:34,input_length_2048-num_aie_columns_1-num_channels_1-tile_size_2048,5/5,0.06386417,0.07172312,0.03887439,0.08202663,0.018596807520804476,,,,,,139.16,114.2,99.9,210.7,47.41073718051639,iron/operators/layer_norm/test.py::test_layer_norm
5503a9566e74d9b7c3221a857d903c0e3b1b7a98,2026-05-11 23:33:34,input_length_2048-num_aie_columns_1-num_channels_1-tile_size_2048,5/5,0.054935544,0.05389793,0.04624356,0.06891156,0.008530875698428033,,,,,,151.76,152.0,118.9,177.1,21.421787973929717,iron/operators/relu/test.py::test_relu
5503a9566e74d9b7c3221a857d903c0e3b1b7a98,2026-05-11 23:33:34,input_length_2048-num_aie_columns_1-num_channels_1-tile_size_2048,5/5,0.044806906,0.04359325,0.03658319,0.05578102,0.006915000942576219,,,,,,186.16,187.9,146.9,223.9,27.289338577547092,iron/operators/sigmoid/test.py::test_sigmoid
5503a9566e74d9b7c3221a857d903c0e3b1b7a98,2026-05-11 23:33:34,input_length_2048-num_aie_columns_1-num_channels_1-tile_size_2048,5/5,0.052650432,0.05307246,0.04131135,0.06446688,0.00880049810237864,,,,,,159.20000000000002,154.4,127.1,198.3,27.203216721557038,iron/operators/silu/test.py::test_silu
5503a9566e74d9b7c3221a857d903c0e3b1b7a98,2026-05-11 23:33:34,input_length_2048-num_aie_columns_1-num_channels_1-tile_size_2048,5/5,0.051050316,0.04868048,0.0397722,0.06576328,0.010035899632144593,,,,,,165.34,168.3,124.6,206.0,31.15955712137129,iron/operators/tanh/test.py::test_tanh
7e6b95b65dcb69d511057cd3d8b565db1e1227e6,2026-04-27 20:54:43,input_length_2048-num_aie_columns_1-num_channels_1-tile_size_2048-group_size_32,5/5,0.03050292,0.02944526,0.02648806,0.03762412,0.004280254762371042,,,,,,174.51999999999998,178.2,139.5,198.1,22.049081613527576,n/a
5503a9566e74d9b7c3221a857d903c0e3b1b7a98,2026-05-11 23:33:34,input_length_2048-num_aie_columns_1-num_channels_1-tile_size_2048-group_size_32,5/5,0.03648058,0.03245577,0.03000194,0.04554409,0.007374396933861778,,,,,,148.38,161.7,115.2,174.9,28.10973141102561,iron/operators/dequant/test.py::test_dequant
7e6b95b65dcb69d511057cd3d8b565db1e1227e6,2026-04-27 20:54:43,input_length_2048-num_aie_columns_1-num_channels_1-tile_size_2048-weighted_False,5/5,0.050731704,0.0514337,0.04213125,0.05818678,0.005916533001617585,,,,,,163.34,159.3,140.8,194.4,19.982066960152043,n/a
5503a9566e74d9b7c3221a857d903c0e3b1b7a98,2026-05-11 23:33:34,input_length_2048-num_aie_columns_1-num_channels_1-tile_size_2048-weighted_False,5/5,0.048842094,0.04646177,0.04168829,0.06061054,0.008178644658256648,,,,,,171.34,176.3,135.2,196.5,26.97522937807944,iron/operators/rms_norm/test.py::test_rms_norm
7e6b95b65dcb69d511057cd3d8b565db1e1227e6,2026-04-27 20:54:43,input_length_2048-num_aie_columns_1-num_channels_1-tile_size_2048-weighted_True,5/5,0.072200216,0.07312109,0.06886387,0.07675491,0.003354496687281119,,,,,,170.5,168.1,160.1,178.4,7.8698792875113455,n/a
5503a9566e74d9b7c3221a857d903c0e3b1b7a98,2026-05-11 23:33:34,input_length_2048-num_aie_columns_1-num_channels_1-tile_size_2048-weighted_True,5/5,0.087997186,0.08740371,0.06355676,0.1302385,0.026917809426774127,,,,,,149.42,140.6,94.3,193.3,41.01154715442957,iron/operators/rms_norm/test.py::test_rms_norm
7e6b95b65dcb69d511057cd3d8b565db1e1227e6,2026-04-27 20:54:43,input_length_2048-num_aie_columns_1-num_channels_2-tile_size_1024,25/25,0.0483003392,0.04747389,0.02595609,0.06395853,0.008837486721249298,,,,,,176.1,172.6,128.1,315.6,38.88674795694115,n/a
5503a9566e74d9b7c3221a857d903c0e3b1b7a98,2026-05-11 23:33:34,input_length_2048-num_aie_columns_1-num_channels_2-tile_size_1024,5/5,0.043612576,0.04578071,0.02696626,0.05501199,0.010232229861329347,,,,,,198.94,178.9,148.9,303.8,60.29902984294192,iron/operators/gelu/test.py::test_gelu
5503a9566e74d9b7c3221a857d903c0e3b1b7a98,2026-05-11 23:33:34,input_length_2048-num_aie_columns_1-num_channels_2-tile_size_1024,5/5,0.054276614,0.05613727,0.03841951,0.06060651,0.009139675076296752,,,,,,155.32,145.9,135.2,213.2,32.796600433581524,iron/operators/layer_norm/test.py::test_layer_norm
5503a9566e74d9b7c3221a857d903c0e3b1b7a98,2026-05-11 23:33:34,input_length_2048-num_aie_columns_1-num_channels_2-tile_size_1024,5/5,0.04861665,0.04899815,0.04324256,0.05202525,0.003679332793095781,,,,,,169.3,167.2,157.5,189.4,13.272716376085192,iron/operators/relu/test.py::test_relu
5503a9566e74d9b7c3221a857d903c0e3b1b7a98,2026-05-11 23:33:34,input_length_2048-num_aie_columns_1-num_channels_2-tile_size_1024,5/5,0.050049218,0.04680207,0.04546211,0.06290941,0.007271466343724627,,,,,,166.04,175.0,130.2,180.2,20.437049689228633,iron/operators/sigmoid/test.py::test_sigmoid
5503a9566e74d9b7c3221a857d903c0e3b1b7a98,2026-05-11 23:33:34,input_length_2048-num_aie_columns_1-num_channels_2-tile_size_1024,5/5,0.049032206,0.0455101,0.03732986,0.06543706,0.010762587568976155,,,,,,173.22,180.0,125.2,219.4,35.51227956636972,iron/operators/tanh/test.py::test_tanh
7e6b95b65dcb69d511057cd3d8b565db1e1227e6,2026-04-27 20:54:43,input_length_2048-num_aie_columns_1-num_channels_2-tile_size_1024-group_size_32,5/5,0.032941434,0.03265997,0.02830438,0.03831496,0.0037063416673561015,,,,,,160.92,160.7,137.0,185.4,17.865245590251483,n/a
5503a9566e74d9b7c3221a857d903c0e3b1b7a98,2026-05-11 23:33:34,input_length_2048-num_aie_columns_1-num_channels_2-tile_size_1024-group_size_32,5/5,0.029614632,0.02814922,0.02416407,0.03525626,0.004763875819799463,,,,,,180.9,186.4,148.9,217.2,28.76795091764444,iron/operators/dequant/test.py::test_dequant
7e6b95b65dcb69d511057cd3d8b565db1e1227e6,2026-04-27 20:54:43,input_length_2048-num_aie_columns_1-num_channels_2-tile_size_1024-weighted_False,5/5,0.043302258,0.0417548,0.03573469,0.053736,0.007887558834685166,,,,,,194.12,196.2,152.4,229.2,34.16097188313002,n/a
5503a9566e74d9b7c3221a857d903c0e3b1b7a98,2026-05-11 23:33:34,input_length_2048-num_aie_columns_1-num_channels_2-tile_size_1024-weighted_False,5/5,0.041739104,0.04037696,0.02245571,0.05354493,0.012835479104380172,,,,,,216.96,202.9,153.0,364.8,86.95874309119239,iron/operators/rms_norm/test.py::test_rms_norm
7e6b95b65dcb69d511057cd3d8b565db1e1227e6,2026-04-27 20:54:43,input_length_2048-num_aie_columns_1-num_channels_2-tile_size_1024-weighted_True,5/5,0.06211856,0.05567971,0.05149144,0.07452096,0.011098621841334626,,,,,,168.94,183.9,137.4,198.9,28.74670415891185,n/a
5503a9566e74d9b7c3221a857d903c0e3b1b7a98,2026-05-11 23:33:34,input_length_2048-num_aie_columns_1-num_channels_2-tile_size_1024-weighted_True,5/5,0.060880906,0.06206963,0.04210786,0.07523824,0.012177813751502361,,,,,,174.64,165.0,136.1,243.2,40.867016039833395,iron/operators/rms_norm/test.py::test_rms_norm
7e6b95b65dcb69d511057cd3d8b565db1e1227e6,2026-04-27 20:54:43,input_length_2048-num_aie_columns_1-tile_size_2048,10/10,0.073444357,0.07190349500000001,0.06281181,0.08968623,0.007719315203732707,,,,,,168.89,170.95,137.0,195.6,16.86722331097274,n/a
5503a9566e74d9b7c3221a857d903c0e3b1b7a98,2026-05-11 23:33:34,input_length_2048-num_aie_columns_1-tile_size_2048,5/5,0.074800788,0.07128148,0.05489758,0.09022093,0.01503352179877257,,,,,,170.0,172.4,136.2,223.8,36.088225226519526,iron/operators/elementwise_add/test.py::test_elementwise_add
5503a9566e74d9b7c3221a857d903c0e3b1b7a98,2026-05-11 23:33:34,input_length_2048-num_aie_columns_1-tile_size_2048,5/5,0.078108712,0.07659702,0.06328508,0.1056478,0.01709085231264579,,,,,,162.78,160.4,116.3,194.2,31.641460143299323,iron/operators/elementwise_mul/test.py::test_elementwise_mul
7e6b95b65dcb69d511057cd3d8b565db1e1227e6,2026-04-27 20:54:43,input_length_2048-num_aie_columns_1-tile_size_2048-scalar_factor_10.0,5/5,0.0819373,0.08668844,0.05739723,0.09351598,0.014433184669938579,,,,,,154.72,141.7,131.4,214.1,33.975167402089426,n/a
5503a9566e74d9b7c3221a857d903c0e3b1b7a98,2026-05-11 23:33:34,input_length_2048-num_aie_columns_1-tile_size_2048-scalar_factor_10.0,5/5,0.075224912,0.06899185,0.06198954,0.09397441,0.012775498947090872,,,,,,166.94,178.1,130.8,198.2,26.629551254198773,iron/operators/axpy/test.py::test_axpy
7e6b95b65dcb69d511057cd3d8b565db1e1227e6,2026-04-27 20:54:43,input_length_2048-num_aie_columns_1-tile_size_2048-scalar_factor_3.0,5/5,0.080775772,0.07941884,0.07070155,0.09497237,0.009296640564758861,,,,,,153.66,154.7,129.4,173.8,16.8901746586588,n/a
5503a9566e74d9b7c3221a857d903c0e3b1b7a98,2026-05-11 23:33:34,input_length_2048-num_aie_columns_1-tile_size_2048-scalar_factor_3.0,5/5,0.070189436,0.06322289,0.06082145,0.09434382,0.013904033163461237,,,,,,179.68,194.4,130.2,202.0,29.244691826039137,iron/operators/axpy/test.py::test_axpy
7e6b95b65dcb69d511057cd3d8b565db1e1227e6,2026-04-27 20:54:43,input_length_2048-num_aie_columns_2-num_channels_1-tile_size_1024,30/30,0.04798786,0.048225685,0.02963874,0.06562157,0.0076777102811037045,,,,,,175.27333333333334,169.85000000000002,124.8,276.4,30.61057889406675,n/a
5503a9566e74d9b7c3221a857d903c0e3b1b7a98,2026-05-11 23:33:34,input_length_2048-num_aie_columns_2-num_channels_1-tile_size_1024,5/5,0.052116584,0.05105481,0.04538177,0.06564786,0.008153465352746034,,,,,,159.96,160.5,124.8,180.5,22.285152007558754,iron/operators/gelu/test.py::test_gelu
5503a9566e74d9b7c3221a857d903c0e3b1b7a98,2026-05-11 23:33:34,input_length_2048-num_aie_columns_2-num_channels_1-tile_size_1024,5/5,0.055322246,0.05211892,0.04040544,0.07046215,0.011701506544235234,,,,,,153.64,157.2,116.3,202.7,33.4233900135818,iron/operators/layer_norm/test.py::test_layer_norm
5503a9566e74d9b7c3221a857d903c0e3b1b7a98,2026-05-11 23:33:34,input_length_2048-num_aie_columns_2-num_channels_1-tile_size_1024,5/5,0.052315054,0.04847509,0.04275641,0.07026151,0.01060583478369006,,,,,,161.06,169.0,116.6,191.6,27.899605731981232,iron/operators/relu/test.py::test_relu
5503a9566e74d9b7c3221a857d903c0e3b1b7a98,2026-05-11 23:33:34,input_length_2048-num_aie_columns_2-num_channels_1-tile_size_1024,5/5,0.045544248,0.04299044,0.0403233,0.05545552,0.006358270030921933,,,,,,182.48,190.6,147.7,203.2,23.4518016365481,iron/operators/sigmoid/test.py::test_sigmoid
5503a9566e74d9b7c3221a857d903c0e3b1b7a98,2026-05-11 23:33:34,input_length_2048-num_aie_columns_2-num_channels_1-tile_size_1024,5/5,0.053307632,0.05283934,0.04820695,0.05697395,0.0034523854563359535,,,,,,154.18,155.0,143.8,169.9,10.277742942883911,iron/operators/silu/test.py::test_silu
5503a9566e74d9b7c3221a857d903c0e3b1b7a98,2026-05-11 23:33:34,input_length_2048-num_aie_columns_2-num_channels_1-tile_size_1024,5/5,0.046133386,0.04316964,0.039217,0.06023131,0.00823544031375858,,,,,,181.52,189.8,136.0,208.9,27.682611870992233,iron/operators/tanh/test.py::test_tanh
7e6b95b65dcb69d511057cd3d8b565db1e1227e6,2026-04-27 20:54:43,input_length_2048-num_aie_columns_2-num_channels_1-tile_size_1024-group_size_32,5/5,0.02834812,0.02657686,0.02580556,0.03250401,0.003037020755485546,,,,,,186.78,197.5,161.5,203.4,19.115360315725155,n/a
5503a9566e74d9b7c3221a857d903c0e3b1b7a98,2026-05-11 23:33:34,input_length_2048-num_aie_columns_2-num_channels_1-tile_size_1024-group_size_32,5/5,0.02823713,0.02842596,0.026087,0.0302339,0.0015773819278792319,,,,,,186.34,184.6,173.6,201.2,10.529387446570666,iron/operators/dequant/test.py::test_dequant
7e6b95b65dcb69d511057cd3d8b565db1e1227e6,2026-04-27 20:54:43,input_length_2048-num_aie_columns_2-num_channels_1-tile_size_1024-weighted_False,5/5,0.05447907,0.05862903,0.04188953,0.06604534,0.009953075279849437,,,,,,154.7,139.7,124.0,195.6,29.890717622700194,n/a
5503a9566e74d9b7c3221a857d903c0e3b1b7a98,2026-05-11 23:33:34,input_length_2048-num_aie_columns_2-num_channels_1-tile_size_1024-weighted_False,5/5,0.050350482,0.04699565,0.04166709,0.06025302,0.008997638212635025,,,,,,166.8,174.3,136.0,196.6,28.73456107199134,iron/operators/rms_norm/test.py::test_rms_norm
7e6b95b65dcb69d511057cd3d8b565db1e1227e6,2026-04-27 20:54:43,input_length_2048-num_aie_columns_2-num_channels_1-tile_size_1024-weighted_True,5/5,0.051713228,0.05567033,0.04233504,0.05972029,0.008594302653634558,,,,,,202.72,183.9,171.5,241.9,35.50326745526389,n/a
5503a9566e74d9b7c3221a857d903c0e3b1b7a98,2026-05-11 23:33:34,input_length_2048-num_aie_columns_2-num_channels_1-tile_size_1024-weighted_True,5/5,0.059325138,0.05006552,0.03619641,0.08676128,0.02083910833551714,,,,,,190.54,204.5,118.0,282.9,65.82737272594129,iron/operators/rms_norm/test.py::test_rms_norm
7e6b95b65dcb69d511057cd3d8b565db1e1227e6,2026-04-27 20:54:43,input_length_2048-num_aie_columns_2-num_channels_2-tile_size_512,25/25,0.0468140124,0.04605145,0.03252626,0.05991852,0.007767429365035171,,,,,,179.704,177.9,136.7,251.9,30.129601723222297,n/a
5503a9566e74d9b7c3221a857d903c0e3b1b7a98,2026-05-11 23:33:34,input_length_2048-num_aie_columns_2-num_channels_2-tile_size_512,5/5,0.05161559,0.04800638,0.03803881,0.06369942,0.011482344771097499,,,,,,165.24,170.6,128.6,215.4,37.015510262591285,iron/operators/gelu/test.py::test_gelu
5503a9566e74d9b7c3221a857d903c0e3b1b7a98,2026-05-11 23:33:34,input_length_2048-num_aie_columns_2-num_channels_2-tile_size_512,5/5,0.046567114,0.04476552,0.0392232,0.05771453,0.0077082289328632425,,,,,,179.62,183.0,141.9,208.9,28.16819128023665,iron/operators/layer_norm/test.py::test_layer_norm
5503a9566e74d9b7c3221a857d903c0e3b1b7a98,2026-05-11 23:33:34,input_length_2048-num_aie_columns_2-num_channels_2-tile_size_512,5/5,0.043403366,0.04385509,0.03878531,0.04830331,0.003859989034081574,,,,,,189.94,186.8,169.6,211.2,16.95193204328049,iron/operators/relu/test.py::test_relu
5503a9566e74d9b7c3221a857d903c0e3b1b7a98,2026-05-11 23:33:34,input_length_2048-num_aie_columns_2-num_channels_2-tile_size_512,5/5,0.037274272,0.03840996,0.02995104,0.04109953,0.004504470239292297,,,,,,222.68,213.3,199.3,273.5,30.215095564965534,iron/operators/sigmoid/test.py::test_sigmoid
5503a9566e74d9b7c3221a857d903c0e3b1b7a98,2026-05-11 23:33:34,input_length_2048-num_aie_columns_2-num_channels_2-tile_size_512,5/5,0.053229686,0.05295547,0.03943068,0.06654482,0.012832180904880511,,,,,,161.5,154.7,123.1,207.8,39.61925037150502,iron/operators/tanh/test.py::test_tanh
7e6b95b65dcb69d511057cd3d8b565db1e1227e6,2026-04-27 20:54:43,input_length_2048-num_aie_columns_2-num_channels_2-tile_size_512-group_size_32,5/5,0.02692631,0.02594488,0.0229497,0.0334504,0.003938273072693156,,,,,,197.98,202.3,156.9,228.7,26.245513902379578,n/a
5503a9566e74d9b7c3221a857d903c0e3b1b7a98,2026-05-11 23:33:34,input_length_2048-num_aie_columns_2-num_channels_2-tile_size_512-group_size_32,5/5,0.028066364,0.02821612,0.02277699,0.03265184,0.0041498373856851305,,,,,,190.4,186.0,160.7,230.4,29.06879770475553,iron/operators/dequant/test.py::test_dequant
7e6b95b65dcb69d511057cd3d8b565db1e1227e6,2026-04-27 20:54:43,input_length_2048-num_aie_columns_2-num_channels_2-tile_size_512-weighted_False,5/5,0.048447526,0.049208,0.04239112,0.05276481,0.0038100565038106738,,,,,,169.98,166.5,155.3,193.2,14.13707890619557,n/a
5503a9566e74d9b7c3221a857d903c0e3b1b7a98,2026-05-11 23:33:34,input_length_2048-num_aie_columns_2-num_channels_2-tile_size_512-weighted_False,5/5,0.04841733,0.04819787,0.03721928,0.06127379,0.008802033434516708,,,,,,173.72,170.0,133.7,220.1,31.652993539316313,iron/operators/rms_norm/test.py::test_rms_norm
7e6b95b65dcb69d511057cd3d8b565db1e1227e6,2026-04-27 20:54:43,input_length_2048-num_aie_columns_2-num_channels_2-tile_size_512-weighted_True,5/5,0.054572034,0.05655376,0.04232513,0.07004104,0.011335278380835204,,,,,,174.82,163.0,131.6,217.7,36.12757949268121,n/a
5503a9566e74d9b7c3221a857d903c0e3b1b7a98,2026-05-11 23:33:34,input_length_2048-num_aie_columns_2-num_channels_2-tile_size_512-weighted_True,5/5,0.049962898,0.05269779,0.02976523,0.05934817,0.012030817376534313,,,,,,196.74,174.9,155.3,309.6,64.4124444498111,iron/operators/rms_norm/test.py::test_rms_norm
7e6b95b65dcb69d511057cd3d8b565db1e1227e6,2026-04-27 20:54:43,input_length_2048-num_aie_columns_2-tile_size_1024,10/10,0.07341156,0.07184586,0.05633984,0.101748,0.013674348116943475,,,,,,172.32,171.05,120.8,218.1,29.96081885841351,n/a
5503a9566e74d9b7c3221a857d903c0e3b1b7a98,2026-05-11 23:33:34,input_length_2048-num_aie_columns_2-tile_size_1024,5/5,0.091665938,0.09273122,0.07057567,0.1117507,0.014799751612250795,,,,,,137.04,132.5,110.0,174.1,23.444359662827218,iron/operators/elementwise_add/test.py::test_elementwise_add
5503a9566e74d9b7c3221a857d903c0e3b1b7a98,2026-05-11 23:33:34,input_length_2048-num_aie_columns_2-tile_size_1024,5/5,0.08843631,0.08974584,0.06138169,0.1050777,0.017248158547056552,,,,,,144.07999999999998,136.9,116.9,200.2,33.39059747893109,iron/operators/elementwise_mul/test.py::test_elementwise_mul
7e6b95b65dcb69d511057cd3d8b565db1e1227e6,2026-04-27 20:54:43,input_length_2048-num_aie_columns_2-tile_size_1024-scalar_factor_10.0,5/5,0.071466052,0.07361258,0.05567991,0.08044517,0.010003669392276515,,,,,,175.02,166.9,152.8,220.7,27.58998006523382,n/a
5503a9566e74d9b7c3221a857d903c0e3b1b7a98,2026-05-11 23:33:34,input_length_2048-num_aie_columns_2-tile_size_1024-scalar_factor_10.0,5/5,0.066135228,0.07189118,0.0515192,0.07672567,0.011625226278781415,,,,,,190.86,170.9,160.2,238.5,35.9682220856133,iron/operators/axpy/test.py::test_axpy
7e6b95b65dcb69d511057cd3d8b565db1e1227e6,2026-04-27 20:54:43,input_length_2048-num_aie_columns_2-tile_size_1024-scalar_factor_3.0,5/5,0.064183432,0.06298276,0.03843868,0.09375215,0.01983364914121882,,,,,,207.66,195.1,131.1,319.7,69.17790832339469,n/a
5503a9566e74d9b7c3221a857d903c0e3b1b7a98,2026-05-11 23:33:34,input_length_2048-num_aie_columns_2-tile_size_1024-scalar_factor_3.0,5/5,0.071653536,0.0721919,0.0562367,0.08862987,0.011549535207017207,,,,,,175.12,170.2,138.6,218.5,28.60431785587624,iron/operators/axpy/test.py::test_axpy
7e6b95b65dcb69d511057cd3d8b565db1e1227e6,2026-04-27 20:54:43,input_length_2048-num_aie_columns_4-num_channels_1-tile_size_512,30/30,0.046429478333333336,0.043525275,0.02633059,0.06923304,0.009772519654597989,,,,,,183.92666666666668,188.25,118.3,311.1,38.96844818597462,n/a
5503a9566e74d9b7c3221a857d903c0e3b1b7a98,2026-05-11 23:33:34,input_length_2048-num_aie_columns_4-num_channels_1-tile_size_512,5/5,0.04869173,0.05072854,0.03501393,0.07092641,0.014658309980388256,,,,,,180.14000000000001,161.5,115.5,234.0,50.57927441156111,iron/operators/gelu/test.py::test_gelu
5503a9566e74d9b7c3221a857d903c0e3b1b7a98,2026-05-11 23:33:34,input_length_2048-num_aie_columns_4-num_channels_1-tile_size_512,5/5,0.053110306,0.05757256,0.03991814,0.06226343,0.010231433994730652,,,,,,159.38,142.3,131.6,205.2,33.29214622099332,iron/operators/layer_norm/test.py::test_layer_norm
5503a9566e74d9b7c3221a857d903c0e3b1b7a98,2026-05-11 23:33:34,input_length_2048-num_aie_columns_4-num_channels_1-tile_size_512,5/5,0.046977692,0.04767531,0.03973516,0.05336669,0.006129757701701593,,,,,,176.84,171.8,153.5,206.2,23.60430045563731,iron/operators/relu/test.py::test_relu
5503a9566e74d9b7c3221a857d903c0e3b1b7a98,2026-05-11 23:33:34,input_length_2048-num_aie_columns_4-num_channels_1-tile_size_512,5/5,0.045188978,0.04146441,0.03700374,0.05615228,0.007841156313744166,,,,,,185.52,197.6,145.9,221.4,30.58164482169002,iron/operators/sigmoid/test.py::test_sigmoid
5503a9566e74d9b7c3221a857d903c0e3b1b7a98,2026-05-11 23:33:34,input_length_2048-num_aie_columns_4-num_channels_1-tile_size_512,5/5,0.039969834,0.04055124,0.02774748,0.0465251,0.007373636634990904,,,,,,212.0,202.0,176.1,295.2,48.090799535877956,iron/operators/silu/test.py::test_silu
5503a9566e74d9b7c3221a857d903c0e3b1b7a98,2026-05-11 23:33:34,input_length_2048-num_aie_columns_4-num_channels_1-tile_size_512,5/5,0.045758176,0.04371445,0.03806851,0.05824842,0.00859648915043403,,,,,,183.85999999999999,187.4,140.6,215.2,32.4302019728524,iron/operators/tanh/test.py::test_tanh
7e6b95b65dcb69d511057cd3d8b565db1e1227e6,2026-04-27 20:54:43,input_length_2048-num_aie_columns_4-num_channels_1-tile_size_512-group_size_32,5/5,0.02728499,0.02669054,0.02403536,0.03267441,0.003250343683120295,,,,,,194.34,196.6,160.6,218.3,21.263654436620254,n/a
5503a9566e74d9b7c3221a857d903c0e3b1b7a98,2026-05-11 23:33:34,input_length_2048-num_aie_columns_4-num_channels_1-tile_size_512-group_size_32,5/5,0.032635,0.03369805,0.02520714,0.04110179,0.006301559452976699,,,,,,165.76,155.7,127.7,208.2,32.33856830473483,iron/operators/dequant/test.py::test_dequant
7e6b95b65dcb69d511057cd3d8b565db1e1227e6,2026-04-27 20:54:43,input_length_2048-num_aie_columns_4-num_channels_1-tile_size_512-weighted_False,5/5,0.047681726,0.04384148,0.0403356,0.0639985,0.009435069001039685,,,,,,176.38,186.9,128.0,203.1,28.96941490606947,n/a
5503a9566e74d9b7c3221a857d903c0e3b1b7a98,2026-05-11 23:33:34,input_length_2048-num_aie_columns_4-num_channels_1-tile_size_512-weighted_False,5/5,0.042408584,0.04065206,0.03436876,0.05980348,0.010389267208455078,,,,,,201.18,201.5,137.0,238.4,41.42121437138221,iron/operators/rms_norm/test.py::test_rms_norm
7e6b95b65dcb69d511057cd3d8b565db1e1227e6,2026-04-27 20:54:43,input_length_2048-num_aie_columns_4-num_channels_1-tile_size_512-weighted_True,5/5,0.043813792,0.0408603,0.03886623,0.05124783,0.005654751559875995,,,,,,213.04,225.5,179.8,237.1,26.228762837770287,n/a
5503a9566e74d9b7c3221a857d903c0e3b1b7a98,2026-05-11 23:33:34,input_length_2048-num_aie_columns_4-num_channels_1-tile_size_512-weighted_True,5/5,0.060993966000000004,0.05764143,0.04639549,0.08334916,0.0138980558222591,,,,,,156.88,159.9,110.6,198.6,32.301501513087594,iron/operators/rms_norm/test.py::test_rms_norm
7e6b95b65dcb69d511057cd3d8b565db1e1227e6,2026-04-27 20:54:43,input_length_2048-num_aie_columns_4-num_channels_2-tile_size_256,25/25,0.0428315172,0.04183605,0.02600313,0.06411872,0.008281454116007508,,,,,,198.816,195.8,127.8,315.0,42.52343157993406,n/a
5503a9566e74d9b7c3221a857d903c0e3b1b7a98,2026-05-11 23:33:34,input_length_2048-num_aie_columns_4-num_channels_2-tile_size_256,5/5,0.045865832,0.04562746,0.03630755,0.05764954,0.008953475529523157,,,,,,184.1,179.5,142.1,225.6,35.52977624472184,iron/operators/gelu/test.py::test_gelu
5503a9566e74d9b7c3221a857d903c0e3b1b7a98,2026-05-11 23:33:34,input_length_2048-num_aie_columns_4-num_channels_2-tile_size_256,5/5,0.047620694,0.04735014,0.03731999,0.05554651,0.00761808037723612,,,,,,175.8,173.0,147.5,219.5,29.631992845571492,iron/operators/layer_norm/test.py::test_layer_norm
5503a9566e74d9b7c3221a857d903c0e3b1b7a98,2026-05-11 23:33:34,input_length_2048-num_aie_columns_4-num_channels_2-tile_size_256,5/5,0.04947154,0.05005407,0.03905583,0.05839416,0.008903663604303566,,,,,,170.12,163.7,140.3,209.8,31.499476186120937,iron/operators/relu/test.py::test_relu
5503a9566e74d9b7c3221a857d903c0e3b1b7a98,2026-05-11 23:33:34,input_length_2048-num_aie_columns_4-num_channels_2-tile_size_256,5/5,0.04182427,0.0428416,0.03703402,0.04630394,0.0035197978027011727,,,,,,197.0,191.2,176.9,221.2,16.91788993935118,iron/operators/sigmoid/test.py::test_sigmoid
5503a9566e74d9b7c3221a857d903c0e3b1b7a98,2026-05-11 23:33:34,input_length_2048-num_aie_columns_4-num_channels_2-tile_size_256,5/5,0.049002897999999996,0.04556072,0.04305393,0.06702503,0.010142947430114681,,,,,,171.84,179.8,122.2,190.3,28.176639260209868,iron/operators/tanh/test.py::test_tanh
7e6b95b65dcb69d511057cd3d8b565db1e1227e6,2026-04-27 20:54:43,input_length_2048-num_aie_columns_4-num_channels_2-tile_size_256-group_size_32,5/5,0.02663415,0.0261653,0.02337358,0.02998994,0.0024199764636458755,,,,,,198.35999999999999,200.6,175.0,224.5,18.115821814093888,n/a
5503a9566e74d9b7c3221a857d903c0e3b1b7a98,2026-05-11 23:33:34,input_length_2048-num_aie_columns_4-num_channels_2-tile_size_256-group_size_32,5/5,0.028444226,0.02893134,0.02559376,0.03215686,0.002608527544320743,,,,,,185.74,181.4,163.2,205.1,16.748522322879715,iron/operators/dequant/test.py::test_dequant
7e6b95b65dcb69d511057cd3d8b565db1e1227e6,2026-04-27 20:54:43,input_length_2048-num_aie_columns_4-num_channels_2-tile_size_256-weighted_False,5/5,0.045999674,0.04330954,0.03671501,0.06046783,0.009074553320694633,,,,,,183.2,189.2,135.5,223.1,32.796874851119576,n/a
5503a9566e74d9b7c3221a857d903c0e3b1b7a98,2026-05-11 23:33:34,input_length_2048-num_aie_columns_4-num_channels_2-tile_size_256-weighted_False,5/5,0.0435459,0.04409873,0.03900915,0.04667913,0.0032004404510785705,,,,,,188.96,185.8,175.5,210.0,14.337119654937664,iron/operators/rms_norm/test.py::test_rms_norm
7e6b95b65dcb69d511057cd3d8b565db1e1227e6,2026-04-27 20:54:43,input_length_2048-num_aie_columns_4-num_channels_2-tile_size_256-weighted_True,5/5,0.034301662,0.03462928,0.02585859,0.04500796,0.007878407311431669,,,,,,264.68,251.3,193.4,336.6,60.1724770970915,n/a
5503a9566e74d9b7c3221a857d903c0e3b1b7a98,2026-05-11 23:33:34,input_length_2048-num_aie_columns_4-num_channels_2-tile_size_256-weighted_True,5/5,0.038692818000000004,0.03694084,0.02338515,0.06572876,0.016850422074157965,,,,,,256.98,235.6,132.4,372.2,96.6967010812675,iron/operators/rms_norm/test.py::test_rms_norm
7e6b95b65dcb69d511057cd3d8b565db1e1227e6,2026-04-27 20:54:43,input_length_2048-num_aie_columns_4-tile_size_512,10/10,0.073973191,0.069895075,0.06258404,0.09971274,0.01224599060078073,,,,,,169.67,176.25,123.2,196.3,24.055124194233546,n/a
5503a9566e74d9b7c3221a857d903c0e3b1b7a98,2026-05-11 23:33:34,input_length_2048-num_aie_columns_4-tile_size_512,5/5,0.075090012,0.07903979,0.04594538,0.09464247,0.017946771395030082,,,,,,173.76,155.5,129.8,267.4,53.92173031348307,iron/operators/elementwise_add/test.py::test_elementwise_add
5503a9566e74d9b7c3221a857d903c0e3b1b7a98,2026-05-11 23:33:34,input_length_2048-num_aie_columns_4-tile_size_512,5/5,0.073295188,0.07541426,0.05904683,0.09186328,0.012952511659634592,,,,,,171.8,162.9,133.8,208.1,29.680212263391915,iron/operators/elementwise_mul/test.py::test_elementwise_mul
7e6b95b65dcb69d511057cd3d8b565db1e1227e6,2026-04-27 20:54:43,input_length_2048-num_aie_columns_4-tile_size_512-scalar_factor_10.0,5/5,0.085785098,0.09052067,0.06824695,0.1028569,0.014191635482197602,,,,,,146.56,135.7,119.5,180.1,25.194999503869813,n/a
5503a9566e74d9b7c3221a857d903c0e3b1b7a98,2026-05-11 23:33:34,input_length_2048-num_aie_columns_4-tile_size_512-scalar_factor_10.0,5/5,0.06580456,0.06279287,0.06031601,0.07992611,0.007994260757262046,,,,,,188.66,195.7,153.7,203.7,19.95264393507788,iron/operators/axpy/test.py::test_axpy
7e6b95b65dcb69d511057cd3d8b565db1e1227e6,2026-04-27 20:54:43,input_length_2048-num_aie_columns_4-tile_size_512-scalar_factor_3.0,5/5,0.076550112,0.08359752,0.0542948,0.09543781,0.0196340943819207,,,,,,170.16,147.0,128.8,226.3,47.13452025851117,n/a
5503a9566e74d9b7c3221a857d903c0e3b1b7a98,2026-05-11 23:33:34,input_length_2048-num_aie_columns_4-tile_size_512-scalar_factor_3.0,5/5,0.060829294,0.06695801,0.03867264,0.07331786,0.01391437442779696,,,,,,213.12,183.5,167.6,317.7,61.563479433833166,iron/operators/axpy/test.py::test_axpy
7e6b95b65dcb69d511057cd3d8b565db1e1227e6,2026-04-27 20:54:43,input_length_2048-num_aie_columns_8-num_channels_1-tile_size_256,30/30,0.04518695366666667,0.04449893,0.02759048,0.06884265,0.008969136117730774,,,,,,188.84,184.05,119.0,296.9,41.04225408880042,n/a
5503a9566e74d9b7c3221a857d903c0e3b1b7a98,2026-05-11 23:33:34,input_length_2048-num_aie_columns_8-num_channels_1-tile_size_256,5/5,0.044421294,0.04640177,0.03912541,0.04966534,0.004823687128559439,,,,,,186.2,176.5,164.9,209.4,20.74825293850063,iron/operators/gelu/test.py::test_gelu
5503a9566e74d9b7c3221a857d903c0e3b1b7a98,2026-05-11 23:33:34,input_length_2048-num_aie_columns_8-num_channels_1-tile_size_256,5/5,0.048066122,0.05152461,0.0398306,0.05236914,0.005717839770247151,,,,,,172.54,159.0,156.4,205.7,22.094976804694767,iron/operators/layer_norm/test.py::test_layer_norm
5503a9566e74d9b7c3221a857d903c0e3b1b7a98,2026-05-11 23:33:34,input_length_2048-num_aie_columns_8-num_channels_1-tile_size_256,5/5,0.043621528,0.03878531,0.02865759,0.06383294,0.013797960507164456,,,,,,202.72,211.2,128.3,285.9,60.80762287739917,iron/operators/relu/test.py::test_relu
5503a9566e74d9b7c3221a857d903c0e3b1b7a98,2026-05-11 23:33:34,input_length_2048-num_aie_columns_8-num_channels_1-tile_size_256,5/5,0.037748692,0.03889229,0.02703015,0.04496701,0.006852417658331986,,,,,,223.82,210.6,182.2,303.1,47.39184529009185,iron/operators/sigmoid/test.py::test_sigmoid
5503a9566e74d9b7c3221a857d903c0e3b1b7a98,2026-05-11 23:33:34,input_length_2048-num_aie_columns_8-num_channels_1-tile_size_256,5/5,0.05256779,0.05558345,0.04160361,0.05965063,0.007197934722588836,,,,,,158.46,147.4,137.3,196.9,23.992144547747287,iron/operators/silu/test.py::test_silu
5503a9566e74d9b7c3221a857d903c0e3b1b7a98,2026-05-11 23:33:34,input_length_2048-num_aie_columns_8-num_channels_1-tile_size_256,5/5,0.046721204,0.03914579,0.03822161,0.0652645,0.012016328048508829,,,,,,183.66,209.3,125.5,214.3,40.741416273860686,iron/operators/tanh/test.py::test_tanh
7e6b95b65dcb69d511057cd3d8b565db1e1227e6,2026-04-27 20:54:43,input_length_2048-num_aie_columns_8-num_channels_1-tile_size_256-group_size_32,5/5,0.026791426,0.02709372,0.02094625,0.0330308,0.0044198462990674234,,,,,,200.28,193.7,158.9,250.5,33.7157529947056,n/a
5503a9566e74d9b7c3221a857d903c0e3b1b7a98,2026-05-11 23:33:34,input_length_2048-num_aie_columns_8-num_channels_1-tile_size_256-group_size_32,5/5,0.024686292,0.02542106,0.02189166,0.02800786,0.0026887414658014253,,,,,,214.62,206.4,187.4,239.7,23.562618699966265,iron/operators/dequant/test.py::test_dequant
7e6b95b65dcb69d511057cd3d8b565db1e1227e6,2026-04-27 20:54:43,input_length_2048-num_aie_columns_8-num_channels_1-tile_size_256-weighted_False,5/5,0.041770654,0.04052356,0.03805648,0.04889608,0.004472780648755315,,,,,,197.82,202.2,167.5,215.3,19.782745006697127,n/a
5503a9566e74d9b7c3221a857d903c0e3b1b7a98,2026-05-11 23:33:34,input_length_2048-num_aie_columns_8-num_channels_1-tile_size_256-weighted_False,5/5,0.035630972000000004,0.03574655,0.02576036,0.04487071,0.008467532274312276,,,,,,241.1,229.2,182.6,318.0,59.284736652868766,iron/operators/rms_norm/test.py::test_rms_norm
7e6b95b65dcb69d511057cd3d8b565db1e1227e6,2026-04-27 20:54:43,input_length_2048-num_aie_columns_8-num_channels_1-tile_size_256-weighted_True,5/5,0.034972754,0.03724369,0.02890043,0.03924929,0.004821348688269704,,,,,,252.94,233.7,221.8,301.2,36.78196568972354,n/a
5503a9566e74d9b7c3221a857d903c0e3b1b7a98,2026-05-11 23:33:34,input_length_2048-num_aie_columns_8-num_channels_1-tile_size_256-weighted_True,5/5,0.04430501,0.04707053,0.03007987,0.05585646,0.010091736562864191,,,,,,206.0,184.9,155.8,289.4,53.149835371334866,iron/operators/rms_norm/test.py::test_rms_norm
7e6b95b65dcb69d511057cd3d8b565db1e1227e6,2026-04-27 20:54:43,input_length_2048-num_aie_columns_8-num_channels_2-tile_size_128,25/25,0.037270828,0.03662457,0.02207343,0.05050306,0.007121434724581487,,,,,,228.94,223.7,162.2,371.1,51.39104169664852,n/a
5503a9566e74d9b7c3221a857d903c0e3b1b7a98,2026-05-11 23:33:34,input_length_2048-num_aie_columns_8-num_channels_2-tile_size_128,5/5,0.038684768,0.03616617,0.0347416,0.0434778,0.004239541729582338,,,,,,213.74,226.5,188.4,235.8,22.643608369692323,iron/operators/gelu/test.py::test_gelu
5503a9566e74d9b7c3221a857d903c0e3b1b7a98,2026-05-11 23:33:34,input_length_2048-num_aie_columns_8-num_channels_2-tile_size_128,5/5,0.039000228,0.03683735,0.03431865,0.04719438,0.005379031945877437,,,,,,213.06,222.4,173.6,238.7,27.268351618680583,iron/operators/layer_norm/test.py::test_layer_norm
5503a9566e74d9b7c3221a857d903c0e3b1b7a98,2026-05-11 23:33:34,input_length_2048-num_aie_columns_8-num_channels_2-tile_size_128,5/5,0.034146996,0.03426497,0.02480981,0.04329535,0.006544420714469693,,,,,,247.57999999999998,239.1,189.2,330.2,51.11474346996177,iron/operators/relu/test.py::test_relu
5503a9566e74d9b7c3221a857d903c0e3b1b7a98,2026-05-11 23:33:34,input_length_2048-num_aie_columns_8-num_channels_2-tile_size_128,5/5,0.033153764,0.03463672,0.02587043,0.03741186,0.004416364076322286,,,,,,251.18,236.5,219.0,316.7,38.38250903732063,iron/operators/sigmoid/test.py::test_sigmoid
5503a9566e74d9b7c3221a857d903c0e3b1b7a98,2026-05-11 23:33:34,input_length_2048-num_aie_columns_8-num_channels_2-tile_size_128,5/5,0.04054355,0.04262293,0.02342124,0.05714166,0.012175646327156517,,,,,,219.98,192.2,143.4,349.8,77.97815078597338,iron/operators/tanh/test.py::test_tanh
7e6b95b65dcb69d511057cd3d8b565db1e1227e6,2026-04-27 20:54:43,input_length_2048-num_aie_columns_8-num_channels_2-tile_size_128-group_size_32,5/5,0.023967658,0.02359787,0.02146026,0.02768371,0.002288082003287907,,,,,,220.46,222.4,189.6,244.5,19.86159610907442,n/a
5503a9566e74d9b7c3221a857d903c0e3b1b7a98,2026-05-11 23:33:34,input_length_2048-num_aie_columns_8-num_channels_2-tile_size_128-group_size_32,5/5,0.024408948,0.02366405,0.02126254,0.02999508,0.003362410999248902,,,,,,217.98000000000002,221.8,175.0,246.8,27.092655831424135,iron/operators/dequant/test.py::test_dequant
7e6b95b65dcb69d511057cd3d8b565db1e1227e6,2026-04-27 20:54:43,input_length_2048-num_aie_columns_8-num_channels_2-tile_size_128-weighted_False,5/5,0.037985236,0.03681583,0.02505337,0.04602532,0.008624239337592621,,,,,,226.48,222.5,178.0,327.0,60.71232988446416,n/a
5503a9566e74d9b7c3221a857d903c0e3b1b7a98,2026-05-11 23:33:34,input_length_2048-num_aie_columns_8-num_channels_2-tile_size_128-weighted_False,5/5,0.031109513999999998,0.03441222,0.02290418,0.03773098,0.006402639255977178,,,,,,273.36,238.1,217.1,357.7,61.10260223591136,iron/operators/rms_norm/test.py::test_rms_norm
7e6b95b65dcb69d511057cd3d8b565db1e1227e6,2026-04-27 20:54:43,input_length_2048-num_aie_columns_8-tile_size_256,10/10,0.067322723,0.06965103,0.04743266,0.08240122,0.012231823236449939,,,,,,188.73,176.39999999999998,149.1,259.1,38.42435714780695,n/a
5503a9566e74d9b7c3221a857d903c0e3b1b7a98,2026-05-11 23:33:34,input_length_2048-num_aie_columns_8-tile_size_256,5/5,0.065194138,0.06902673,0.05260206,0.0776979,0.011466592263555026,,,,,,193.46,178.0,158.2,233.6,35.41211657046215,iron/operators/elementwise_add/test.py::test_elementwise_add
5503a9566e74d9b7c3221a857d903c0e3b1b7a98,2026-05-11 23:33:34,input_length_2048-num_aie_columns_8-tile_size_256,5/5,0.06663956,0.06420298,0.04359982,0.0937593,0.01879356183763339,,,,,,196.76,191.4,131.1,281.8,56.627846506820305,iron/operators/elementwise_mul/test.py::test_elementwise_mul
7e6b95b65dcb69d511057cd3d8b565db1e1227e6,2026-04-27 20:54:43,input_length_2048-num_aie_columns_8-tile_size_256-scalar_factor_10.0,5/5,0.064359108,0.06298954,0.05127135,0.08753571,0.014021752039523093,,,,,,197.4,195.1,140.4,239.7,37.54357468329301,n/a
5503a9566e74d9b7c3221a857d903c0e3b1b7a98,2026-05-11 23:33:34,input_length_2048-num_aie_columns_8-tile_size_256-scalar_factor_10.0,5/5,0.054183470000000004,0.05199091,0.03840504,0.0704135,0.01244563057880556,,,,,,236.96,236.3,174.5,320.0,56.37533148461302,iron/operators/axpy/test.py::test_axpy
7e6b95b65dcb69d511057cd3d8b565db1e1227e6,2026-04-27 20:54:43,input_length_2048-num_aie_columns_8-tile_size_256-scalar_factor_3.0,5/5,0.061232212,0.05859269,0.05209694,0.07604102,0.009455374237938444,,,,,,204.26,209.7,161.6,235.9,29.102285133645434,n/a
5503a9566e74d9b7c3221a857d903c0e3b1b7a98,2026-05-11 23:33:34,input_length_2048-num_aie_columns_8-tile_size_256-scalar_factor_3.0,5/5,0.05342739,0.05138542,0.04070033,0.06868258,0.012734537181859023,,,,,,240.66,239.1,178.9,301.9,56.414785296055136,iron/operators/axpy/test.py::test_axpy
7e6b95b65dcb69d511057cd3d8b565db1e1227e6,2026-04-27 20:54:43,input_length_2048-num_cores_1-num_channels_1-bypass_False-tile_size_2048,5/5,0.058512768,0.05728992,0.04188739,0.07767138,0.014411410497642833,,,,,,147.06,143.0,105.5,195.6,36.315946910413885,n/a
5503a9566e74d9b7c3221a857d903c0e3b1b7a98,2026-05-11 23:33:34,input_length_2048-num_cores_1-num_channels_1-bypass_False-tile_size_2048,5/5,0.0529411,0.05007917,0.04515116,0.07018987,0.010287814610003429,,,,,,158.84,163.6,116.7,181.4,26.51420374063683,iron/operators/mem_copy/test.py::test_mem_copy
7e6b95b65dcb69d511057cd3d8b565db1e1227e6,2026-04-27 20:54:43,input_length_2048-num_cores_1-num_channels_1-bypass_True-tile_size_2048,5/5,0.058567116,0.05699853,0.04494259,0.07699103,0.01171349919095827,,,,,,144.16,143.7,106.4,182.3,27.31470300039889,n/a
5503a9566e74d9b7c3221a857d903c0e3b1b7a98,2026-05-11 23:33:34,input_length_2048-num_cores_1-num_channels_1-bypass_True-tile_size_2048,5/5,0.050259066,0.05274103,0.04068093,0.06082295,0.008165398691425301,,,,,,166.56,155.3,134.7,201.4,27.493781115008538,iron/operators/mem_copy/test.py::test_mem_copy
7e6b95b65dcb69d511057cd3d8b565db1e1227e6,2026-04-27 20:54:43,input_length_2048-num_cores_16-num_channels_2-bypass_False-tile_size_128,5/5,0.036888204,0.03671156,0.02549079,0.04332122,0.007144408855015928,,,,,,230.28,223.1,189.1,321.4,53.655214098911195,n/a
5503a9566e74d9b7c3221a857d903c0e3b1b7a98,2026-05-11 23:33:34,input_length_2048-num_cores_16-num_channels_2-bypass_False-tile_size_128,5/5,0.035765166,0.03670185,0.02565644,0.04337857,0.006387591941250631,,,,,,235.96,223.2,188.8,319.3,49.09891037487492,iron/operators/mem_copy/test.py::test_mem_copy
7e6b95b65dcb69d511057cd3d8b565db1e1227e6,2026-04-27 20:54:43,input_length_2048-num_cores_16-num_channels_2-bypass_True-tile_size_128,5/5,0.04716417,0.04318602,0.03492556,0.06557954,0.011637160053595552,,,,,,181.56,189.7,124.9,234.6,40.69690405915418,n/a
5503a9566e74d9b7c3221a857d903c0e3b1b7a98,2026-05-11 23:33:34,input_length_2048-num_cores_16-num_channels_2-bypass_True-tile_size_128,5/5,0.039833568,0.04184032,0.0237232,0.05849507,0.015483758569609965,,,,,,235.3,195.8,140.0,345.3,97.08833606566755,iron/operators/mem_copy/test.py::test_mem_copy
7e6b95b65dcb69d511057cd3d8b565db1e1227e6,2026-04-27 20:54:43,input_length_2048-num_cores_2-num_channels_1-bypass_False-tile_size_1024,5/5,0.049781054,0.05185467,0.03711658,0.05628074,0.007365259457994673,,,,,,168.1,158.0,145.6,220.7,29.96122494158074,n/a
5503a9566e74d9b7c3221a857d903c0e3b1b7a98,2026-05-11 23:33:34,input_length_2048-num_cores_2-num_channels_1-bypass_False-tile_size_1024,5/5,0.054403613999999996,0.05149222,0.04469713,0.07073655,0.009889651926576079,,,,,,154.16,159.1,115.8,183.3,24.926953283544307,iron/operators/mem_copy/test.py::test_mem_copy
7e6b95b65dcb69d511057cd3d8b565db1e1227e6,2026-04-27 20:54:43,input_length_2048-num_cores_2-num_channels_1-bypass_True-tile_size_1024,5/5,0.055154026,0.05498245,0.04093544,0.06933324,0.011213595892220748,,,,,,153.74,149.0,118.2,200.1,32.39703690154394,n/a
5503a9566e74d9b7c3221a857d903c0e3b1b7a98,2026-05-11 23:33:34,input_length_2048-num_cores_2-num_channels_1-bypass_True-tile_size_1024,5/5,0.048697598,0.04779296,0.04044933,0.06218781,0.008804723752751702,,,,,,172.35999999999999,171.4,131.7,202.5,28.97452329202329,iron/operators/mem_copy/test.py::test_mem_copy
7e6b95b65dcb69d511057cd3d8b565db1e1227e6,2026-04-27 20:54:43,input_length_2048-num_cores_2-num_channels_2-bypass_False-tile_size_1024,5/5,0.055844576,0.05948215,0.03866303,0.06531758,0.010529550176471452,,,,,,151.92,137.7,125.4,211.9,35.04614101438274,n/a
5503a9566e74d9b7c3221a857d903c0e3b1b7a98,2026-05-11 23:33:34,input_length_2048-num_cores_2-num_channels_2-bypass_False-tile_size_1024,5/5,0.054470649999999995,0.05182186,0.04326174,0.06380857,0.008950264525629954,,,,,,153.76,158.1,128.4,189.4,25.69577786329887,iron/operators/mem_copy/test.py::test_mem_copy
7e6b95b65dcb69d511057cd3d8b565db1e1227e6,2026-04-27 20:54:43,input_length_2048-num_cores_2-num_channels_2-bypass_True-tile_size_1024,5/5,0.051420578,0.05104527,0.03820058,0.06656212,0.01033338713347758,,,,,,164.58,160.5,123.1,214.4,33.357712751326346,n/a
5503a9566e74d9b7c3221a857d903c0e3b1b7a98,2026-05-11 23:33:34,input_length_2048-num_cores_2-num_channels_2-bypass_True-tile_size_1024,5/5,0.050980258,0.05312133,0.03983254,0.06203194,0.008797344941709402,,,,,,164.73999999999998,154.2,132.1,205.7,29.49445710637848,iron/operators/mem_copy/test.py::test_mem_copy
7e6b95b65dcb69d511057cd3d8b565db1e1227e6,2026-04-27 20:54:43,input_length_2048-num_cores_4-num_channels_1-bypass_False-tile_size_512,5/5,0.042041652,0.04618932,0.03386957,0.04958718,0.00746683860794982,,,,,,200.2,177.4,165.2,241.9,37.55722300703288,n/a
5503a9566e74d9b7c3221a857d903c0e3b1b7a98,2026-05-11 23:33:34,input_length_2048-num_cores_4-num_channels_1-bypass_False-tile_size_512,5/5,0.050175556,0.05259508,0.03940451,0.05453154,0.006235797401778704,,,,,,165.66,155.8,150.2,207.9,24.10441868205911,iron/operators/mem_copy/test.py::test_mem_copy
7e6b95b65dcb69d511057cd3d8b565db1e1227e6,2026-04-27 20:54:43,input_length_2048-num_cores_4-num_channels_1-bypass_True-tile_size_512,5/5,0.055622040000000005,0.0543611,0.04462141,0.06537439,0.009002271988273296,,,,,,150.48,150.7,125.3,183.6,24.74271609989493,n/a
5503a9566e74d9b7c3221a857d903c0e3b1b7a98,2026-05-11 23:33:34,input_length_2048-num_cores_4-num_channels_1-bypass_True-tile_size_512,5/5,0.050446332,0.05058445,0.04237358,0.05700646,0.005561566287114629,,,,,,164.04,161.9,143.7,193.3,18.975194333655725,iron/operators/mem_copy/test.py::test_mem_copy
7e6b95b65dcb69d511057cd3d8b565db1e1227e6,2026-04-27 20:54:43,input_length_2048-num_cores_4-num_channels_2-bypass_False-tile_size_512,5/5,0.04969426,0.04712921,0.04261207,0.06315286,0.008593707222185897,,,,,,168.46,173.8,129.7,192.2,26.47532813772098,n/a
5503a9566e74d9b7c3221a857d903c0e3b1b7a98,2026-05-11 23:33:34,input_length_2048-num_cores_4-num_channels_2-bypass_False-tile_size_512,5/5,0.047125905999999995,0.04729546,0.03896499,0.05767389,0.007100911826091774,,,,,,176.9,173.2,142.0,210.2,25.834279552563487,iron/operators/mem_copy/test.py::test_mem_copy
7e6b95b65dcb69d511057cd3d8b565db1e1227e6,2026-04-27 20:54:43,input_length_2048-num_cores_4-num_channels_2-bypass_True-tile_size_512,5/5,0.04567023,0.04271227,0.03455811,0.05638534,0.008698136874908901,,,,,,184.82,191.8,145.3,237.1,36.122666014567635,n/a
5503a9566e74d9b7c3221a857d903c0e3b1b7a98,2026-05-11 23:33:34,input_length_2048-num_cores_4-num_channels_2-bypass_True-tile_size_512,5/5,0.051576372,0.05106436,0.03816837,0.06714644,0.011240502435508387,,,,,,165.02,160.4,122.0,214.6,36.00336095422203,iron/operators/mem_copy/test.py::test_mem_copy
7e6b95b65dcb69d511057cd3d8b565db1e1227e6,2026-04-27 20:54:43,input_length_2048-num_cores_8-num_channels_1-bypass_False-tile_size_256,5/5,0.044361616,0.04559445,0.0292078,0.05548256,0.00955509176666713,,,,,,193.3,179.7,147.7,280.5,50.887523028734655,n/a
5503a9566e74d9b7c3221a857d903c0e3b1b7a98,2026-05-11 23:33:34,input_length_2048-num_cores_8-num_channels_1-bypass_False-tile_size_256,5/5,0.047767916,0.04450481,0.0373525,0.06396352,0.010369303060173812,,,,,,177.52,184.1,128.1,219.3,34.9924563299006,iron/operators/mem_copy/test.py::test_mem_copy
7e6b95b65dcb69d511057cd3d8b565db1e1227e6,2026-04-27 20:54:43,input_length_2048-num_cores_8-num_channels_1-bypass_True-tile_size_256,5/5,0.050814178,0.0521624,0.04068275,0.06005425,0.00822598259023018,,,,,,164.78,157.0,136.4,201.4,27.658307974277818,n/a
5503a9566e74d9b7c3221a857d903c0e3b1b7a98,2026-05-11 23:33:34,input_length_2048-num_cores_8-num_channels_1-bypass_True-tile_size_256,5/5,0.049451936,0.04348726,0.03642071,0.06585897,0.012287652561115163,,,,,,173.74,188.4,124.4,224.9,41.061271290596935,iron/operators/mem_copy/test.py::test_mem_copy
7e6b95b65dcb69d511057cd3d8b565db1e1227e6,2026-04-27 20:54:43,input_length_2048-num_cores_8-num_channels_2-bypass_False-tile_size_256,5/5,0.047064102,0.04793306,0.02998327,0.05683206,0.010527645346185917,,,,,,183.26,170.9,144.1,273.2,52.15537364452487,n/a
5503a9566e74d9b7c3221a857d903c0e3b1b7a98,2026-05-11 23:33:34,input_length_2048-num_cores_8-num_channels_2-bypass_False-tile_size_256,5/5,0.048227968,0.04647548,0.04056168,0.06430545,0.00939136241382314,,,,,,174.32,176.3,127.4,202.0,28.686529940025856,iron/operators/mem_copy/test.py::test_mem_copy
7e6b95b65dcb69d511057cd3d8b565db1e1227e6,2026-04-27 20:54:43,input_length_2048-num_cores_8-num_channels_2-bypass_True-tile_size_256,5/5,0.047461338,0.04743541,0.04147512,0.05290486,0.0041282484279679685,,,,,,173.66,172.7,154.8,197.5,15.539079766833037,n/a
5503a9566e74d9b7c3221a857d903c0e3b1b7a98,2026-05-11 23:33:34,input_length_2048-num_cores_8-num_channels_2-bypass_True-tile_size_256,5/5,0.047816182,0.04869842,0.04313827,0.05086114,0.003299416928439024,,,,,,172.0,168.2,161.1,189.9,12.24642805066033,iron/operators/mem_copy/test.py::test_mem_copy
7e6b95b65dcb69d511057cd3d8b565db1e1227e6,2026-04-27 20:54:43,input_length_32768-num_aie_columns_2-num_channels_2-tile_size_1024,5/5,0.86851868,0.8676358,0.7377812,0.9632052,0.0836696887256789,,,,,,152.14,151.1,136.1,177.7,15.675713699860685,n/a
5503a9566e74d9b7c3221a857d903c0e3b1b7a98,2026-05-11 23:33:34,input_length_32768-num_aie_columns_2-num_channels_2-tile_size_1024,5/5,0.71846904,0.6922866,0.6105459,0.8665975,0.09965002916900227,,,,,,185.12,189.3,151.2,214.7,24.53328351444217,iron/operators/softmax/test.py::test_softmax
7e6b95b65dcb69d511057cd3d8b565db1e1227e6,2026-04-27 20:54:43,input_length_32768-num_aie_columns_2-num_channels_2-tile_size_2048,5/5,0.76348322,0.7444946,0.5898485,0.9831826,0.1411879965833569,,,,,,176.28,176.1,133.3,222.2,31.590220005565005,n/a
5503a9566e74d9b7c3221a857d903c0e3b1b7a98,2026-05-11 23:33:34,input_length_32768-num_aie_columns_2-num_channels_2-tile_size_2048,5/5,0.79873734,0.7893669,0.6759773,0.9576316,0.10234703693553127,,,,,,166.18,166.0,136.9,193.9,20.48333468944937,iron/operators/softmax/test.py::test_softmax
7e6b95b65dcb69d511057cd3d8b565db1e1227e6,2026-04-27 20:54:43,input_length_32768-num_aie_columns_2-num_channels_2-tile_size_512,5/5,0.76387852,0.7351247,0.59709,0.9701348,0.1364090689196543,,,,,,175.9,178.3,135.1,219.5,30.6206629582052,n/a
5503a9566e74d9b7c3221a857d903c0e3b1b7a98,2026-05-11 23:33:34,input_length_32768-num_aie_columns_2-num_channels_2-tile_size_512,5/5,0.75280504,0.6111751,0.5359569,1.081881,0.23839453198638602,,,,,,187.48,214.5,121.2,244.6,53.2337956565188,iron/operators/softmax/test.py::test_softmax
7e6b95b65dcb69d511057cd3d8b565db1e1227e6,2026-04-27 20:54:43,input_length_4096-num_aie_columns_1-num_channels_1-tile_size_4096,30/30,0.09792969166666667,0.095434595,0.07516803,0.1463079,0.017237296414245252,,,,,,171.83666666666667,171.8,112.0,218.0,27.158747664659423,n/a
5503a9566e74d9b7c3221a857d903c0e3b1b7a98,2026-05-11 23:33:34,input_length_4096-num_aie_columns_1-num_channels_1-tile_size_4096,5/5,0.090441226,0.09599588,0.07153492,0.1057414,0.013396334376965963,,,,,,184.6,170.7,154.9,229.0,29.34535738409059,iron/operators/gelu/test.py::test_gelu
5503a9566e74d9b7c3221a857d903c0e3b1b7a98,2026-05-11 23:33:34,input_length_4096-num_aie_columns_1-num_channels_1-tile_size_4096,5/5,0.093700244,0.09427416,0.07307239,0.1232603,0.018857199869021648,,,,,,180.22,173.8,132.9,224.2,33.91263776234458,iron/operators/layer_norm/test.py::test_layer_norm
5503a9566e74d9b7c3221a857d903c0e3b1b7a98,2026-05-11 23:33:34,input_length_4096-num_aie_columns_1-num_channels_1-tile_size_4096,5/5,0.088284624,0.09064654,0.07740899,0.1004894,0.010194647619522221,,,,,,187.57999999999998,180.7,163.0,211.7,21.94509056714052,iron/operators/relu/test.py::test_relu
5503a9566e74d9b7c3221a857d903c0e3b1b7a98,2026-05-11 23:33:34,input_length_4096-num_aie_columns_1-num_channels_1-tile_size_4096,5/5,0.08693323,0.09086875,0.06537961,0.09537337,0.012189354192493134,,,,,,192.16,180.3,171.8,250.6,32.85503005629427,iron/operators/sigmoid/test.py::test_sigmoid
5503a9566e74d9b7c3221a857d903c0e3b1b7a98,2026-05-11 23:33:34,input_length_4096-num_aie_columns_1-num_channels_1-tile_size_4096,5/5,0.101379504,0.1035965,0.0938895,0.1089239,0.006513445225537711,,,,,,162.14,158.2,150.4,174.5,10.522024520024654,iron/operators/silu/test.py::test_silu
5503a9566e74d9b7c3221a857d903c0e3b1b7a98,2026-05-11 23:33:34,input_length_4096-num_aie_columns_1-num_channels_1-tile_size_4096,5/5,0.102220488,0.09651614,0.07010218,0.1304251,0.02480031883218278,,,,,,168.58,169.8,125.6,233.7,43.45384908152556,iron/operators/tanh/test.py::test_tanh
7e6b95b65dcb69d511057cd3d8b565db1e1227e6,2026-04-27 20:54:43,input_length_4096-num_aie_columns_1-num_channels_1-tile_size_4096-group_size_32,5/5,0.074269692,0.08039955,0.05894344,0.08573552,0.012004558006247877,,,,,,144.54,130.5,122.4,178.1,24.952214330595986,n/a
5503a9566e74d9b7c3221a857d903c0e3b1b7a98,2026-05-11 23:33:34,input_length_4096-num_aie_columns_1-num_channels_1-tile_size_4096-group_size_32,5/5,0.061336856,0.05376746,0.046743,0.08448437,0.01559764381026282,,,,,,179.36,195.2,124.2,224.5,41.07095080467458,iron/operators/dequant/test.py::test_dequant
7e6b95b65dcb69d511057cd3d8b565db1e1227e6,2026-04-27 20:54:43,input_length_4096-num_aie_columns_1-num_channels_1-tile_size_4096-weighted_False,5/5,0.103263356,0.09747739,0.09625587,0.1231667,0.0113759479296202,,,,,,160.01999999999998,168.1,133.0,170.2,15.607273945183376,n/a
5503a9566e74d9b7c3221a857d903c0e3b1b7a98,2026-05-11 23:33:34,input_length_4096-num_aie_columns_1-num_channels_1-tile_size_4096-weighted_False,5/5,0.085421542,0.08866617,0.07453676,0.09385669,0.007863416050278026,,,,,,193.16,184.8,174.6,219.8,18.480340905946516,iron/operators/rms_norm/test.py::test_rms_norm
7e6b95b65dcb69d511057cd3d8b565db1e1227e6,2026-04-27 20:54:43,input_length_4096-num_aie_columns_1-num_channels_1-tile_size_4096-weighted_True,5/5,0.13482182,0.1196553,0.1087337,0.1923863,0.03373174066183066,,,,,,189.9,205.4,127.7,226.0,38.50506460194555,n/a
5503a9566e74d9b7c3221a857d903c0e3b1b7a98,2026-05-11 23:33:34,input_length_4096-num_aie_columns_1-num_channels_1-tile_size_4096-weighted_True,5/5,0.14676164,0.1421638,0.1328117,0.1745219,0.016081715842937907,,,,,,168.92000000000002,172.9,140.8,185.0,16.628499631656485,iron/operators/rms_norm/test.py::test_rms_norm
7e6b95b65dcb69d511057cd3d8b565db1e1227e6,2026-04-27 20:54:43,input_length_4096-num_aie_columns_1-num_channels_2-tile_size_2048,25/25,0.0948346312,0.09392772,0.05477602,0.1326156,0.017651859878392965,,,,,,179.172,174.4,123.5,299.1,37.427847475732115,n/a
5503a9566e74d9b7c3221a857d903c0e3b1b7a98,2026-05-11 23:33:34,input_length_4096-num_aie_columns_1-num_channels_2-tile_size_2048,5/5,0.111836564,0.1074854,0.07589402,0.154272,0.028509390011318723,,,,,,154.4,152.4,106.2,215.9,40.06862862639549,iron/operators/gelu/test.py::test_gelu
5503a9566e74d9b7c3221a857d903c0e3b1b7a98,2026-05-11 23:33:34,input_length_4096-num_aie_columns_1-num_channels_2-tile_size_2048,5/5,0.09537799,0.08050433,0.07688229,0.1316862,0.024085813492310156,,,,,,179.76,203.5,124.4,213.1,39.75101256571963,iron/operators/layer_norm/test.py::test_layer_norm
5503a9566e74d9b7c3221a857d903c0e3b1b7a98,2026-05-11 23:33:34,input_length_4096-num_aie_columns_1-num_channels_2-tile_size_2048,5/5,0.097880938,0.08831155,0.08224404,0.1255864,0.01897285429063639,,,,,,172.1,185.5,130.5,199.2,30.445607236512785,iron/operators/relu/test.py::test_relu
5503a9566e74d9b7c3221a857d903c0e3b1b7a98,2026-05-11 23:33:34,input_length_4096-num_aie_columns_1-num_channels_2-tile_size_2048,5/5,0.091587772,0.09338007,0.0475203,0.1348222,0.03175578110845756,,,,,,201.26,175.5,121.5,344.8,85.4832322739378,iron/operators/sigmoid/test.py::test_sigmoid
5503a9566e74d9b7c3221a857d903c0e3b1b7a98,2026-05-11 23:33:34,input_length_4096-num_aie_columns_1-num_channels_2-tile_size_2048,5/5,0.095016652,0.09832091,0.06035556,0.132765,0.02777973072806988,,,,,,185.54,166.6,123.4,271.5,57.720039847526095,iron/operators/tanh/test.py::test_tanh
7e6b95b65dcb69d511057cd3d8b565db1e1227e6,2026-04-27 20:54:43,input_length_4096-num_aie_columns_1-num_channels_2-tile_size_2048-group_size_32,5/5,0.06567552,0.06098177,0.05647778,0.08305112,0.01092902344775827,,,,,,163.04,172.1,126.4,185.8,24.38038145722909,n/a
5503a9566e74d9b7c3221a857d903c0e3b1b7a98,2026-05-11 23:33:34,input_length_4096-num_aie_columns_1-num_channels_2-tile_size_2048-group_size_32,5/5,0.062185896,0.06066736,0.05146915,0.07589134,0.008904899123282083,,,,,,171.46,173.0,138.3,203.9,23.666706572736306,iron/operators/dequant/test.py::test_dequant
7e6b95b65dcb69d511057cd3d8b565db1e1227e6,2026-04-27 20:54:43,input_length_4096-num_aie_columns_1-num_channels_2-tile_size_2048-weighted_False,5/5,0.104832098,0.09795059,0.07525469,0.145256,0.029466162230914462,,,,,,166.16,167.3,112.8,217.7,44.400709453791386,n/a
5503a9566e74d9b7c3221a857d903c0e3b1b7a98,2026-05-11 23:33:34,input_length_4096-num_aie_columns_1-num_channels_2-tile_size_2048-weighted_False,5/5,0.111707108,0.1038329,0.09479287,0.1435694,0.020084533031685607,,,,,,150.1,157.8,114.1,172.8,24.167436769339034,iron/operators/rms_norm/test.py::test_rms_norm
7e6b95b65dcb69d511057cd3d8b565db1e1227e6,2026-04-27 20:54:43,input_length_4096-num_aie_columns_1-num_channels_2-tile_size_2048-weighted_True,5/5,0.1110194,0.1034255,0.0945513,0.1308559,0.016375109108949473,,,,,,187.62,198.0,156.5,216.6,26.687394027892637,n/a
5503a9566e74d9b7c3221a857d903c0e3b1b7a98,2026-05-11 23:33:34,input_length_4096-num_aie_columns_1-num_channels_2-tile_size_2048-weighted_True,5/5,0.14792388,0.1481857,0.1334515,0.1622165,0.014048106430832598,,,,,,139.46,138.2,126.3,153.5,13.298232965322873,iron/operators/rms_norm/test.py::test_rms_norm
7e6b95b65dcb69d511057cd3d8b565db1e1227e6,2026-04-27 20:54:43,input_length_4096-num_aie_columns_1-tile_size_4096,10/10,0.1451044,0.13744895000000001,0.1216248,0.168702,0.017469055876606496,,,,,,171.55,178.85000000000002,145.7,202.1,20.12849003554691,n/a
5503a9566e74d9b7c3221a857d903c0e3b1b7a98,2026-05-11 23:33:34,input_length_4096-num_aie_columns_1-tile_size_4096,5/5,0.153023748,0.1473417,0.07545154,0.2053167,0.050756324982789286,,,,,,181.88,166.8,119.7,325.7,83.36829133429568,iron/operators/elementwise_add/test.py::test_elementwise_add
5503a9566e74d9b7c3221a857d903c0e3b1b7a98,2026-05-11 23:33:34,input_length_4096-num_aie_columns_1-tile_size_4096,5/5,0.14498666,0.1434291,0.1123341,0.1888312,0.02794736119033423,,,,,,174.34,171.3,130.1,218.8,31.950007824725184,iron/operators/elementwise_mul/test.py::test_elementwise_mul
7e6b95b65dcb69d511057cd3d8b565db1e1227e6,2026-04-27 20:54:43,input_length_4096-num_aie_columns_1-tile_size_4096-scalar_factor_10.0,5/5,0.111871918,0.12529,0.06733999,0.1495509,0.03741582587617999,,,,,,244.0,196.2,164.3,365.0,91.72330674370609,n/a
5503a9566e74d9b7c3221a857d903c0e3b1b7a98,2026-05-11 23:33:34,input_length_4096-num_aie_columns_1-tile_size_4096-scalar_factor_10.0,5/5,0.123845264,0.1396491,0.06319362,0.1512379,0.03555166869904252,,,,,,220.12,176.0,162.5,388.9,95.45224984252597,iron/operators/axpy/test.py::test_axpy
7e6b95b65dcb69d511057cd3d8b565db1e1227e6,2026-04-27 20:54:43,input_length_4096-num_aie_columns_1-tile_size_4096-scalar_factor_3.0,5/5,0.1686597,0.1495782,0.1308508,0.2268707,0.0420705065301691,,,,,,152.62,164.3,108.3,187.8,34.93446722078355,n/a
5503a9566e74d9b7c3221a857d903c0e3b1b7a98,2026-05-11 23:33:34,input_length_4096-num_aie_columns_1-tile_size_4096-scalar_factor_3.0,5/5,0.13216726,0.1352075,0.1202413,0.1367073,0.006824985644893332,,,,,,186.4,181.8,179.8,204.4,10.254998781082325,iron/operators/axpy/test.py::test_axpy
7e6b95b65dcb69d511057cd3d8b565db1e1227e6,2026-04-27 20:54:43,input_length_4096-num_aie_columns_2-num_channels_1-tile_size_2048,30/30,0.09813300766666666,0.097145395,0.0558175,0.1468732,0.020691196988358765,,,,,,174.90333333333334,168.85,111.6,293.5,40.45397114757951,n/a
5503a9566e74d9b7c3221a857d903c0e3b1b7a98,2026-05-11 23:33:34,input_length_4096-num_aie_columns_2-num_channels_1-tile_size_2048,5/5,0.112159228,0.1202769,0.07092057,0.1475358,0.030781138016250632,,,,,,156.57999999999998,136.2,111.1,231.0,48.74927691771438,iron/operators/gelu/test.py::test_gelu
5503a9566e74d9b7c3221a857d903c0e3b1b7a98,2026-05-11 23:33:34,input_length_4096-num_aie_columns_2-num_channels_1-tile_size_2048,5/5,0.089726416,0.09430129,0.06883687,0.1015835,0.013374978573991437,,,,,,186.32,173.7,161.3,238.0,31.47867532155697,iron/operators/layer_norm/test.py::test_layer_norm
5503a9566e74d9b7c3221a857d903c0e3b1b7a98,2026-05-11 23:33:34,input_length_4096-num_aie_columns_2-num_channels_1-tile_size_2048,5/5,0.09890889600000001,0.09974734,0.07857694,0.1267552,0.01848523702894502,,,,,,170.16,164.3,129.3,208.5,30.38318613970562,iron/operators/relu/test.py::test_relu
5503a9566e74d9b7c3221a857d903c0e3b1b7a98,2026-05-11 23:33:34,input_length_4096-num_aie_columns_2-num_channels_1-tile_size_2048,5/5,0.092493548,0.09311419,0.08437054,0.1036883,0.007974681494057929,,,,,,178.18,176.0,158.0,194.2,15.09410480949433,iron/operators/sigmoid/test.py::test_sigmoid
5503a9566e74d9b7c3221a857d903c0e3b1b7a98,2026-05-11 23:33:34,input_length_4096-num_aie_columns_2-num_channels_1-tile_size_2048,5/5,0.10340855,0.09973581,0.07010487,0.1501893,0.030283532690430125,,,,,,169.04,164.3,109.1,233.7,46.65788250660332,iron/operators/silu/test.py::test_silu
5503a9566e74d9b7c3221a857d903c0e3b1b7a98,2026-05-11 23:33:34,input_length_4096-num_aie_columns_2-num_channels_1-tile_size_2048,5/5,0.096955876,0.09534562,0.09088892,0.1049806,0.006097934194617057,,,,,,169.52,171.8,156.1,180.3,10.480314880765754,iron/operators/tanh/test.py::test_tanh
7e6b95b65dcb69d511057cd3d8b565db1e1227e6,2026-04-27 20:54:43,input_length_4096-num_aie_columns_2-num_channels_1-tile_size_2048-group_size_32,5/5,0.065785204,0.06781063,0.05204439,0.08322959,0.01325261797922886,,,,,,164.88,154.8,126.1,201.7,33.270136759562625,n/a
5503a9566e74d9b7c3221a857d903c0e3b1b7a98,2026-05-11 23:33:34,input_length_4096-num_aie_columns_2-num_channels_1-tile_size_2048-group_size_32,5/5,0.055116816,0.05755143,0.03621171,0.06391348,0.01103561659890511,,,,,,198.7,182.4,164.2,289.9,51.82745411459065,iron/operators/dequant/test.py::test_dequant
7e6b95b65dcb69d511057cd3d8b565db1e1227e6,2026-04-27 20:54:43,input_length_4096-num_aie_columns_2-num_channels_1-tile_size_2048-weighted_False,5/5,0.101442922,0.09864769,0.07320659,0.127927,0.025619599268649186,,,,,,170.22,166.1,128.1,223.8,43.45707077104945,n/a
5503a9566e74d9b7c3221a857d903c0e3b1b7a98,2026-05-11 23:33:34,input_length_4096-num_aie_columns_2-num_channels_1-tile_size_2048-weighted_False,5/5,0.09313373,0.08212037,0.07782523,0.1341368,0.02374334846013616,,,,,,183.4,199.5,122.1,210.5,36.9782368427701,iron/operators/rms_norm/test.py::test_rms_norm
7e6b95b65dcb69d511057cd3d8b565db1e1227e6,2026-04-27 20:54:43,input_length_4096-num_aie_columns_2-num_channels_1-tile_size_2048-weighted_True,5/5,0.11796282,0.1110021,0.1035306,0.158433,0.02289808861994817,,,,,,177.94,184.5,129.3,197.8,27.901666616888672,n/a
5503a9566e74d9b7c3221a857d903c0e3b1b7a98,2026-05-11 23:33:34,input_length_4096-num_aie_columns_2-num_channels_1-tile_size_2048-weighted_True,5/5,0.115866632,0.123271,0.08488697,0.1422963,0.025773332530252463,,,,,,184.52,166.1,143.9,241.3,43.83733568546337,iron/operators/rms_norm/test.py::test_rms_norm
7e6b95b65dcb69d511057cd3d8b565db1e1227e6,2026-04-27 20:54:43,input_length_4096-num_aie_columns_2-num_channels_2-tile_size_1024,25/25,0.0913628604,0.08533556,0.05131755,0.1258875,0.02361569856947166,,,,,,192.18,192.0,130.1,319.3,53.404572213747144,n/a
5503a9566e74d9b7c3221a857d903c0e3b1b7a98,2026-05-11 23:33:34,input_length_4096-num_aie_columns_2-num_channels_2-tile_size_1024,5/5,0.1019851,0.1034004,0.0839426,0.1138299,0.01098244212299796,,,,,,162.32,158.5,143.9,195.2,19.357220874908666,iron/operators/gelu/test.py::test_gelu
5503a9566e74d9b7c3221a857d903c0e3b1b7a98,2026-05-11 23:33:34,input_length_4096-num_aie_columns_2-num_channels_2-tile_size_1024,5/5,0.099786724,0.09954856,0.07592215,0.1171156,0.017079123681803178,,,,,,168.4,164.6,139.9,215.8,31.038604994425896,iron/operators/layer_norm/test.py::test_layer_norm
5503a9566e74d9b7c3221a857d903c0e3b1b7a98,2026-05-11 23:33:34,input_length_4096-num_aie_columns_2-num_channels_2-tile_size_1024,5/5,0.084952904,0.08114667,0.06526424,0.1160422,0.018747382411425602,,,,,,199.62,201.9,141.2,251.0,39.119521980719554,iron/operators/relu/test.py::test_relu
5503a9566e74d9b7c3221a857d903c0e3b1b7a98,2026-05-11 23:33:34,input_length_4096-num_aie_columns_2-num_channels_2-tile_size_1024,5/5,0.0838287,0.09334815,0.05857411,0.1023834,0.018676812759156742,,,,,,204.46,175.5,160.0,279.7,51.03609507005801,iron/operators/sigmoid/test.py::test_sigmoid
5503a9566e74d9b7c3221a857d903c0e3b1b7a98,2026-05-11 23:33:34,input_length_4096-num_aie_columns_2-num_channels_2-tile_size_1024,5/5,0.097150996,0.09701391,0.0757106,0.112839,0.013815311009500652,,,,,,171.72,168.9,145.2,216.4,27.07982643962107,iron/operators/tanh/test.py::test_tanh
7e6b95b65dcb69d511057cd3d8b565db1e1227e6,2026-04-27 20:54:43,input_length_4096-num_aie_columns_2-num_channels_2-tile_size_1024-group_size_32,5/5,0.068029864,0.0630065,0.05823928,0.08933222,0.01279434099256699,,,,,,158.12,166.6,117.5,180.2,25.65476563915562,n/a
5503a9566e74d9b7c3221a857d903c0e3b1b7a98,2026-05-11 23:33:34,input_length_4096-num_aie_columns_2-num_channels_2-tile_size_1024-group_size_32,5/5,0.062303201999999995,0.05902333,0.05308893,0.0762281,0.008749114078343587,,,,,,170.94,177.8,137.7,197.7,22.294909732941285,iron/operators/dequant/test.py::test_dequant
7e6b95b65dcb69d511057cd3d8b565db1e1227e6,2026-04-27 20:54:43,input_length_4096-num_aie_columns_2-num_channels_2-tile_size_1024-weighted_False,5/5,0.092085578,0.09064805,0.07850616,0.1056589,0.011436186033333838,,,,,,180.14,180.7,155.1,208.7,22.411447967500894,n/a
5503a9566e74d9b7c3221a857d903c0e3b1b7a98,2026-05-11 23:33:34,input_length_4096-num_aie_columns_2-num_channels_2-tile_size_1024-weighted_False,5/5,0.087290336,0.08172223,0.06440834,0.1125522,0.018679691811296837,,,,,,194.78,200.5,145.6,254.4,41.8632535763765,iron/operators/rms_norm/test.py::test_rms_norm
7e6b95b65dcb69d511057cd3d8b565db1e1227e6,2026-04-27 20:54:43,input_length_4096-num_aie_columns_2-num_channels_2-tile_size_1024-weighted_True,5/5,0.09709341199999999,0.09644051,0.08398491,0.111659,0.010910737184501789,,,,,,191.78,191.1,165.1,219.5,21.446841259262403,n/a
5503a9566e74d9b7c3221a857d903c0e3b1b7a98,2026-05-11 23:33:34,input_length_4096-num_aie_columns_2-num_channels_2-tile_size_1024-weighted_True,5/5,0.084950614,0.08720089,0.07329089,0.09563688,0.008561842386626255,,,,,,218.8,211.4,192.7,251.5,22.674104171940293,iron/operators/rms_norm/test.py::test_rms_norm
7e6b95b65dcb69d511057cd3d8b565db1e1227e6,2026-04-27 20:54:43,input_length_4096-num_aie_columns_2-tile_size_2048,10/10,0.139494414,0.14618720000000002,0.0837922,0.1902963,0.03520272133148806,,,,,,188.09,168.2,129.1,293.3,53.91459192298707,n/a
5503a9566e74d9b7c3221a857d903c0e3b1b7a98,2026-05-11 23:33:34,input_length_4096-num_aie_columns_2-tile_size_2048,5/5,0.15005258,0.1554853,0.1160548,0.178654,0.02731095039580278,,,,,,168.48,158.1,137.6,211.8,32.26913385884413,iron/operators/elementwise_add/test.py::test_elementwise_add
5503a9566e74d9b7c3221a857d903c0e3b1b7a98,2026-05-11 23:33:34,input_length_4096-num_aie_columns_2-tile_size_2048,5/5,0.14485598,0.1385523,0.1041007,0.1903419,0.04229326622823071,,,,,,181.88,177.4,129.1,236.1,52.71790018580027,iron/operators/elementwise_mul/test.py::test_elementwise_mul
7e6b95b65dcb69d511057cd3d8b565db1e1227e6,2026-04-27 20:54:43,input_length_4096-num_aie_columns_2-tile_size_2048-scalar_factor_10.0,5/5,0.15280304,0.1384821,0.1284798,0.1846681,0.02493183628100826,,,,,,164.16,177.5,133.1,191.3,25.516817983439868,n/a
5503a9566e74d9b7c3221a857d903c0e3b1b7a98,2026-05-11 23:33:34,input_length_4096-num_aie_columns_2-tile_size_2048-scalar_factor_10.0,5/5,0.13614742,0.138568,0.1163576,0.1552387,0.014079562449415819,,,,,,182.1,177.4,158.3,211.2,19.297668252926304,iron/operators/axpy/test.py::test_axpy
7e6b95b65dcb69d511057cd3d8b565db1e1227e6,2026-04-27 20:54:43,input_length_4096-num_aie_columns_2-tile_size_2048-scalar_factor_3.0,5/5,0.15558046,0.1462257,0.1063624,0.2378468,0.050497312975127696,,,,,,169.96,168.1,103.3,231.1,47.82727255447461,n/a
5503a9566e74d9b7c3221a857d903c0e3b1b7a98,2026-05-11 23:33:34,input_length_4096-num_aie_columns_2-tile_size_2048-scalar_factor_3.0,5/5,0.13679014,0.1357378,0.1278169,0.1476151,0.009219756675368389,,,,,,180.32,181.1,166.5,192.3,12.086438681431355,iron/operators/axpy/test.py::test_axpy
7e6b95b65dcb69d511057cd3d8b565db1e1227e6,2026-04-27 20:54:43,input_length_4096-num_aie_columns_4-num_channels_1-tile_size_1024,30/30,0.096478434,0.09254649,0.04545114,0.1316544,0.01716045416417996,,,,,,176.41,177.05,124.4,360.5,41.644392345105764,n/a
5503a9566e74d9b7c3221a857d903c0e3b1b7a98,2026-05-11 23:33:34,input_length_4096-num_aie_columns_4-num_channels_1-tile_size_1024,5/5,0.102944992,0.1039469,0.089708,0.1192943,0.011701085059827573,,,,,,160.78,157.6,137.3,182.6,18.028643875788326,iron/operators/gelu/test.py::test_gelu
5503a9566e74d9b7c3221a857d903c0e3b1b7a98,2026-05-11 23:33:34,input_length_4096-num_aie_columns_4-num_channels_1-tile_size_1024,5/5,0.080991952,0.08446275,0.06553705,0.08669288,0.008836911523183312,,,,,,204.54,194.0,189.0,250.0,25.76815864589474,iron/operators/layer_norm/test.py::test_layer_norm
5503a9566e74d9b7c3221a857d903c0e3b1b7a98,2026-05-11 23:33:34,input_length_4096-num_aie_columns_4-num_channels_1-tile_size_1024,5/5,0.10516538,0.09750582,0.08573701,0.1434061,0.023473190110173566,,,,,,161.28,168.0,114.2,191.1,31.17397953422052,iron/operators/relu/test.py::test_relu
5503a9566e74d9b7c3221a857d903c0e3b1b7a98,2026-05-11 23:33:34,input_length_4096-num_aie_columns_4-num_channels_1-tile_size_1024,5/5,0.093463608,0.0905864,0.08086192,0.1152326,0.013921710335887974,,,,,,178.22,180.9,142.2,202.6,24.53226446946959,iron/operators/sigmoid/test.py::test_sigmoid
5503a9566e74d9b7c3221a857d903c0e3b1b7a98,2026-05-11 23:33:34,input_length_4096-num_aie_columns_4-num_channels_1-tile_size_1024,5/5,0.089585788,0.09287613,0.07068071,0.1156482,0.019015507148722594,,,,,,189.6,176.4,141.7,231.8,39.82430162601725,iron/operators/silu/test.py::test_silu
5503a9566e74d9b7c3221a857d903c0e3b1b7a98,2026-05-11 23:33:34,input_length_4096-num_aie_columns_4-num_channels_1-tile_size_1024,5/5,0.087695656,0.09319416,0.0682442,0.105203,0.014474961836575944,,,,,,191.2,175.8,155.7,240.1,33.449364717435216,iron/operators/tanh/test.py::test_tanh
7e6b95b65dcb69d511057cd3d8b565db1e1227e6,2026-04-27 20:54:43,input_length_4096-num_aie_columns_4-num_channels_1-tile_size_1024-group_size_32,5/5,0.057708344,0.06485899,0.03164973,0.0675527,0.014953825856585331,,,,,,197.46,161.8,155.4,331.6,75.53123857054113,n/a
5503a9566e74d9b7c3221a857d903c0e3b1b7a98,2026-05-11 23:33:34,input_length_4096-num_aie_columns_4-num_channels_1-tile_size_1024-group_size_32,5/5,0.061166514,0.06237224,0.05619897,0.0666798,0.004331041032318903,,,,,,172.3,168.3,157.4,186.8,12.237851118558359,iron/operators/dequant/test.py::test_dequant
7e6b95b65dcb69d511057cd3d8b565db1e1227e6,2026-04-27 20:54:43,input_length_4096-num_aie_columns_4-num_channels_1-tile_size_1024-weighted_False,5/5,0.11297822199999999,0.1046714,0.08681691,0.1363073,0.0209859844367716,,,,,,149.16,156.5,120.2,188.7,28.200230495511907,n/a
5503a9566e74d9b7c3221a857d903c0e3b1b7a98,2026-05-11 23:33:34,input_length_4096-num_aie_columns_4-num_channels_1-tile_size_1024-weighted_False,5/5,0.085384284,0.08631653,0.07946262,0.09367906,0.005833230021182944,,,,,,192.6,189.8,174.9,206.2,12.968230411278165,iron/operators/rms_norm/test.py::test_rms_norm
7e6b95b65dcb69d511057cd3d8b565db1e1227e6,2026-04-27 20:54:43,input_length_4096-num_aie_columns_4-num_channels_1-tile_size_1024-weighted_True,5/5,0.103924132,0.1071528,0.0612986,0.1367197,0.02891594170355031,,,,,,191.54,172.0,134.8,300.7,65.5382941492987,n/a
5503a9566e74d9b7c3221a857d903c0e3b1b7a98,2026-05-11 23:33:34,input_length_4096-num_aie_columns_4-num_channels_1-tile_size_1024-weighted_True,5/5,0.0962165,0.09171746,0.08359487,0.1148862,0.013258338026383622,,,,,,194.36,201.0,160.4,220.5,25.530236975006712,iron/operators/rms_norm/test.py::test_rms_norm
7e6b95b65dcb69d511057cd3d8b565db1e1227e6,2026-04-27 20:54:43,input_length_4096-num_aie_columns_4-num_channels_2-tile_size_512,25/25,0.08975509,0.08736922,0.06955429,0.1273088,0.015773527541921305,,,,,,187.46,187.5,128.7,235.6,29.566647876732098,n/a
5503a9566e74d9b7c3221a857d903c0e3b1b7a98,2026-05-11 23:33:34,input_length_4096-num_aie_columns_4-num_channels_2-tile_size_512,5/5,0.081633622,0.07699067,0.05597043,0.1082188,0.022152100303444593,,,,,,213.2,212.8,151.4,292.7,58.54259133314821,iron/operators/gelu/test.py::test_gelu
5503a9566e74d9b7c3221a857d903c0e3b1b7a98,2026-05-11 23:33:34,input_length_4096-num_aie_columns_4-num_channels_2-tile_size_512,5/5,0.09340626,0.08793757,0.07727864,0.1273582,0.020464513735939344,,,,,,181.3,186.3,128.6,212.0,34.00941046239996,iron/operators/layer_norm/test.py::test_layer_norm
5503a9566e74d9b7c3221a857d903c0e3b1b7a98,2026-05-11 23:33:34,input_length_4096-num_aie_columns_4-num_channels_2-tile_size_512,5/5,0.091077572,0.08970162,0.05396717,0.1170219,0.02428043221672691,,,,,,193.4,182.7,140.0,303.6,64.93908684297925,iron/operators/relu/test.py::test_relu
5503a9566e74d9b7c3221a857d903c0e3b1b7a98,2026-05-11 23:33:34,input_length_4096-num_aie_columns_4-num_channels_2-tile_size_512,5/5,0.072572268,0.07418879,0.05386267,0.08308864,0.011289306082285129,,,,,,231.02,220.8,197.2,304.2,42.515079677686124,iron/operators/sigmoid/test.py::test_sigmoid
5503a9566e74d9b7c3221a857d903c0e3b1b7a98,2026-05-11 23:33:34,input_length_4096-num_aie_columns_4-num_channels_2-tile_size_512,5/5,0.081027298,0.07508467,0.05349808,0.1265203,0.027836500768874846,,,,,,219.46,218.2,129.5,306.3,65.3381435304065,iron/operators/tanh/test.py::test_tanh
7e6b95b65dcb69d511057cd3d8b565db1e1227e6,2026-04-27 20:54:43,input_length_4096-num_aie_columns_4-num_channels_2-tile_size_512-group_size_32,5/5,0.054986506000000004,0.05502404,0.04823441,0.06800438,0.008012089768954166,,,,,,193.88,190.8,154.3,217.6,25.755911942697736,n/a
5503a9566e74d9b7c3221a857d903c0e3b1b7a98,2026-05-11 23:33:34,input_length_4096-num_aie_columns_4-num_channels_2-tile_size_512-group_size_32,5/5,0.066499514,0.06071685,0.05021577,0.09904597,0.019672711322055482,,,,,,167.38,172.9,106.0,209.0,41.008255266470435,iron/operators/dequant/test.py::test_dequant
7e6b95b65dcb69d511057cd3d8b565db1e1227e6,2026-04-27 20:54:43,input_length_4096-num_aie_columns_4-num_channels_2-tile_size_512-weighted_False,5/5,0.091009566,0.09415497,0.04885249,0.1235484,0.027148279133649155,,,,,,198.26,174.0,132.6,335.4,79.21942943495615,n/a
5503a9566e74d9b7c3221a857d903c0e3b1b7a98,2026-05-11 23:33:34,input_length_4096-num_aie_columns_4-num_channels_2-tile_size_512-weighted_False,5/5,0.101063442,0.09216922,0.07947457,0.1345786,0.02192696759536576,,,,,,167.82,177.8,121.7,206.2,33.172156999507884,iron/operators/rms_norm/test.py::test_rms_norm
7e6b95b65dcb69d511057cd3d8b565db1e1227e6,2026-04-27 20:54:43,input_length_4096-num_aie_columns_4-num_channels_2-tile_size_512-weighted_True,5/5,0.075022834,0.08240785,0.05231036,0.09137434,0.016800224080068992,,,,,,242.85999999999999,211.2,190.5,332.8,60.95394162808506,n/a
5503a9566e74d9b7c3221a857d903c0e3b1b7a98,2026-05-11 23:33:34,input_length_4096-num_aie_columns_4-num_channels_2-tile_size_512-weighted_True,5/5,0.082827972,0.08494525,0.05676701,0.1098414,0.019018886114619597,,,,,,219.85999999999999,204.9,158.5,306.7,54.28022660232729,iron/operators/rms_norm/test.py::test_rms_norm
7e6b95b65dcb69d511057cd3d8b565db1e1227e6,2026-04-27 20:54:43,input_length_4096-num_aie_columns_4-tile_size_1024,10/10,0.146645533,0.1463492,0.07885213,0.2108949,0.03997974846179557,,,,,,181.28,168.15,116.5,311.7,58.476734214937515,n/a
5503a9566e74d9b7c3221a857d903c0e3b1b7a98,2026-05-11 23:33:34,input_length_4096-num_aie_columns_4-tile_size_1024,5/5,0.10953503,0.1160767,0.06668295,0.131616,0.026002009294754515,,,,,,238.4,211.7,186.7,368.6,74.93917533573479,iron/operators/elementwise_add/test.py::test_elementwise_add
5503a9566e74d9b7c3221a857d903c0e3b1b7a98,2026-05-11 23:33:34,input_length_4096-num_aie_columns_4-tile_size_1024,5/5,0.14622570000000001,0.1511263,0.1195267,0.1772342,0.022359759981605352,,,,,,171.23999999999998,162.6,138.7,205.6,26.135091352432653,iron/operators/elementwise_mul/test.py::test_elementwise_mul
7e6b95b65dcb69d511057cd3d8b565db1e1227e6,2026-04-27 20:54:43,input_length_4096-num_aie_columns_4-tile_size_1024-scalar_factor_10.0,5/5,0.1243646,0.1181283,0.1006083,0.1727056,0.02828003732600082,,,,,,204.56,208.0,142.3,244.3,38.6067740170038,n/a
5503a9566e74d9b7c3221a857d903c0e3b1b7a98,2026-05-11 23:33:34,input_length_4096-num_aie_columns_4-tile_size_1024-scalar_factor_10.0,5/5,0.130084674,0.1341207,0.09735807,0.14956,0.020547311035653302,,,,,,193.34,183.2,164.3,252.4,35.23014334344951,iron/operators/axpy/test.py::test_axpy
7e6b95b65dcb69d511057cd3d8b565db1e1227e6,2026-04-27 20:54:43,input_length_4096-num_aie_columns_4-tile_size_1024-scalar_factor_3.0,5/5,0.13912538,0.1207802,0.1109421,0.1832184,0.031426347798972756,,,,,,183.44,203.5,134.1,221.5,37.89588368147654,n/a
5503a9566e74d9b7c3221a857d903c0e3b1b7a98,2026-05-11 23:33:34,input_length_4096-num_aie_columns_4-tile_size_1024-scalar_factor_3.0,5/5,0.14259118,0.1401996,0.1319488,0.1657942,0.013480013194800662,,,,,,173.48,175.3,148.2,186.3,14.947976451680681,iron/operators/axpy/test.py::test_axpy
7e6b95b65dcb69d511057cd3d8b565db1e1227e6,2026-04-27 20:54:43,input_length_4096-num_aie_columns_8-num_channels_1-tile_size_512,30/30,0.08728053966666667,0.082926215,0.06621403,0.1319949,0.01524272888331362,,,,,,192.84,197.55,124.1,247.4,30.916345414571616,n/a
5503a9566e74d9b7c3221a857d903c0e3b1b7a98,2026-05-11 23:33:34,input_length_4096-num_aie_columns_8-num_channels_1-tile_size_512,5/5,0.09107094,0.08697406,0.05669008,0.1347468,0.02820549785806395,,,,,,194.18,188.4,121.6,289.0,60.629382315837596,iron/operators/gelu/test.py::test_gelu
5503a9566e74d9b7c3221a857d903c0e3b1b7a98,2026-05-11 23:33:34,input_length_4096-num_aie_columns_8-num_channels_1-tile_size_512,5/5,0.09206441,0.0971416,0.06615254,0.1151686,0.018268740685096495,,,,,,184.26,168.7,142.3,247.7,40.15031755789734,iron/operators/layer_norm/test.py::test_layer_norm
5503a9566e74d9b7c3221a857d903c0e3b1b7a98,2026-05-11 23:33:34,input_length_4096-num_aie_columns_8-num_channels_1-tile_size_512,5/5,0.07071439,0.07253024,0.05874212,0.0827057,0.011087919447281349,,,,,,236.44,225.9,198.1,278.9,37.96166487392247,iron/operators/relu/test.py::test_relu
5503a9566e74d9b7c3221a857d903c0e3b1b7a98,2026-05-11 23:33:34,input_length_4096-num_aie_columns_8-num_channels_1-tile_size_512,5/5,0.081543854,0.08052728,0.07485791,0.09273892,0.007348945443587808,,,,,,202.2,203.5,176.7,218.9,17.439896788685427,iron/operators/sigmoid/test.py::test_sigmoid
5503a9566e74d9b7c3221a857d903c0e3b1b7a98,2026-05-11 23:33:34,input_length_4096-num_aie_columns_8-num_channels_1-tile_size_512,5/5,0.07658797,0.07546231,0.05345775,0.105631,0.023483442665515424,,,,,,231.12,217.1,155.1,306.5,71.02156010677322,iron/operators/silu/test.py::test_silu
5503a9566e74d9b7c3221a857d903c0e3b1b7a98,2026-05-11 23:33:34,input_length_4096-num_aie_columns_8-num_channels_1-tile_size_512,5/5,0.083088208,0.09289193,0.0537937,0.09868869,0.01915311674892418,,,,,,207.9,176.4,166.0,304.6,58.671543357917564,iron/operators/tanh/test.py::test_tanh
7e6b95b65dcb69d511057cd3d8b565db1e1227e6,2026-04-27 20:54:43,input_length_4096-num_aie_columns_8-num_channels_1-tile_size_512-group_size_32,5/5,0.061164826,0.05520695,0.04919708,0.09145406,0.017573539043700903,,,,,,180.78,190.1,114.8,213.3,40.50119751316003,n/a
5503a9566e74d9b7c3221a857d903c0e3b1b7a98,2026-05-11 23:33:34,input_length_4096-num_aie_columns_8-num_channels_1-tile_size_512-group_size_32,5/5,0.061585158,0.06475095,0.05186155,0.06685861,0.006079289338180903,,,,,,171.88,162.1,157.0,202.4,18.53205331311132,iron/operators/dequant/test.py::test_dequant
7e6b95b65dcb69d511057cd3d8b565db1e1227e6,2026-04-27 20:54:43,input_length_4096-num_aie_columns_8-num_channels_1-tile_size_512-weighted_False,5/5,0.103521512,0.1039798,0.09078869,0.1208019,0.012081683399099234,,,,,,159.98,157.6,135.6,180.5,18.2249005484255,n/a
5503a9566e74d9b7c3221a857d903c0e3b1b7a98,2026-05-11 23:33:34,input_length_4096-num_aie_columns_8-num_channels_1-tile_size_512-weighted_False,5/5,0.087946716,0.0967841,0.05330418,0.1046841,0.02096883483821359,,,,,,198.18,169.3,156.5,307.4,62.93390977843343,iron/operators/rms_norm/test.py::test_rms_norm
7e6b95b65dcb69d511057cd3d8b565db1e1227e6,2026-04-27 20:54:43,input_length_4096-num_aie_columns_8-num_channels_1-tile_size_512-weighted_True,5/5,0.079353008,0.08155731,0.06931951,0.0869965,0.006702988293296505,,,,,,220.66,213.4,200.1,251.1,19.529285701223174,n/a
5503a9566e74d9b7c3221a857d903c0e3b1b7a98,2026-05-11 23:33:34,input_length_4096-num_aie_columns_8-num_channels_1-tile_size_512-weighted_True,5/5,0.093161916,0.09239425,0.07944904,0.1095711,0.011217432204699524,,,,,,189.0,188.4,158.9,219.1,22.343231637343777,iron/operators/rms_norm/test.py::test_rms_norm
7e6b95b65dcb69d511057cd3d8b565db1e1227e6,2026-04-27 20:54:43,input_length_4096-num_aie_columns_8-num_channels_2-tile_size_256,25/25,0.0715990404,0.07239947,0.0494583,0.09711281,0.011973508561239642,,,,,,235.488,226.3,168.7,331.3,42.419328534682556,n/a
5503a9566e74d9b7c3221a857d903c0e3b1b7a98,2026-05-11 23:33:34,input_length_4096-num_aie_columns_8-num_channels_2-tile_size_256,5/5,0.08373017199999999,0.08975223,0.05093229,0.1134202,0.030476499741475725,,,,,,220.96,182.5,144.5,321.7,87.71760370643968,iron/operators/gelu/test.py::test_gelu
5503a9566e74d9b7c3221a857d903c0e3b1b7a98,2026-05-11 23:33:34,input_length_4096-num_aie_columns_8-num_channels_2-tile_size_256,5/5,0.07343552,0.07287705,0.0614609,0.08644086,0.009378612634347897,,,,,,226.04,224.8,189.5,266.6,28.952081099637734,iron/operators/layer_norm/test.py::test_layer_norm
5503a9566e74d9b7c3221a857d903c0e3b1b7a98,2026-05-11 23:33:34,input_length_4096-num_aie_columns_8-num_channels_2-tile_size_256,5/5,0.075117038,0.07396038,0.0686422,0.0873073,0.00736096751699938,,,,,,219.68,221.5,187.7,238.7,19.932937565747803,iron/operators/relu/test.py::test_relu
5503a9566e74d9b7c3221a857d903c0e3b1b7a98,2026-05-11 23:33:34,input_length_4096-num_aie_columns_8-num_channels_2-tile_size_256,5/5,0.08114389,0.07250135,0.05169335,0.1251451,0.02757307407363296,,,,,,219.57999999999998,226.0,130.9,316.9,68.12082647766393,iron/operators/sigmoid/test.py::test_sigmoid
5503a9566e74d9b7c3221a857d903c0e3b1b7a98,2026-05-11 23:33:34,input_length_4096-num_aie_columns_8-num_channels_2-tile_size_256,5/5,0.066384666,0.0629024,0.04735534,0.1019812,0.021527853067281926,,,,,,264.92,260.5,160.7,346.0,71.74243514127465,iron/operators/tanh/test.py::test_tanh
7e6b95b65dcb69d511057cd3d8b565db1e1227e6,2026-04-27 20:54:43,input_length_4096-num_aie_columns_8-num_channels_2-tile_size_256-group_size_32,5/5,0.04797399,0.04767485,0.02956828,0.06934094,0.014298878418297361,,,,,,235.72,220.2,151.4,355.0,74.51749459019673,n/a
5503a9566e74d9b7c3221a857d903c0e3b1b7a98,2026-05-11 23:33:34,input_length_4096-num_aie_columns_8-num_channels_2-tile_size_256-group_size_32,5/5,0.050794018,0.04902451,0.04612978,0.06052707,0.005763870782067378,,,,,,208.56,214.1,173.4,227.5,21.39270903836164,iron/operators/dequant/test.py::test_dequant
7e6b95b65dcb69d511057cd3d8b565db1e1227e6,2026-04-27 20:54:43,input_length_4096-num_aie_columns_8-num_channels_2-tile_size_256-weighted_False,5/5,0.076074746,0.08069107,0.04937602,0.09159725,0.01663791241595321,,,,,,226.06,203.0,178.9,331.8,61.90337632148993,n/a
5503a9566e74d9b7c3221a857d903c0e3b1b7a98,2026-05-11 23:33:34,input_length_4096-num_aie_columns_8-num_channels_2-tile_size_256-weighted_False,5/5,0.07618746,0.07355133,0.06438556,0.09357741,0.011130519174339984,,,,,,218.52,222.8,175.1,254.5,29.887656314940454,iron/operators/rms_norm/test.py::test_rms_norm
7e6b95b65dcb69d511057cd3d8b565db1e1227e6,2026-04-27 20:54:43,input_length_4096-num_aie_columns_8-tile_size_512,10/10,0.128583295,0.1322774,0.08406765,0.1527636,0.021666967469045926,,,,,,197.05,185.9,160.9,292.3,39.735465546816265,n/a
5503a9566e74d9b7c3221a857d903c0e3b1b7a98,2026-05-11 23:33:34,input_length_4096-num_aie_columns_8-tile_size_512,5/5,0.12878455,0.1366009,0.07392145,0.1549441,0.031855055005681594,,,,,,204.96,179.9,158.6,332.5,72.03508173105658,iron/operators/elementwise_add/test.py::test_elementwise_add
5503a9566e74d9b7c3221a857d903c0e3b1b7a98,2026-05-11 23:33:34,input_length_4096-num_aie_columns_8-tile_size_512,5/5,0.130544266,0.1287018,0.08822833,0.1661877,0.028658985858954954,,,,,,196.8,191.0,147.9,278.6,49.55779454334102,iron/operators/elementwise_mul/test.py::test_elementwise_mul
7e6b95b65dcb69d511057cd3d8b565db1e1227e6,2026-04-27 20:54:43,input_length_4096-num_aie_columns_8-tile_size_512-scalar_factor_10.0,5/5,0.12087033,0.1191668,0.07868525,0.1525635,0.03180284568681708,,,,,,216.3,206.2,161.1,312.3,62.86592876908764,n/a
5503a9566e74d9b7c3221a857d903c0e3b1b7a98,2026-05-11 23:33:34,input_length_4096-num_aie_columns_8-tile_size_512-scalar_factor_10.0,5/5,0.1303449,0.129764,0.12288,0.1408754,0.00753737404936229,,,,,,189.06,189.4,174.5,200.0,10.746999581278486,iron/operators/axpy/test.py::test_axpy
7e6b95b65dcb69d511057cd3d8b565db1e1227e6,2026-04-27 20:54:43,input_length_4096-num_aie_columns_8-tile_size_512-scalar_factor_3.0,5/5,0.13237392,0.1318561,0.1139207,0.1477136,0.012644780362544857,,,,,,187.06,186.4,166.4,215.7,18.580177609484785,n/a
5503a9566e74d9b7c3221a857d903c0e3b1b7a98,2026-05-11 23:33:34,input_length_4096-num_aie_columns_8-tile_size_512-scalar_factor_3.0,5/5,0.12479212,0.1225302,0.1068629,0.1466104,0.014392016206807164,,,,,,199.0,200.6,167.6,230.0,22.43301138946798,iron/operators/axpy/test.py::test_axpy
7e6b95b65dcb69d511057cd3d8b565db1e1227e6,2026-04-27 20:54:43,input_length_4096-num_cores_1-num_channels_1-bypass_False-tile_size_4096,5/5,0.12353772,0.121682,0.114644,0.1401876,0.009915743722333689,,,,,,133.24,134.6,116.9,142.9,9.959819275468806,n/a
5503a9566e74d9b7c3221a857d903c0e3b1b7a98,2026-05-11 23:33:34,input_length_4096-num_cores_1-num_channels_1-bypass_False-tile_size_4096,5/5,0.103509038,0.09647692,0.08140188,0.1287423,0.02061837888963194,,,,,,163.3,169.8,127.3,201.3,31.60102846427629,iron/operators/mem_copy/test.py::test_mem_copy
7e6b95b65dcb69d511057cd3d8b565db1e1227e6,2026-04-27 20:54:43,input_length_4096-num_cores_1-num_channels_1-bypass_True-tile_size_4096,5/5,0.098066396,0.09823308,0.08672959,0.1088739,0.009481028845337938,,,,,,168.36,166.8,150.5,188.9,16.40694974698222,n/a
5503a9566e74d9b7c3221a857d903c0e3b1b7a98,2026-05-11 23:33:34,input_length_4096-num_cores_1-num_channels_1-bypass_True-tile_size_4096,5/5,0.100464756,0.09979169,0.08864746,0.1165482,0.010595416659585882,,,,,,164.48,164.2,140.6,184.8,16.699011946818896,iron/operators/mem_copy/test.py::test_mem_copy
7e6b95b65dcb69d511057cd3d8b565db1e1227e6,2026-04-27 20:54:43,input_length_4096-num_cores_16-num_channels_2-bypass_False-tile_size_256,5/5,0.076073938,0.07985184,0.06174626,0.08608116,0.01086352264801892,,,,,,219.14000000000001,205.2,190.3,265.3,33.15709577149362,n/a
5503a9566e74d9b7c3221a857d903c0e3b1b7a98,2026-05-11 23:33:34,input_length_4096-num_cores_16-num_channels_2-bypass_False-tile_size_256,5/5,0.08680495199999999,0.09422536,0.0497018,0.1146207,0.024086146584048475,,,,,,204.54000000000002,173.9,142.9,329.6,73.20726056888074,iron/operators/mem_copy/test.py::test_mem_copy
7e6b95b65dcb69d511057cd3d8b565db1e1227e6,2026-04-27 20:54:43,input_length_4096-num_cores_16-num_channels_2-bypass_True-tile_size_256,5/5,0.08833561,0.08151974,0.06331442,0.1330475,0.02645378041018335,,,,,,196.86,201.0,123.1,258.8,48.971552967003205,n/a
5503a9566e74d9b7c3221a857d903c0e3b1b7a98,2026-05-11 23:33:34,input_length_4096-num_cores_16-num_channels_2-bypass_True-tile_size_256,5/5,0.07960436600000001,0.08196098,0.05593775,0.0936159,0.014428826148000746,,,,,,212.54,199.9,175.0,292.9,46.71940710240231,iron/operators/mem_copy/test.py::test_mem_copy
7e6b95b65dcb69d511057cd3d8b565db1e1227e6,2026-04-27 20:54:43,input_length_4096-num_cores_2-num_channels_1-bypass_False-tile_size_2048,5/5,0.11249991599999999,0.1084695,0.09103638,0.1332639,0.01595101213582636,,,,,,148.04,151.0,122.9,180.0,21.58223806744796,n/a
5503a9566e74d9b7c3221a857d903c0e3b1b7a98,2026-05-11 23:33:34,input_length_4096-num_cores_2-num_channels_1-bypass_False-tile_size_2048,5/5,0.08681188000000001,0.08384766,0.04939388,0.1351927,0.03144660428802528,,,,,,209.82,195.4,121.2,331.7,77.64529605842198,iron/operators/mem_copy/test.py::test_mem_copy
7e6b95b65dcb69d511057cd3d8b565db1e1227e6,2026-04-27 20:54:43,input_length_4096-num_cores_2-num_channels_1-bypass_True-tile_size_2048,5/5,0.122148708,0.121025,0.09647124,0.1601501,0.024001657658905974,,,,,,138.02,135.4,102.3,169.8,25.071238501518035,n/a
5503a9566e74d9b7c3221a857d903c0e3b1b7a98,2026-05-11 23:33:34,input_length_4096-num_cores_2-num_channels_1-bypass_True-tile_size_2048,5/5,0.108294642,0.09755923,0.08638571,0.1515844,0.026787362365045763,,,,,,157.82,167.9,108.1,189.7,33.42472139001311,iron/operators/mem_copy/test.py::test_mem_copy
7e6b95b65dcb69d511057cd3d8b565db1e1227e6,2026-04-27 20:54:43,input_length_4096-num_cores_2-num_channels_2-bypass_False-tile_size_2048,5/5,0.100780192,0.1081966,0.06934146,0.1116312,0.01767904246273876,,,,,,167.94,151.4,146.8,236.3,38.30369433879714,n/a
5503a9566e74d9b7c3221a857d903c0e3b1b7a98,2026-05-11 23:33:34,input_length_4096-num_cores_2-num_channels_2-bypass_False-tile_size_2048,5/5,0.108319556,0.1062289,0.09687738,0.1223563,0.009354627223715545,,,,,,152.14,154.2,133.9,169.1,12.838730466833546,iron/operators/mem_copy/test.py::test_mem_copy
7e6b95b65dcb69d511057cd3d8b565db1e1227e6,2026-04-27 20:54:43,input_length_4096-num_cores_2-num_channels_2-bypass_True-tile_size_2048,5/5,0.113314026,0.1126931,0.08337786,0.1455269,0.02536405941610648,,,,,,150.66,145.4,112.6,196.5,34.29319174413487,n/a
5503a9566e74d9b7c3221a857d903c0e3b1b7a98,2026-05-11 23:33:34,input_length_4096-num_cores_2-num_channels_2-bypass_True-tile_size_2048,5/5,0.103365094,0.0962163,0.08790454,0.1274484,0.016694398907001112,,,,,,161.66,170.3,128.6,186.4,24.419520879820723,iron/operators/mem_copy/test.py::test_mem_copy
7e6b95b65dcb69d511057cd3d8b565db1e1227e6,2026-04-27 20:54:43,input_length_4096-num_cores_4-num_channels_1-bypass_False-tile_size_1024,5/5,0.095027096,0.09643149,0.07827699,0.1139257,0.015492713154690821,,,,,,176.18,169.9,143.8,209.3,28.96976009565837,n/a
5503a9566e74d9b7c3221a857d903c0e3b1b7a98,2026-05-11 23:33:34,input_length_4096-num_cores_4-num_channels_1-bypass_False-tile_size_1024,5/5,0.092668706,0.0873832,0.07858561,0.1076054,0.012817243048432063,,,,,,179.5,187.5,152.3,208.5,24.303497690661725,iron/operators/mem_copy/test.py::test_mem_copy
7e6b95b65dcb69d511057cd3d8b565db1e1227e6,2026-04-27 20:54:43,input_length_4096-num_cores_4-num_channels_1-bypass_True-tile_size_1024,5/5,0.100482114,0.1039528,0.07485517,0.1124919,0.014783717141537174,,,,,,166.52,157.6,145.6,218.9,29.732255212142928,n/a
5503a9566e74d9b7c3221a857d903c0e3b1b7a98,2026-05-11 23:33:34,input_length_4096-num_cores_4-num_channels_1-bypass_True-tile_size_1024,5/5,0.09643311,0.08374095,0.07395471,0.1397559,0.026739783649817547,,,,,,179.04,195.7,117.2,221.5,41.81528428696856,iron/operators/mem_copy/test.py::test_mem_copy
7e6b95b65dcb69d511057cd3d8b565db1e1227e6,2026-04-27 20:54:43,input_length_4096-num_cores_4-num_channels_2-bypass_False-tile_size_1024,5/5,0.104158468,0.1059808,0.08227874,0.1172413,0.013104282873859218,,,,,,159.57999999999998,154.6,139.7,199.1,22.955979613163976,n/a
5503a9566e74d9b7c3221a857d903c0e3b1b7a98,2026-05-11 23:33:34,input_length_4096-num_cores_4-num_channels_2-bypass_False-tile_size_1024,5/5,0.094148396,0.09716465,0.08305579,0.1032447,0.008202459088308819,,,,,,175.12,168.6,158.7,197.3,15.752364901817128,iron/operators/mem_copy/test.py::test_mem_copy
7e6b95b65dcb69d511057cd3d8b565db1e1227e6,2026-04-27 20:54:43,input_length_4096-num_cores_4-num_channels_2-bypass_True-tile_size_1024,5/5,0.120235206,0.1074009,0.09989513,0.1570582,0.02551792464795443,,,,,,140.86,152.6,104.3,164.0,27.211266049193668,n/a
5503a9566e74d9b7c3221a857d903c0e3b1b7a98,2026-05-11 23:33:34,input_length_4096-num_cores_4-num_channels_2-bypass_True-tile_size_1024,5/5,0.113816108,0.1100461,0.09175113,0.1547982,0.025374948389655295,,,,,,149.12,148.9,105.8,178.6,29.353994617428135,iron/operators/mem_copy/test.py::test_mem_copy
7e6b95b65dcb69d511057cd3d8b565db1e1227e6,2026-04-27 20:54:43,input_length_4096-num_cores_8-num_channels_1-bypass_False-tile_size_512,5/5,0.099458874,0.1044572,0.07904513,0.1128328,0.013414804503039912,,,,,,167.4,156.8,145.2,207.3,24.90010040140401,n/a
5503a9566e74d9b7c3221a857d903c0e3b1b7a98,2026-05-11 23:33:34,input_length_4096-num_cores_8-num_channels_1-bypass_False-tile_size_512,5/5,0.101049154,0.1006951,0.09659124,0.1044312,0.0032994743636646164,,,,,,162.28,162.7,156.9,169.6,5.311967620383238,iron/operators/mem_copy/test.py::test_mem_copy
7e6b95b65dcb69d511057cd3d8b565db1e1227e6,2026-04-27 20:54:43,input_length_4096-num_cores_8-num_channels_1-bypass_True-tile_size_512,5/5,0.108718906,0.1062289,0.08890336,0.1421864,0.021666795212319238,,,,,,155.18,154.2,115.2,184.3,28.45798657670637,n/a
5503a9566e74d9b7c3221a857d903c0e3b1b7a98,2026-05-11 23:33:34,input_length_4096-num_cores_8-num_channels_1-bypass_True-tile_size_512,5/5,0.106096084,0.1021478,0.09287192,0.1273285,0.013380874633419153,,,,,,156.28,160.4,128.7,176.4,18.31084378175949,iron/operators/mem_copy/test.py::test_mem_copy
7e6b95b65dcb69d511057cd3d8b565db1e1227e6,2026-04-27 20:54:43,input_length_4096-num_cores_8-num_channels_2-bypass_False-tile_size_512,5/5,0.087698204,0.09097522,0.05319567,0.1108518,0.02382975384183668,,,,,,200.82,180.1,147.8,308.0,65.78295371902966,n/a
5503a9566e74d9b7c3221a857d903c0e3b1b7a98,2026-05-11 23:33:34,input_length_4096-num_cores_8-num_channels_2-bypass_False-tile_size_512,5/5,0.102012302,0.1027771,0.05869225,0.1381508,0.029363794176885925,,,,,,174.42,159.4,118.6,279.2,62.137122559706604,iron/operators/mem_copy/test.py::test_mem_copy
7e6b95b65dcb69d511057cd3d8b565db1e1227e6,2026-04-27 20:54:43,input_length_4096-num_cores_8-num_channels_2-bypass_True-tile_size_512,5/5,0.108902072,0.1022945,0.09407928,0.1341719,0.017621076771971687,,,,,,153.45999999999998,160.2,122.1,174.2,23.269787278787057,n/a
5503a9566e74d9b7c3221a857d903c0e3b1b7a98,2026-05-11 23:33:34,input_length_4096-num_cores_8-num_channels_2-bypass_True-tile_size_512,5/5,0.1183163,0.1024487,0.089058,0.1665616,0.031189852609622894,,,,,,145.52,159.9,98.4,184.0,33.90320043889662,iron/operators/mem_copy/test.py::test_mem_copy
7e6b95b65dcb69d511057cd3d8b565db1e1227e6,2026-04-27 20:54:43,input_length_8192-num_aie_columns_1-num_channels_1-tile_size_8192,10/10,0.16459897,0.163076,0.1193686,0.2038128,0.028868300425131832,,,,,,204.85,200.9,160.8,274.5,37.12927117218675,n/a
5503a9566e74d9b7c3221a857d903c0e3b1b7a98,2026-05-11 23:33:34,input_length_8192-num_aie_columns_1-num_channels_1-tile_size_8192,5/5,0.18037188,0.1695741,0.1480564,0.2290956,0.03364774968964492,,,,,,186.48,193.2,143.0,221.3,32.5592843901705,iron/operators/layer_norm/test.py::test_layer_norm
7e6b95b65dcb69d511057cd3d8b565db1e1227e6,2026-04-27 20:54:43,input_length_8192-num_aie_columns_1-num_channels_1-tile_size_8192-group_size_32,5/5,0.1121783,0.1117862,0.1038725,0.1193243,0.005703148294144204,,,,,,187.52,187.8,175.9,202.1,9.695978547831052,n/a
5503a9566e74d9b7c3221a857d903c0e3b1b7a98,2026-05-11 23:33:34,input_length_8192-num_aie_columns_1-num_channels_1-tile_size_8192-group_size_32,5/5,0.10185265,0.1087629,0.0877614,0.1134384,0.012676709424866529,,,,,,208.8,193.0,185.1,239.2,27.081820470566594,iron/operators/dequant/test.py::test_dequant
7e6b95b65dcb69d511057cd3d8b565db1e1227e6,2026-04-27 20:54:43,input_length_8192-num_aie_columns_1-num_channels_1-tile_size_8192-weighted_False,5/5,0.16651416,0.165163,0.1531022,0.1818707,0.010321875975470738,,,,,,197.38,198.4,180.2,214.0,12.088506938410553,n/a
5503a9566e74d9b7c3221a857d903c0e3b1b7a98,2026-05-11 23:33:34,input_length_8192-num_aie_columns_1-num_channels_1-tile_size_8192-weighted_False,5/5,0.1877269,0.1856355,0.1664559,0.2316742,0.02661629580285356,,,,,,177.12,176.5,141.4,196.9,22.69387582586985,iron/operators/rms_norm/test.py::test_rms_norm
7e6b95b65dcb69d511057cd3d8b565db1e1227e6,2026-04-27 20:54:43,input_length_8192-num_aie_columns_1-num_channels_2-tile_size_4096,25/25,0.1905388728,0.1859969,0.09893152,0.2798722,0.03981506916744165,,,,,,179.952,176.2,117.1,331.2,42.636331533876906,n/a
5503a9566e74d9b7c3221a857d903c0e3b1b7a98,2026-05-11 23:33:34,input_length_8192-num_aie_columns_1-num_channels_2-tile_size_4096,5/5,0.19254562,0.1919119,0.1774591,0.2033183,0.010157528797497943,,,,,,170.57999999999998,170.7,161.2,184.7,9.22751320779331,iron/operators/gelu/test.py::test_gelu
5503a9566e74d9b7c3221a857d903c0e3b1b7a98,2026-05-11 23:33:34,input_length_8192-num_aie_columns_1-num_channels_2-tile_size_4096,5/5,0.19363758,0.2041048,0.1471377,0.2270604,0.035360665259678015,,,,,,174.18,160.5,144.3,222.7,34.265317742580464,iron/operators/layer_norm/test.py::test_layer_norm
5503a9566e74d9b7c3221a857d903c0e3b1b7a98,2026-05-11 23:33:34,input_length_8192-num_aie_columns_1-num_channels_2-tile_size_4096,5/5,0.19604676,0.1925423,0.1691592,0.2257107,0.02387112426233837,,,,,,169.14,170.2,145.2,193.7,20.405709985197774,iron/operators/relu/test.py::test_relu
5503a9566e74d9b7c3221a857d903c0e3b1b7a98,2026-05-11 23:33:34,input_length_8192-num_aie_columns_1-num_channels_2-tile_size_4096,5/5,0.19501804,0.18708,0.1499769,0.2493361,0.04103092779846686,,,,,,174.02,175.2,131.4,218.5,35.81978503564755,iron/operators/sigmoid/test.py::test_sigmoid
5503a9566e74d9b7c3221a857d903c0e3b1b7a98,2026-05-11 23:33:34,input_length_8192-num_aie_columns_1-num_channels_2-tile_size_4096,5/5,0.20606098,0.1997647,0.1848084,0.2299154,0.020143635826657506,,,,,,160.20000000000002,164.0,142.5,177.3,15.393505123915089,iron/operators/tanh/test.py::test_tanh
7e6b95b65dcb69d511057cd3d8b565db1e1227e6,2026-04-27 20:54:43,input_length_8192-num_aie_columns_1-num_channels_2-tile_size_4096-group_size_32,5/5,0.11884023,0.1148441,0.09424695,0.1615801,0.02548902334181324,,,,,,182.35999999999999,182.8,129.9,222.7,33.883152155606766,n/a
5503a9566e74d9b7c3221a857d903c0e3b1b7a98,2026-05-11 23:33:34,input_length_8192-num_aie_columns_1-num_channels_2-tile_size_4096-group_size_32,5/5,0.132040838,0.1364863,0.08877649,0.1700253,0.02910867785385863,,,,,,166.26,153.8,123.5,236.5,42.1552250616694,iron/operators/dequant/test.py::test_dequant
7e6b95b65dcb69d511057cd3d8b565db1e1227e6,2026-04-27 20:54:43,input_length_8192-num_aie_columns_1-num_channels_2-tile_size_4096-weighted_False,5/5,0.19163312,0.181507,0.1711981,0.2406598,0.028877653576199713,,,,,,173.74,180.5,136.2,191.4,22.86105859316231,n/a
5503a9566e74d9b7c3221a857d903c0e3b1b7a98,2026-05-11 23:33:34,input_length_8192-num_aie_columns_1-num_channels_2-tile_size_4096-weighted_False,5/5,0.20655814,0.2146301,0.1734573,0.2264281,0.020746300830822823,,,,,,160.04,152.7,144.7,188.9,17.51422279177698,iron/operators/rms_norm/test.py::test_rms_norm
7e6b95b65dcb69d511057cd3d8b565db1e1227e6,2026-04-27 20:54:43,input_length_8192-num_aie_columns_1-num_channels_2-tile_size_4096-weighted_True,5/5,0.20178780000000002,0.2073452,0.1499658,0.2362441,0.032732214713260696,,,,,,207.96,197.5,173.4,273.1,38.83507435296089,n/a
5503a9566e74d9b7c3221a857d903c0e3b1b7a98,2026-05-11 23:33:34,input_length_8192-num_aie_columns_1-num_channels_2-tile_size_4096-weighted_True,5/5,0.23037584,0.2241313,0.188135,0.2877779,0.036370443938285923,,,,,,181.18,182.8,142.3,217.7,27.08351897372274,iron/operators/rms_norm/test.py::test_rms_norm
7e6b95b65dcb69d511057cd3d8b565db1e1227e6,2026-04-27 20:54:43,input_length_8192-num_aie_columns_1-tile_size_8192,5/5,0.29321644,0.2825298,0.2558867,0.3650461,0.04194801685226608,,,,,,170.06,174.0,134.6,192.1,21.431588835175056,n/a
5503a9566e74d9b7c3221a857d903c0e3b1b7a98,2026-05-11 23:33:34,input_length_8192-num_aie_columns_1-tile_size_8192,5/5,0.3458124,0.3927196,0.2650104,0.4026476,0.07063553150122112,,,,,,147.48,125.2,122.1,185.5,32.5357803041513,iron/operators/elementwise_add/test.py::test_elementwise_add
7e6b95b65dcb69d511057cd3d8b565db1e1227e6,2026-04-27 20:54:43,input_length_8192-num_aie_columns_1-tile_size_8192-scalar_factor_10.0,5/5,0.28132752,0.2820759,0.2540444,0.3239481,0.02720795666449431,,,,,,175.96,174.3,151.7,193.5,16.21042874201667,n/a
5503a9566e74d9b7c3221a857d903c0e3b1b7a98,2026-05-11 23:33:34,input_length_8192-num_aie_columns_1-tile_size_8192-scalar_factor_10.0,5/5,0.24186850000000001,0.2535189,0.125156,0.3504949,0.08053647734290965,,,,,,227.51999999999998,193.9,140.2,392.7,96.56162281154973,iron/operators/axpy/test.py::test_axpy
7e6b95b65dcb69d511057cd3d8b565db1e1227e6,2026-04-27 20:54:43,input_length_8192-num_aie_columns_1-tile_size_8192-scalar_factor_3.0,5/5,0.29759792,0.2935534,0.2808798,0.3290532,0.019170085128971122,,,,,,165.68,167.4,149.4,175.0,10.135432896526916,n/a
5503a9566e74d9b7c3221a857d903c0e3b1b7a98,2026-05-11 23:33:34,input_length_8192-num_aie_columns_1-tile_size_8192-scalar_factor_3.0,5/5,0.27002192,0.2658848,0.2230542,0.3188727,0.03651301924981007,,,,,,184.74,184.9,154.1,220.4,25.243870543163546,iron/operators/axpy/test.py::test_axpy
7e6b95b65dcb69d511057cd3d8b565db1e1227e6,2026-04-27 20:54:43,input_length_8192-num_aie_columns_2-num_channels_1-tile_size_4096,30/30,0.18952037333333333,0.1882043,0.1075916,0.2475654,0.0290733654718059,,,,,,177.44666666666666,174.15,132.4,304.6,32.17521784973897,n/a
5503a9566e74d9b7c3221a857d903c0e3b1b7a98,2026-05-11 23:33:34,input_length_8192-num_aie_columns_2-num_channels_1-tile_size_4096,5/5,0.19363088,0.1882775,0.1647395,0.2165077,0.020802888175491398,,,,,,170.84,174.0,151.3,198.9,18.97005535047276,iron/operators/gelu/test.py::test_gelu
5503a9566e74d9b7c3221a857d903c0e3b1b7a98,2026-05-11 23:33:34,input_length_8192-num_aie_columns_2-num_channels_1-tile_size_4096,5/5,0.19798218,0.2063853,0.1427632,0.2440365,0.03980015710028039,,,,,,171.54000000000002,158.8,134.3,229.5,37.81683487548898,iron/operators/layer_norm/test.py::test_layer_norm
5503a9566e74d9b7c3221a857d903c0e3b1b7a98,2026-05-11 23:33:34,input_length_8192-num_aie_columns_2-num_channels_1-tile_size_4096,5/5,0.19147854,0.1895079,0.1705175,0.2066938,0.014142280399673886,,,,,,171.9,172.9,158.5,192.2,13.178201698259134,iron/operators/relu/test.py::test_relu
5503a9566e74d9b7c3221a857d903c0e3b1b7a98,2026-05-11 23:33:34,input_length_8192-num_aie_columns_2-num_channels_1-tile_size_4096,5/5,0.18401892,0.1806733,0.1446698,0.2307589,0.03236655269598541,,,,,,182.48,181.4,142.0,226.5,31.684807084784342,iron/operators/sigmoid/test.py::test_sigmoid
5503a9566e74d9b7c3221a857d903c0e3b1b7a98,2026-05-11 23:33:34,input_length_8192-num_aie_columns_2-num_channels_1-tile_size_4096,5/5,0.20174674,0.195735,0.1293726,0.2702025,0.051409146267789745,,,,,,172.22,167.4,121.3,253.3,49.61478610253198,iron/operators/silu/test.py::test_silu
5503a9566e74d9b7c3221a857d903c0e3b1b7a98,2026-05-11 23:33:34,input_length_8192-num_aie_columns_2-num_channels_1-tile_size_4096,5/5,0.19032056,0.1887862,0.128433,0.2313471,0.04122787853507624,,,,,,179.94,173.6,141.6,255.1,45.594988759731045,iron/operators/tanh/test.py::test_tanh
7e6b95b65dcb69d511057cd3d8b565db1e1227e6,2026-04-27 20:54:43,input_length_8192-num_aie_columns_2-num_channels_1-tile_size_4096-group_size_32,5/5,0.100299136,0.1022952,0.07851028,0.1148371,0.01339378074150387,,,,,,212.72,205.2,182.8,267.4,32.18830532973116,n/a
5503a9566e74d9b7c3221a857d903c0e3b1b7a98,2026-05-11 23:33:34,input_length_8192-num_aie_columns_2-num_channels_1-tile_size_4096-group_size_32,5/5,0.12310394,0.113845,0.1034925,0.1762464,0.03036493357407521,,,,,,177.24,184.4,119.1,202.8,34.27218989209765,iron/operators/dequant/test.py::test_dequant
7e6b95b65dcb69d511057cd3d8b565db1e1227e6,2026-04-27 20:54:43,input_length_8192-num_aie_columns_2-num_channels_1-tile_size_4096-weighted_False,5/5,0.16567352,0.156277,0.1444791,0.2110592,0.026386876275281242,,,,,,201.32,209.7,155.3,226.8,27.59396673187818,n/a
5503a9566e74d9b7c3221a857d903c0e3b1b7a98,2026-05-11 23:33:34,input_length_8192-num_aie_columns_2-num_channels_1-tile_size_4096-weighted_False,5/5,0.1865054,0.1939934,0.1435707,0.2357139,0.03786857290696337,,,,,,181.72,168.9,139.0,228.2,37.454065199921885,iron/operators/rms_norm/test.py::test_rms_norm
7e6b95b65dcb69d511057cd3d8b565db1e1227e6,2026-04-27 20:54:43,input_length_8192-num_aie_columns_2-num_channels_1-tile_size_4096-weighted_True,5/5,0.239018,0.2172149,0.1856847,0.3242302,0.058450655557016645,,,,,,179.12,188.6,126.3,220.6,39.98796068818714,n/a
5503a9566e74d9b7c3221a857d903c0e3b1b7a98,2026-05-11 23:33:34,input_length_8192-num_aie_columns_2-num_channels_1-tile_size_4096-weighted_True,5/5,0.22387242,0.2118329,0.1901923,0.290085,0.03856645602407615,,,,,,186.76,193.4,141.2,215.4,27.628753138714032,iron/operators/rms_norm/test.py::test_rms_norm
7e6b95b65dcb69d511057cd3d8b565db1e1227e6,2026-04-27 20:54:43,input_length_8192-num_aie_columns_2-num_channels_2-tile_size_2048,25/25,0.191130752,0.1916313,0.1420441,0.2636075,0.031232424768661494,,,,,,175.876,171.0,124.3,230.7,28.695866136663888,n/a
5503a9566e74d9b7c3221a857d903c0e3b1b7a98,2026-05-11 23:33:34,input_length_8192-num_aie_columns_2-num_channels_2-tile_size_2048,5/5,0.19886294,0.1978696,0.1459625,0.2757437,0.054068606388393246,,,,,,174.54,165.6,118.8,224.5,45.701455119065955,iron/operators/gelu/test.py::test_gelu
5503a9566e74d9b7c3221a857d903c0e3b1b7a98,2026-05-11 23:33:34,input_length_8192-num_aie_columns_2-num_channels_2-tile_size_2048,5/5,0.17866104,0.1792482,0.1643668,0.1947937,0.012777796885731116,,,,,,184.18,182.8,168.2,199.4,13.164421749549057,iron/operators/layer_norm/test.py::test_layer_norm
5503a9566e74d9b7c3221a857d903c0e3b1b7a98,2026-05-11 23:33:34,input_length_8192-num_aie_columns_2-num_channels_2-tile_size_2048,5/5,0.17384486,0.1546054,0.1500586,0.22407,0.03193630637343649,,,,,,193.1,211.9,146.2,218.4,31.516820905668773,iron/operators/relu/test.py::test_relu
5503a9566e74d9b7c3221a857d903c0e3b1b7a98,2026-05-11 23:33:34,input_length_8192-num_aie_columns_2-num_channels_2-tile_size_2048,5/5,0.17692006,0.1943155,0.135191,0.2022479,0.03138893033878345,,,,,,190.42,168.6,162.0,242.4,36.87766261573529,iron/operators/sigmoid/test.py::test_sigmoid
5503a9566e74d9b7c3221a857d903c0e3b1b7a98,2026-05-11 23:33:34,input_length_8192-num_aie_columns_2-num_channels_2-tile_size_2048,5/5,0.18492474,0.1924642,0.1540096,0.2164919,0.026626674656592023,,,,,,180.26,170.3,151.4,212.8,26.583603969364276,iron/operators/tanh/test.py::test_tanh
7e6b95b65dcb69d511057cd3d8b565db1e1227e6,2026-04-27 20:54:43,input_length_8192-num_aie_columns_2-num_channels_2-tile_size_2048-group_size_32,5/5,0.11967812,0.1153559,0.1012668,0.1623938,0.02502267674264686,,,,,,180.66,182.0,129.3,207.3,31.625828052400458,n/a
5503a9566e74d9b7c3221a857d903c0e3b1b7a98,2026-05-11 23:33:34,input_length_8192-num_aie_columns_2-num_channels_2-tile_size_2048-group_size_32,5/5,0.125735924,0.1289356,0.09920042,0.1564407,0.022935584850661207,,,,,,171.5,162.8,134.2,211.6,31.43851141514178,iron/operators/dequant/test.py::test_dequant
7e6b95b65dcb69d511057cd3d8b565db1e1227e6,2026-04-27 20:54:43,input_length_8192-num_aie_columns_2-num_channels_2-tile_size_2048-weighted_False,5/5,0.17204618,0.1690301,0.1487771,0.1970581,0.017756096648390948,,,,,,192.1,193.9,166.3,220.2,19.806185902389174,n/a
5503a9566e74d9b7c3221a857d903c0e3b1b7a98,2026-05-11 23:33:34,input_length_8192-num_aie_columns_2-num_channels_2-tile_size_2048-weighted_False,5/5,0.17451722,0.1762336,0.1345178,0.2113287,0.02723201935281334,,,,,,191.72,185.9,155.1,243.6,32.08967123546142,iron/operators/rms_norm/test.py::test_rms_norm
7e6b95b65dcb69d511057cd3d8b565db1e1227e6,2026-04-27 20:54:43,input_length_8192-num_aie_columns_2-num_channels_2-tile_size_2048-weighted_True,5/5,0.18371206,0.1708723,0.1549604,0.2309282,0.029396534570557804,,,,,,204.42,215.7,159.6,237.9,29.73982178830264,n/a
5503a9566e74d9b7c3221a857d903c0e3b1b7a98,2026-05-11 23:33:34,input_length_8192-num_aie_columns_2-num_channels_2-tile_size_2048-weighted_True,5/5,0.22135974,0.2308979,0.1813834,0.2601534,0.03263333137572687,,,,,,169.57999999999998,159.7,141.7,203.2,25.778809126877835,iron/operators/rms_norm/test.py::test_rms_norm
7e6b95b65dcb69d511057cd3d8b565db1e1227e6,2026-04-27 20:54:43,input_length_8192-num_aie_columns_2-tile_size_4096,10/10,0.317869,0.31993079999999996,0.24875,0.383991,0.04559834314275514,,,,,,157.64,153.75,128.0,197.6,23.55788143653367,n/a
5503a9566e74d9b7c3221a857d903c0e3b1b7a98,2026-05-11 23:33:34,input_length_8192-num_aie_columns_2-tile_size_4096,5/5,0.34352648,0.3414898,0.2583113,0.416493,0.05975206317037931,,,,,,146.86,143.9,118.0,190.3,27.63083422555317,iron/operators/elementwise_add/test.py::test_elementwise_add
5503a9566e74d9b7c3221a857d903c0e3b1b7a98,2026-05-11 23:33:34,input_length_8192-num_aie_columns_2-tile_size_4096,5/5,0.28641864,0.2848434,0.2734449,0.3074806,0.012854889625858321,,,,,,171.9,172.6,159.9,179.8,7.455870170543478,iron/operators/elementwise_mul/test.py::test_elementwise_mul
7e6b95b65dcb69d511057cd3d8b565db1e1227e6,2026-04-27 20:54:43,input_length_8192-num_aie_columns_2-tile_size_4096-scalar_factor_10.0,5/5,0.29862388,0.2840023,0.2674371,0.3413262,0.030521396363895295,,,,,,165.94,173.1,144.0,183.8,16.34420386559101,n/a
5503a9566e74d9b7c3221a857d903c0e3b1b7a98,2026-05-11 23:33:34,input_length_8192-num_aie_columns_2-tile_size_4096-scalar_factor_10.0,5/5,0.29503918,0.2838875,0.2322851,0.3738932,0.05150070353982555,,,,,,170.57999999999998,173.1,131.5,211.6,28.85874217633194,iron/operators/axpy/test.py::test_axpy
7e6b95b65dcb69d511057cd3d8b565db1e1227e6,2026-04-27 20:54:43,input_length_8192-num_aie_columns_2-tile_size_4096-scalar_factor_3.0,5/5,0.2842948,0.2561548,0.2367231,0.38794,0.06044533147171087,,,,,,178.18,191.9,126.7,207.6,31.355972317885467,n/a
5503a9566e74d9b7c3221a857d903c0e3b1b7a98,2026-05-11 23:33:34,input_length_8192-num_aie_columns_2-tile_size_4096-scalar_factor_3.0,5/5,0.28436734,0.2871783,0.23733,0.3439319,0.040035166219500075,,,,,,175.54,171.2,142.9,207.1,24.048555050148018,iron/operators/axpy/test.py::test_axpy
7e6b95b65dcb69d511057cd3d8b565db1e1227e6,2026-04-27 20:54:43,input_length_8192-num_aie_columns_4-num_channels_1-tile_size_2048,30/30,0.19597095333333334,0.1983333,0.1317979,0.2615623,0.035488889134174764,,,,,,172.76,165.2,125.3,248.6,32.2962963607391,n/a
5503a9566e74d9b7c3221a857d903c0e3b1b7a98,2026-05-11 23:33:34,input_length_8192-num_aie_columns_4-num_channels_1-tile_size_2048,5/5,0.21028945999999998,0.2230193,0.1772287,0.2357003,0.02711741221379725,,,,,,158.0,146.9,139.0,184.9,21.321702558660743,iron/operators/gelu/test.py::test_gelu
5503a9566e74d9b7c3221a857d903c0e3b1b7a98,2026-05-11 23:33:34,input_length_8192-num_aie_columns_4-num_channels_1-tile_size_2048,5/5,0.18154116,0.170948,0.1448245,0.2572218,0.04485815864503357,,,,,,188.06,191.7,127.4,226.3,38.6289140411687,iron/operators/layer_norm/test.py::test_layer_norm
5503a9566e74d9b7c3221a857d903c0e3b1b7a98,2026-05-11 23:33:34,input_length_8192-num_aie_columns_4-num_channels_1-tile_size_2048,5/5,0.160662484,0.1810027,0.08633222,0.1899814,0.04340609646966979,,,,,,222.94,181.0,172.5,379.6,88.6514974492817,iron/operators/relu/test.py::test_relu
5503a9566e74d9b7c3221a857d903c0e3b1b7a98,2026-05-11 23:33:34,input_length_8192-num_aie_columns_4-num_channels_1-tile_size_2048,5/5,0.1602115,0.1638793,0.1224418,0.1890923,0.024201731871397132,,,,,,208.78,200.0,173.3,267.6,35.30654330290634,iron/operators/sigmoid/test.py::test_sigmoid
5503a9566e74d9b7c3221a857d903c0e3b1b7a98,2026-05-11 23:33:34,input_length_8192-num_aie_columns_4-num_channels_1-tile_size_2048,5/5,0.19614538,0.1972942,0.138947,0.2418499,0.03900360117177644,,,,,,173.12,166.1,135.5,235.8,38.730052930508634,iron/operators/silu/test.py::test_silu
5503a9566e74d9b7c3221a857d903c0e3b1b7a98,2026-05-11 23:33:34,input_length_8192-num_aie_columns_4-num_channels_1-tile_size_2048,5/5,0.18928156000000002,0.1846511,0.1444905,0.2328463,0.03894344262784173,,,,,,179.22,177.5,140.7,226.8,37.24133456255294,iron/operators/tanh/test.py::test_tanh
7e6b95b65dcb69d511057cd3d8b565db1e1227e6,2026-04-27 20:54:43,input_length_8192-num_aie_columns_4-num_channels_1-tile_size_2048-group_size_32,5/5,0.12391088,0.1124401,0.1006782,0.1644729,0.02750860502337405,,,,,,175.66,186.7,127.6,208.5,35.40795108446689,n/a
5503a9566e74d9b7c3221a857d903c0e3b1b7a98,2026-05-11 23:33:34,input_length_8192-num_aie_columns_4-num_channels_1-tile_size_2048-group_size_32,5/5,0.11883969999999999,0.1138148,0.1079669,0.1385263,0.012474619992809396,,,,,,178.1,184.4,151.5,194.4,17.470975931527125,iron/operators/dequant/test.py::test_dequant
7e6b95b65dcb69d511057cd3d8b565db1e1227e6,2026-04-27 20:54:43,input_length_8192-num_aie_columns_4-num_channels_1-tile_size_2048-weighted_False,5/5,0.18618414,0.1745709,0.1503712,0.2186954,0.030350548494681277,,,,,,179.76,187.7,149.8,217.9,29.199794519824962,n/a
5503a9566e74d9b7c3221a857d903c0e3b1b7a98,2026-05-11 23:33:34,input_length_8192-num_aie_columns_4-num_channels_1-tile_size_2048-weighted_False,5/5,0.19133596,0.190202,0.1480953,0.2269472,0.03012109583253902,,,,,,174.96,172.3,144.4,221.3,29.61111277882005,iron/operators/rms_norm/test.py::test_rms_norm
7e6b95b65dcb69d511057cd3d8b565db1e1227e6,2026-04-27 20:54:43,input_length_8192-num_aie_columns_4-num_channels_1-tile_size_2048-weighted_True,5/5,0.18270936,0.1852472,0.149163,0.2117757,0.02299354390417015,,,,,,204.48,199.0,174.1,247.1,27.176681180747586,n/a
5503a9566e74d9b7c3221a857d903c0e3b1b7a98,2026-05-11 23:33:34,input_length_8192-num_aie_columns_4-num_channels_1-tile_size_2048-weighted_True,5/5,0.1985792,0.1951498,0.1419883,0.2795014,0.05030708717283282,,,,,,194.6,188.9,131.9,259.6,45.68763508871958,iron/operators/rms_norm/test.py::test_rms_norm
7e6b95b65dcb69d511057cd3d8b565db1e1227e6,2026-04-27 20:54:43,input_length_8192-num_aie_columns_4-num_channels_2-tile_size_1024,25/25,0.168319984,0.167182,0.1106194,0.2461853,0.03655305956378891,,,,,,203.788,196.0,133.1,296.2,45.03417517101133,n/a
5503a9566e74d9b7c3221a857d903c0e3b1b7a98,2026-05-11 23:33:34,input_length_8192-num_aie_columns_4-num_channels_2-tile_size_1024,5/5,0.20723084,0.2095315,0.1693717,0.24779,0.03313930657350875,,,,,,161.44,156.4,132.2,193.5,26.128585878305778,iron/operators/gelu/test.py::test_gelu
5503a9566e74d9b7c3221a857d903c0e3b1b7a98,2026-05-11 23:33:34,input_length_8192-num_aie_columns_4-num_channels_2-tile_size_1024,5/5,0.1632951,0.1743934,0.1391612,0.1855335,0.021353417005833045,,,,,,203.56,187.9,176.6,235.5,27.626038442020604,iron/operators/layer_norm/test.py::test_layer_norm
5503a9566e74d9b7c3221a857d903c0e3b1b7a98,2026-05-11 23:33:34,input_length_8192-num_aie_columns_4-num_channels_2-tile_size_1024,5/5,0.17752632,0.1766231,0.1219161,0.2228797,0.03944808443780255,,,,,,192.94,185.5,147.0,268.8,47.874398168540985,iron/operators/relu/test.py::test_relu
5503a9566e74d9b7c3221a857d903c0e3b1b7a98,2026-05-11 23:33:34,input_length_8192-num_aie_columns_4-num_channels_2-tile_size_1024,5/5,0.17437961999999999,0.1741959,0.1637557,0.1907678,0.011396220662000179,,,,,,188.54,188.1,171.8,200.1,12.072406553790335,iron/operators/sigmoid/test.py::test_sigmoid
5503a9566e74d9b7c3221a857d903c0e3b1b7a98,2026-05-11 23:33:34,input_length_8192-num_aie_columns_4-num_channels_2-tile_size_1024,5/5,0.19905208,0.186112,0.1209075,0.2760178,0.06037499141305942,,,,,,178.51999999999998,176.1,118.7,271.0,59.225307090803675,iron/operators/tanh/test.py::test_tanh
7e6b95b65dcb69d511057cd3d8b565db1e1227e6,2026-04-27 20:54:43,input_length_8192-num_aie_columns_4-num_channels_2-tile_size_1024-group_size_32,5/5,0.10361161199999999,0.1014974,0.09252387,0.1233278,0.011682990291490876,,,,,,204.48,206.8,170.2,226.9,21.014923268953428,n/a
5503a9566e74d9b7c3221a857d903c0e3b1b7a98,2026-05-11 23:33:34,input_length_8192-num_aie_columns_4-num_channels_2-tile_size_1024-group_size_32,5/5,0.107608788,0.1039759,0.09346144,0.1297749,0.013429689600274458,,,,,,197.34,201.9,161.8,224.6,22.69268604638948,iron/operators/dequant/test.py::test_dequant
7e6b95b65dcb69d511057cd3d8b565db1e1227e6,2026-04-27 20:54:43,input_length_8192-num_aie_columns_4-num_channels_2-tile_size_1024-weighted_False,5/5,0.17363114,0.1670022,0.1459359,0.2270762,0.03315972871817561,,,,,,193.7,196.2,144.3,224.5,32.989013322619996,n/a
5503a9566e74d9b7c3221a857d903c0e3b1b7a98,2026-05-11 23:33:34,input_length_8192-num_aie_columns_4-num_channels_2-tile_size_1024-weighted_False,5/5,0.17021832,0.1684107,0.1201208,0.2003265,0.03297978680316172,,,,,,199.35999999999999,194.6,163.6,272.8,44.563471588286305,iron/operators/rms_norm/test.py::test_rms_norm
7e6b95b65dcb69d511057cd3d8b565db1e1227e6,2026-04-27 20:54:43,input_length_8192-num_aie_columns_4-num_channels_2-tile_size_1024-weighted_True,5/5,0.14445886,0.1123829,0.1072724,0.2135427,0.04872926043439404,,,,,,261.48,309.8,163.0,324.6,76.32373156495954,n/a
5503a9566e74d9b7c3221a857d903c0e3b1b7a98,2026-05-11 23:33:34,input_length_8192-num_aie_columns_4-num_channels_2-tile_size_1024-weighted_True,5/5,0.20295792,0.1888551,0.1453586,0.2688951,0.059291317266249026,,,,,,183.66,184.4,129.5,239.5,52.21592668908597,iron/operators/rms_norm/test.py::test_rms_norm
7e6b95b65dcb69d511057cd3d8b565db1e1227e6,2026-04-27 20:54:43,input_length_8192-num_aie_columns_4-tile_size_2048,10/10,0.32666137,0.3310138,0.2350219,0.416493,0.06578262685049314,,,,,,156.48,148.60000000000002,118.0,209.1,33.59810841236287,n/a
5503a9566e74d9b7c3221a857d903c0e3b1b7a98,2026-05-11 23:33:34,input_length_8192-num_aie_columns_4-tile_size_2048,5/5,0.3200627,0.3378446,0.2607422,0.3715445,0.04779760820438613,,,,,,156.5,145.5,132.3,188.5,24.448824102602558,iron/operators/elementwise_add/test.py::test_elementwise_add
5503a9566e74d9b7c3221a857d903c0e3b1b7a98,2026-05-11 23:33:34,input_length_8192-num_aie_columns_4-tile_size_2048,5/5,0.27889338,0.2899276,0.1948157,0.3631823,0.06273089245162226,,,,,,184.04,169.5,135.3,252.3,44.3504002236733,iron/operators/elementwise_mul/test.py::test_elementwise_mul
7e6b95b65dcb69d511057cd3d8b565db1e1227e6,2026-04-27 20:54:43,input_length_8192-num_aie_columns_4-tile_size_2048-scalar_factor_10.0,5/5,0.27331426,0.2779367,0.2464884,0.3109095,0.027325765629950795,,,,,,181.26,176.8,158.1,199.4,17.879821028187052,n/a
5503a9566e74d9b7c3221a857d903c0e3b1b7a98,2026-05-11 23:33:34,input_length_8192-num_aie_columns_4-tile_size_2048-scalar_factor_10.0,5/5,0.23221626,0.2465502,0.187111,0.2697147,0.03434996395293596,,,,,,215.64,199.4,182.2,262.7,33.712653410848574,iron/operators/axpy/test.py::test_axpy
7e6b95b65dcb69d511057cd3d8b565db1e1227e6,2026-04-27 20:54:43,input_length_8192-num_aie_columns_4-tile_size_2048-scalar_factor_3.0,5/5,0.25373784,0.2445227,0.2232771,0.3137756,0.035076592396397335,,,,,,196.32,201.0,156.6,220.1,23.950929000771556,n/a
5503a9566e74d9b7c3221a857d903c0e3b1b7a98,2026-05-11 23:33:34,input_length_8192-num_aie_columns_4-tile_size_2048-scalar_factor_3.0,5/5,0.30035664,0.2818316,0.2337021,0.3703938,0.05955176693191395,,,,,,168.84,174.4,132.7,210.3,32.95911103170109,iron/operators/axpy/test.py::test_axpy
7e6b95b65dcb69d511057cd3d8b565db1e1227e6,2026-04-27 20:54:43,input_length_8192-num_aie_columns_8-num_channels_1-tile_size_1024,30/30,0.17999771666666667,0.1751338,0.1420262,0.2647598,0.03130672561384769,,,,,,186.94333333333333,187.10000000000002,123.8,230.7,29.621249168440727,n/a
5503a9566e74d9b7c3221a857d903c0e3b1b7a98,2026-05-11 23:33:34,input_length_8192-num_aie_columns_8-num_channels_1-tile_size_1024,5/5,0.20754756,0.1975821,0.1668831,0.2612266,0.0403016337067494,,,,,,162.58,165.8,125.4,196.4,30.38637852722828,iron/operators/gelu/test.py::test_gelu
5503a9566e74d9b7c3221a857d903c0e3b1b7a98,2026-05-11 23:33:34,input_length_8192-num_aie_columns_8-num_channels_1-tile_size_1024,5/5,0.18595206,0.1769598,0.138063,0.2408739,0.039176694768995,,,,,,182.58,185.2,136.0,237.3,38.40087238592374,iron/operators/layer_norm/test.py::test_layer_norm
5503a9566e74d9b7c3221a857d903c0e3b1b7a98,2026-05-11 23:33:34,input_length_8192-num_aie_columns_8-num_channels_1-tile_size_1024,5/5,0.17384048,0.1643891,0.1257266,0.2601027,0.053323888301088855,,,,,,201.20000000000002,199.3,126.0,260.6,53.113792935545476,iron/operators/relu/test.py::test_relu
5503a9566e74d9b7c3221a857d903c0e3b1b7a98,2026-05-11 23:33:34,input_length_8192-num_aie_columns_8-num_channels_1-tile_size_1024,5/5,0.15182264,0.1566198,0.1077749,0.2040514,0.03780370008614236,,,,,,227.0,209.2,160.6,304.0,57.11269561139625,iron/operators/sigmoid/test.py::test_sigmoid
5503a9566e74d9b7c3221a857d903c0e3b1b7a98,2026-05-11 23:33:34,input_length_8192-num_aie_columns_8-num_channels_1-tile_size_1024,5/5,0.1773001,0.1822642,0.132047,0.2105263,0.0330698846531856,,,,,,190.52,179.8,155.6,248.2,38.58097976982958,iron/operators/silu/test.py::test_silu
5503a9566e74d9b7c3221a857d903c0e3b1b7a98,2026-05-11 23:33:34,input_length_8192-num_aie_columns_8-num_channels_1-tile_size_1024,5/5,0.22181828,0.2157351,0.1939934,0.2670252,0.031002553907331573,,,,,,149.94,151.9,122.7,168.9,19.92104414934117,iron/operators/tanh/test.py::test_tanh
7e6b95b65dcb69d511057cd3d8b565db1e1227e6,2026-04-27 20:54:43,input_length_8192-num_aie_columns_8-num_channels_1-tile_size_1024-group_size_32,5/5,0.11493278999999999,0.1133771,0.09961515,0.1291823,0.011240791842681725,,,,,,184.07999999999998,185.2,162.5,210.7,18.343445695942727,n/a
5503a9566e74d9b7c3221a857d903c0e3b1b7a98,2026-05-11 23:33:34,input_length_8192-num_aie_columns_8-num_channels_1-tile_size_1024-group_size_32,5/5,0.12028114,0.108865,0.1062536,0.1410544,0.017212843841968705,,,,,,177.28,192.8,148.8,197.6,24.10543507178412,iron/operators/dequant/test.py::test_dequant
7e6b95b65dcb69d511057cd3d8b565db1e1227e6,2026-04-27 20:54:43,input_length_8192-num_aie_columns_8-num_channels_1-tile_size_1024-weighted_False,5/5,0.16909404,0.169785,0.1557118,0.1803561,0.009190119743670368,,,,,,194.24,193.0,181.7,210.4,10.751418511061697,n/a
5503a9566e74d9b7c3221a857d903c0e3b1b7a98,2026-05-11 23:33:34,input_length_8192-num_aie_columns_8-num_channels_1-tile_size_1024-weighted_False,5/5,0.18368072,0.1746891,0.1555544,0.2295257,0.027896800585676486,,,,,,181.44,187.6,142.8,210.7,24.9872567521927,iron/operators/rms_norm/test.py::test_rms_norm
7e6b95b65dcb69d511057cd3d8b565db1e1227e6,2026-04-27 20:54:43,input_length_8192-num_aie_columns_8-num_channels_1-tile_size_1024-weighted_True,5/5,0.17367432,0.1667058,0.1106577,0.2370387,0.046522703231830796,,,,,,213.52,208.8,146.9,314.6,63.00100792844509,n/a
5503a9566e74d9b7c3221a857d903c0e3b1b7a98,2026-05-11 23:33:34,input_length_8192-num_aie_columns_8-num_channels_1-tile_size_1024-weighted_True,5/5,0.13619022,0.1167104,0.1077768,0.2102339,0.04282092873072699,,,,,,271.72,298.3,165.6,323.0,64.69796751057949,iron/operators/rms_norm/test.py::test_rms_norm
7e6b95b65dcb69d511057cd3d8b565db1e1227e6,2026-04-27 20:54:43,input_length_8192-num_aie_columns_8-num_channels_2-tile_size_512,25/25,0.1532340132,0.1541922,0.09531012,0.2272336,0.031248667016246564,,,,,,223.668,212.5,144.2,343.8,51.9561250800455,n/a
5503a9566e74d9b7c3221a857d903c0e3b1b7a98,2026-05-11 23:33:34,input_length_8192-num_aie_columns_8-num_channels_2-tile_size_512,5/5,0.16903634,0.1645814,0.1450624,0.2076158,0.023536786135706797,,,,,,196.62,199.1,157.8,225.9,25.07742012249266,iron/operators/gelu/test.py::test_gelu
5503a9566e74d9b7c3221a857d903c0e3b1b7a98,2026-05-11 23:33:34,input_length_8192-num_aie_columns_8-num_channels_2-tile_size_512,5/5,0.1329453,0.1350306,0.1076768,0.1538007,0.01659225028138137,,,,,,249.8,242.7,213.1,304.3,33.51581716145379,iron/operators/layer_norm/test.py::test_layer_norm
5503a9566e74d9b7c3221a857d903c0e3b1b7a98,2026-05-11 23:33:34,input_length_8192-num_aie_columns_8-num_channels_2-tile_size_512,5/5,0.127699474,0.1030768,0.09658697,0.1732263,0.03814138906102372,,,,,,274.3,317.9,189.2,339.3,74.03705153502536,iron/operators/relu/test.py::test_relu
5503a9566e74d9b7c3221a857d903c0e3b1b7a98,2026-05-11 23:33:34,input_length_8192-num_aie_columns_8-num_channels_2-tile_size_512,5/5,0.13330222,0.1325229,0.1041871,0.1605409,0.022204311553660018,,,,,,251.56,247.3,204.1,314.5,43.4742222472122,iron/operators/sigmoid/test.py::test_sigmoid
5503a9566e74d9b7c3221a857d903c0e3b1b7a98,2026-05-11 23:33:34,input_length_8192-num_aie_columns_8-num_channels_2-tile_size_512,5/5,0.16292398,0.1599133,0.1274771,0.1970083,0.027552358180961564,,,,,,205.92000000000002,204.9,166.3,257.1,35.81873811289282,iron/operators/tanh/test.py::test_tanh
7e6b95b65dcb69d511057cd3d8b565db1e1227e6,2026-04-27 20:54:43,input_length_8192-num_aie_columns_8-num_channels_2-tile_size_512-group_size_32,5/5,0.094549704,0.09931353,0.06485097,0.1104139,0.017416072221572522,,,,,,229.84,211.4,190.1,323.7,53.473198894399424,n/a
5503a9566e74d9b7c3221a857d903c0e3b1b7a98,2026-05-11 23:33:34,input_length_8192-num_aie_columns_8-num_channels_2-tile_size_512-group_size_32,5/5,0.091002122,0.09546678,0.05853191,0.1192558,0.022523511606033372,,,,,,244.18,219.9,176.0,358.6,70.00297850806065,iron/operators/dequant/test.py::test_dequant
7e6b95b65dcb69d511057cd3d8b565db1e1227e6,2026-04-27 20:54:43,input_length_8192-num_aie_columns_8-num_channels_2-tile_size_512-weighted_False,5/5,0.14171592,0.1437174,0.1341439,0.1484663,0.005798523409627653,,,,,,231.54,228.0,220.7,244.3,9.583475361266398,n/a
5503a9566e74d9b7c3221a857d903c0e3b1b7a98,2026-05-11 23:33:34,input_length_8192-num_aie_columns_8-num_channels_2-tile_size_512-weighted_False,5/5,0.14667118,0.1457457,0.1177765,0.174745,0.021199115301516712,,,,,,227.28,224.8,187.5,278.2,33.96228790879672,iron/operators/rms_norm/test.py::test_rms_norm
7e6b95b65dcb69d511057cd3d8b565db1e1227e6,2026-04-27 20:54:43,input_length_8192-num_aie_columns_8-tile_size_1024,10/10,0.26283996,0.24299310000000002,0.2155194,0.3441728,0.04635795961697768,,,,,,191.88,202.55,142.8,228.1,30.865687529466545,n/a
5503a9566e74d9b7c3221a857d903c0e3b1b7a98,2026-05-11 23:33:34,input_length_8192-num_aie_columns_8-tile_size_1024,5/5,0.29246392,0.2833948,0.216776,0.3459703,0.054529703947179105,,,,,,173.18,173.4,142.1,226.7,34.79852008347481,iron/operators/elementwise_add/test.py::test_elementwise_add
5503a9566e74d9b7c3221a857d903c0e3b1b7a98,2026-05-11 23:33:34,input_length_8192-num_aie_columns_8-tile_size_1024,5/5,0.26304858,0.2510535,0.2025959,0.3750658,0.06882452417762872,,,,,,195.96,195.8,131.0,242.6,44.317581161430724,iron/operators/elementwise_mul/test.py::test_elementwise_mul
7e6b95b65dcb69d511057cd3d8b565db1e1227e6,2026-04-27 20:54:43,input_length_8192-num_aie_columns_8-tile_size_1024-scalar_factor_10.0,5/5,0.2173324,0.2176225,0.1531692,0.2964446,0.05162818512581088,,,,,,236.46,225.9,165.8,320.9,55.79850356416379,n/a
5503a9566e74d9b7c3221a857d903c0e3b1b7a98,2026-05-11 23:33:34,input_length_8192-num_aie_columns_8-tile_size_1024-scalar_factor_10.0,5/5,0.25665552,0.2530999,0.2254948,0.2982832,0.02859766998195833,,,,,,193.38,194.2,164.8,218.0,20.878026726680847,iron/operators/axpy/test.py::test_axpy
7e6b95b65dcb69d511057cd3d8b565db1e1227e6,2026-04-27 20:54:43,input_length_8192-num_aie_columns_8-tile_size_1024-scalar_factor_3.0,5/5,0.23341542,0.2160594,0.1525408,0.3721353,0.08221287385608776,,,,,,228.72,227.5,132.1,322.2,67.52741665427457,n/a
5503a9566e74d9b7c3221a857d903c0e3b1b7a98,2026-05-11 23:33:34,input_length_8192-num_aie_columns_8-tile_size_1024-scalar_factor_3.0,5/5,0.26306264,0.2513757,0.220458,0.3209801,0.04080157213316663,,,,,,190.32,195.5,153.1,223.0,28.261139396705154,iron/operators/axpy/test.py::test_axpy
7e6b95b65dcb69d511057cd3d8b565db1e1227e6,2026-04-27 20:54:43,input_length_8192-num_cores_1-num_channels_1-bypass_False-tile_size_8192,5/5,0.21308075999999998,0.2002677,0.1371075,0.2784642,0.05981406644024463,,,,,,164.66,163.6,117.7,239.0,49.54712907929177,n/a
5503a9566e74d9b7c3221a857d903c0e3b1b7a98,2026-05-11 23:33:34,input_length_8192-num_cores_1-num_channels_1-bypass_False-tile_size_8192,5/5,0.21976212,0.212195,0.1771425,0.2691616,0.035457535530927696,,,,,,152.2,154.4,121.7,185.0,24.24510259825683,iron/operators/mem_copy/test.py::test_mem_copy
7e6b95b65dcb69d511057cd3d8b565db1e1227e6,2026-04-27 20:54:43,input_length_8192-num_cores_1-num_channels_1-bypass_True-tile_size_8192,5/5,0.25842496,0.2608959,0.2079597,0.2937201,0.031401475464187985,,,,,,128.5,125.6,111.6,157.6,17.306935026167977,n/a
5503a9566e74d9b7c3221a857d903c0e3b1b7a98,2026-05-11 23:33:34,input_length_8192-num_cores_1-num_channels_1-bypass_True-tile_size_8192,5/5,0.22894432,0.2285045,0.1815673,0.2640536,0.03447604054009103,,,,,,145.92000000000002,143.4,124.1,180.5,23.221692444781024,iron/operators/mem_copy/test.py::test_mem_copy
7e6b95b65dcb69d511057cd3d8b565db1e1227e6,2026-04-27 20:54:43,input_length_8192-num_cores_16-num_channels_2-bypass_False-tile_size_512,5/5,0.16503194,0.1485612,0.1449463,0.2372395,0.04040049292908441,,,,,,206.0,220.6,138.1,226.1,38.04365913000483,n/a
5503a9566e74d9b7c3221a857d903c0e3b1b7a98,2026-05-11 23:33:34,input_length_8192-num_cores_16-num_channels_2-bypass_False-tile_size_512,5/5,0.15281814,0.1592914,0.1048499,0.185543,0.030282420896586195,,,,,,222.7,205.7,176.6,312.5,52.95833267768161,iron/operators/mem_copy/test.py::test_mem_copy
7e6b95b65dcb69d511057cd3d8b565db1e1227e6,2026-04-27 20:54:43,input_length_8192-num_cores_16-num_channels_2-bypass_True-tile_size_512,5/5,0.17219082,0.1629017,0.132412,0.2139448,0.03518103948694523,,,,,,196.78,201.2,153.2,247.5,39.831231464768955,n/a
5503a9566e74d9b7c3221a857d903c0e3b1b7a98,2026-05-11 23:33:34,input_length_8192-num_cores_16-num_channels_2-bypass_True-tile_size_512,5/5,0.19033304,0.2033309,0.1516609,0.2256811,0.033812171023878373,,,,,,176.85999999999999,161.2,145.2,216.1,32.99466623562057,iron/operators/mem_copy/test.py::test_mem_copy
7e6b95b65dcb69d511057cd3d8b565db1e1227e6,2026-04-27 20:54:43,input_length_8192-num_cores_2-num_channels_1-bypass_False-tile_size_4096,5/5,0.23090564,0.2241191,0.1705379,0.2924069,0.045866931795772004,,,,,,146.64,146.2,112.1,192.1,30.218917915769254,n/a
5503a9566e74d9b7c3221a857d903c0e3b1b7a98,2026-05-11 23:33:34,input_length_8192-num_cores_2-num_channels_1-bypass_False-tile_size_4096,5/5,0.2484243,0.271528,0.1598907,0.2954201,0.05368351131124901,,,,,,138.46,120.7,110.9,204.9,38.41989068178097,iron/operators/mem_copy/test.py::test_mem_copy
7e6b95b65dcb69d511057cd3d8b565db1e1227e6,2026-04-27 20:54:43,input_length_8192-num_cores_2-num_channels_1-bypass_True-tile_size_4096,5/5,0.20708424,0.2243339,0.1594317,0.2461668,0.03670083131399069,,,,,,162.6,146.1,133.1,205.5,30.85384903055047,n/a
5503a9566e74d9b7c3221a857d903c0e3b1b7a98,2026-05-11 23:33:34,input_length_8192-num_cores_2-num_channels_1-bypass_True-tile_size_4096,5/5,0.21566506,0.1994012,0.179593,0.2735043,0.03753032304854302,,,,,,155.36,164.3,119.8,182.5,24.781706962999948,iron/operators/mem_copy/test.py::test_mem_copy
7e6b95b65dcb69d511057cd3d8b565db1e1227e6,2026-04-27 20:54:43,input_length_8192-num_cores_2-num_channels_2-bypass_False-tile_size_4096,5/5,0.20304288,0.1957841,0.1580598,0.2546393,0.043644098376435736,,,,,,167.46,167.4,128.7,207.3,35.46382664067712,n/a
5503a9566e74d9b7c3221a857d903c0e3b1b7a98,2026-05-11 23:33:34,input_length_8192-num_cores_2-num_channels_2-bypass_False-tile_size_4096,5/5,0.21787122,0.2134417,0.1877801,0.2556724,0.026873943630531794,,,,,,152.2,153.5,128.2,174.5,18.300000000000004,iron/operators/mem_copy/test.py::test_mem_copy
7e6b95b65dcb69d511057cd3d8b565db1e1227e6,2026-04-27 20:54:43,input_length_8192-num_cores_2-num_channels_2-bypass_True-tile_size_4096,5/5,0.21574104,0.2156953,0.169785,0.2767451,0.04479821587220858,,,,,,157.14,151.9,118.4,193.0,32.00449968363824,n/a
5503a9566e74d9b7c3221a857d903c0e3b1b7a98,2026-05-11 23:33:34,input_length_8192-num_cores_2-num_channels_2-bypass_True-tile_size_4096,5/5,0.22885588,0.22276,0.199889,0.2803751,0.033199751552489054,,,,,,145.44,147.1,116.9,163.9,19.583870914607253,iron/operators/mem_copy/test.py::test_mem_copy
7e6b95b65dcb69d511057cd3d8b565db1e1227e6,2026-04-27 20:54:43,input_length_8192-num_cores_4-num_channels_1-bypass_False-tile_size_2048,5/5,0.19271476,0.1870181,0.129924,0.2766049,0.05552833378706765,,,,,,181.29999999999998,175.2,118.5,252.2,50.37926160633956,n/a
5503a9566e74d9b7c3221a857d903c0e3b1b7a98,2026-05-11 23:33:34,input_length_8192-num_cores_4-num_channels_1-bypass_False-tile_size_2048,5/5,0.19520066,0.1970936,0.1499234,0.2525939,0.03808036020461203,,,,,,172.92,166.3,129.7,218.6,32.84291399982651,iron/operators/mem_copy/test.py::test_mem_copy
7e6b95b65dcb69d511057cd3d8b565db1e1227e6,2026-04-27 20:54:43,input_length_8192-num_cores_4-num_channels_1-bypass_True-tile_size_2048,5/5,0.22330648,0.2260704,0.1632027,0.2880551,0.04610197411024825,,,,,,152.0,144.9,113.8,200.8,32.43154328736146,n/a
5503a9566e74d9b7c3221a857d903c0e3b1b7a98,2026-05-11 23:33:34,input_length_8192-num_cores_4-num_channels_1-bypass_True-tile_size_2048,5/5,0.21644606,0.2230329,0.1649136,0.2511381,0.03532224433955181,,,,,,155.0,146.9,130.5,198.7,27.876513411831112,iron/operators/mem_copy/test.py::test_mem_copy
7e6b95b65dcb69d511057cd3d8b565db1e1227e6,2026-04-27 20:54:43,input_length_8192-num_cores_4-num_channels_2-bypass_False-tile_size_2048,5/5,0.20348232,0.1948968,0.1568845,0.2604997,0.048059755140262624,,,,,,168.36,168.1,125.8,208.9,38.982021497095296,n/a
5503a9566e74d9b7c3221a857d903c0e3b1b7a98,2026-05-11 23:33:34,input_length_8192-num_cores_4-num_channels_2-bypass_False-tile_size_2048,5/5,0.20140662,0.1851028,0.1790523,0.2456666,0.028601595360084376,,,,,,165.14000000000001,177.0,133.4,183.0,21.457819087689224,iron/operators/mem_copy/test.py::test_mem_copy
7e6b95b65dcb69d511057cd3d8b565db1e1227e6,2026-04-27 20:54:43,input_length_8192-num_cores_4-num_channels_2-bypass_True-tile_size_2048,5/5,0.20363746,0.1871676,0.1468798,0.2819213,0.05239416601238157,,,,,,169.16,175.1,116.2,223.1,40.894473954313185,n/a
5503a9566e74d9b7c3221a857d903c0e3b1b7a98,2026-05-11 23:33:34,input_length_8192-num_cores_4-num_channels_2-bypass_True-tile_size_2048,5/5,0.22862184,0.2293521,0.1785537,0.2738723,0.035016280246165495,,,,,,146.2,142.9,119.6,183.5,23.813546564928124,iron/operators/mem_copy/test.py::test_mem_copy
7e6b95b65dcb69d511057cd3d8b565db1e1227e6,2026-04-27 20:54:43,input_length_8192-num_cores_8-num_channels_1-bypass_False-tile_size_1024,5/5,0.15792978,0.1540979,0.1266435,0.202424,0.028639144351691095,,,,,,212.64,212.6,161.9,258.7,36.144266488614754,n/a
5503a9566e74d9b7c3221a857d903c0e3b1b7a98,2026-05-11 23:33:34,input_length_8192-num_cores_8-num_channels_1-bypass_False-tile_size_1024,5/5,0.18573116,0.1969515,0.1065193,0.2554532,0.05420694434800766,,,,,,191.88,166.4,128.3,307.6,68.73352166155901,iron/operators/mem_copy/test.py::test_mem_copy
7e6b95b65dcb69d511057cd3d8b565db1e1227e6,2026-04-27 20:54:43,input_length_8192-num_cores_8-num_channels_1-bypass_True-tile_size_1024,5/5,0.20165422,0.2314304,0.1184003,0.2741473,0.06879602508457155,,,,,,181.48,141.6,119.5,276.8,70.34263998457835,n/a
5503a9566e74d9b7c3221a857d903c0e3b1b7a98,2026-05-11 23:33:34,input_length_8192-num_cores_8-num_channels_1-bypass_True-tile_size_1024,5/5,0.21478858,0.2051937,0.1748037,0.2786797,0.04113398362269328,,,,,,156.73999999999998,159.7,117.6,187.5,27.52131900908821,iron/operators/mem_copy/test.py::test_mem_copy
7e6b95b65dcb69d511057cd3d8b565db1e1227e6,2026-04-27 20:54:43,input_length_8192-num_cores_8-num_channels_2-bypass_False-tile_size_1024,5/5,0.208966,0.2143787,0.1556305,0.2648026,0.04168002523613679,,,,,,162.1,152.9,123.7,210.6,33.490521047006716,n/a
5503a9566e74d9b7c3221a857d903c0e3b1b7a98,2026-05-11 23:33:34,input_length_8192-num_cores_8-num_channels_2-bypass_False-tile_size_1024,5/5,0.20569552,0.221223,0.1565248,0.244091,0.03474215073469114,,,,,,163.32,148.1,134.2,209.3,30.13804904103782,iron/operators/mem_copy/test.py::test_mem_copy
7e6b95b65dcb69d511057cd3d8b565db1e1227e6,2026-04-27 20:54:43,input_length_8192-num_cores_8-num_channels_2-bypass_True-tile_size_1024,5/5,0.1949616,0.1877059,0.1591823,0.2637348,0.04038671533753395,,,,,,173.06,174.6,124.2,205.9,30.417807284549625,n/a
5503a9566e74d9b7c3221a857d903c0e3b1b7a98,2026-05-11 23:33:34,input_length_8192-num_cores_8-num_channels_2-bypass_True-tile_size_1024,5/5,0.24081576,0.2357342,0.1769694,0.3150557,0.05052123212069357,,,,,,140.96,139.0,104.0,185.2,29.7373166240668,iron/operators/mem_copy/test.py::test_mem_copy
7e6b95b65dcb69d511057cd3d8b565db1e1227e6,2026-04-27 20:54:43,rows_32-cols_128-angle_rows_16-aie_columns_1-method_type_0,5/5,0.1230168,0.1112445,0.0861112,0.1682384,0.03159833536794304,,,,,,175.34,184.1,121.7,237.8,44.15261034185862,n/a
5503a9566e74d9b7c3221a857d903c0e3b1b7a98,2026-05-11 23:33:34,rows_32-cols_128-angle_rows_16-aie_columns_1-method_type_0,5/5,0.12783944,0.1156357,0.1106883,0.1568267,0.020166878842250234,,,,,,163.2,177.1,130.6,185.0,23.894664676450265,iron/operators/rope/test.py::test_rope
7e6b95b65dcb69d511057cd3d8b565db1e1227e6,2026-04-27 20:54:43,rows_32-cols_128-angle_rows_16-aie_columns_1-method_type_1,5/5,0.097192738,0.1040735,0.05692937,0.1259928,0.025306470774784456,,,,,,226.35999999999999,196.8,162.5,359.7,77.06690599732157,n/a
5503a9566e74d9b7c3221a857d903c0e3b1b7a98,2026-05-11 23:33:34,rows_32-cols_128-angle_rows_16-aie_columns_1-method_type_1,5/5,0.12176963,0.1382448,0.08917569,0.1427138,0.02578770551557079,,,,,,175.07999999999998,148.1,143.5,229.7,40.75698713104294,iron/operators/rope/test.py::test_rope
7e6b95b65dcb69d511057cd3d8b565db1e1227e6,2026-04-27 20:54:43,rows_32-cols_128-angle_rows_16-aie_columns_2-method_type_0,5/5,0.12574896,0.1215935,0.1107081,0.1525217,0.015886628971182027,,,,,,164.76,168.4,134.3,185.0,18.788107940929013,n/a
5503a9566e74d9b7c3221a857d903c0e3b1b7a98,2026-05-11 23:33:34,rows_32-cols_128-angle_rows_16-aie_columns_2-method_type_0,5/5,0.12396341999999999,0.1176113,0.1040032,0.1476079,0.020552799788277013,,,,,,168.8,174.1,138.7,196.9,27.17664438447102,iron/operators/rope/test.py::test_rope
7e6b95b65dcb69d511057cd3d8b565db1e1227e6,2026-04-27 20:54:43,rows_32-cols_128-angle_rows_16-aie_columns_2-method_type_1,5/5,0.123607878,0.1224822,0.08367209,0.1603721,0.02838214386160636,,,,,,173.64,167.2,127.7,244.8,44.28614907620667,n/a
5503a9566e74d9b7c3221a857d903c0e3b1b7a98,2026-05-11 23:33:34,rows_32-cols_128-angle_rows_16-aie_columns_2-method_type_1,5/5,0.110150536,0.107431,0.08685658,0.1273656,0.01606287047004613,,,,,,189.34,190.6,160.8,235.8,29.666445692060922,iron/operators/rope/test.py::test_rope
7e6b95b65dcb69d511057cd3d8b565db1e1227e6,2026-04-27 20:54:43,rows_32-cols_128-angle_rows_16-aie_columns_4-method_type_0,5/5,0.1237529,0.1225848,0.1062869,0.1465946,0.0162001071585962,,,,,,167.72,167.1,139.7,192.7,21.37783899275135,n/a
5503a9566e74d9b7c3221a857d903c0e3b1b7a98,2026-05-11 23:33:34,rows_32-cols_128-angle_rows_16-aie_columns_4-method_type_0,5/5,0.12371481,0.1257352,0.09172915,0.1499916,0.021579022839623672,,,,,,170.08,162.9,136.5,223.3,32.88087590074206,iron/operators/rope/test.py::test_rope
7e6b95b65dcb69d511057cd3d8b565db1e1227e6,2026-04-27 20:54:43,rows_32-cols_128-angle_rows_16-aie_columns_4-method_type_1,5/5,0.111160938,0.1009533,0.09348311,0.1358847,0.01999596731917013,,,,,,188.85999999999999,202.9,150.7,219.1,32.0977880857856,n/a
5503a9566e74d9b7c3221a857d903c0e3b1b7a98,2026-05-11 23:33:34,rows_32-cols_128-angle_rows_16-aie_columns_4-method_type_1,5/5,0.11016989,0.1113394,0.08530525,0.1263496,0.016523730897727067,,,,,,189.64,183.9,162.1,240.1,31.401560470779152,iron/operators/rope/test.py::test_rope
7e6b95b65dcb69d511057cd3d8b565db1e1227e6,2026-04-27 20:54:43,rows_32-cols_128-angle_rows_16-aie_columns_8-method_type_0,5/5,0.10909237399999999,0.1102243,0.09519427,0.1177959,0.008414914552648766,,,,,,188.70000000000002,185.8,173.9,215.1,15.614576523236224,n/a
5503a9566e74d9b7c3221a857d903c0e3b1b7a98,2026-05-11 23:33:34,rows_32-cols_128-angle_rows_16-aie_columns_8-method_type_0,5/5,0.12827228000000002,0.1277876,0.1057627,0.1590235,0.020760467782952294,,,,,,162.92000000000002,160.3,128.8,193.6,25.29776669984921,iron/operators/rope/test.py::test_rope
7e6b95b65dcb69d511057cd3d8b565db1e1227e6,2026-04-27 20:54:43,rows_32-cols_128-angle_rows_16-aie_columns_8-method_type_1,5/5,0.09838225,0.1020113,0.06736886,0.1153166,0.018613969998358758,,,,,,215.8,200.8,177.6,304.0,50.82164893035251,n/a
5503a9566e74d9b7c3221a857d903c0e3b1b7a98,2026-05-11 23:33:34,rows_32-cols_128-angle_rows_16-aie_columns_8-method_type_1,5/5,0.11110566599999999,0.1128083,0.09763493,0.1228783,0.011114117292964836,,,,,,185.85999999999999,181.5,166.7,209.8,18.952123891532587,iron/operators/rope/test.py::test_rope
7e6b95b65dcb69d511057cd3d8b565db1e1227e6,2026-04-27 20:54:43,rows_32-cols_128-angle_rows_32-aie_columns_1-method_type_0,5/5,0.14782424,0.1354087,0.1167506,0.1879488,0.028551897661328922,,,,,,171.1,181.5,130.8,210.5,31.54893025127793,n/a
5503a9566e74d9b7c3221a857d903c0e3b1b7a98,2026-05-11 23:33:34,rows_32-cols_128-angle_rows_32-aie_columns_1-method_type_0,5/5,0.15866476000000002,0.1545719,0.1155121,0.1997805,0.031106286134606295,,,,,,160.08,159.0,123.0,212.8,33.58708084963622,iron/operators/rope/test.py::test_rope
7e6b95b65dcb69d511057cd3d8b565db1e1227e6,2026-04-27 20:54:43,rows_32-cols_128-angle_rows_32-aie_columns_1-method_type_1,5/5,0.151844466,0.1626936,0.09793303,0.1858566,0.037771480762690254,,,,,,171.66,151.1,132.2,250.9,50.098932124347726,n/a
5503a9566e74d9b7c3221a857d903c0e3b1b7a98,2026-05-11 23:33:34,rows_32-cols_128-angle_rows_32-aie_columns_1-method_type_1,5/5,0.123708996,0.1232615,0.07959838,0.1475079,0.027752620821484227,,,,,,209.0,199.4,166.6,308.8,58.44262143333408,iron/operators/rope/test.py::test_rope
7e6b95b65dcb69d511057cd3d8b565db1e1227e6,2026-04-27 20:54:43,rows_32-cols_128-angle_rows_32-aie_columns_2-method_type_0,5/5,0.15388733999999998,0.1427368,0.1354162,0.1867477,0.0215311506820467,,,,,,162.04,172.2,131.6,181.5,20.9445219568268,n/a
5503a9566e74d9b7c3221a857d903c0e3b1b7a98,2026-05-11 23:33:34,rows_32-cols_128-angle_rows_32-aie_columns_2-method_type_0,5/5,0.125217056,0.1324745,0.07010298,0.1714357,0.036651471154425436,,,,,,214.26,185.5,143.4,350.6,79.78852047757248,iron/operators/rope/test.py::test_rope
7e6b95b65dcb69d511057cd3d8b565db1e1227e6,2026-04-27 20:54:43,rows_32-cols_128-angle_rows_32-aie_columns_2-method_type_1,5/5,0.16691274,0.1762163,0.1162634,0.2048376,0.03484442144781572,,,,,,153.26,139.5,120.0,211.4,36.477636984870614,n/a
5503a9566e74d9b7c3221a857d903c0e3b1b7a98,2026-05-11 23:33:34,rows_32-cols_128-angle_rows_32-aie_columns_2-method_type_1,5/5,0.14570268,0.1606138,0.1023322,0.1763908,0.03279973676642847,,,,,,176.6,153.0,139.3,240.2,44.26934605344876,iron/operators/rope/test.py::test_rope
7e6b95b65dcb69d511057cd3d8b565db1e1227e6,2026-04-27 20:54:43,rows_32-cols_128-angle_rows_32-aie_columns_4-method_type_0,5/5,0.14913704,0.1469531,0.1214325,0.1772853,0.020035941108368233,,,,,,167.22,167.2,138.6,202.4,23.049772233147994,n/a
5503a9566e74d9b7c3221a857d903c0e3b1b7a98,2026-05-11 23:33:34,rows_32-cols_128-angle_rows_32-aie_columns_4-method_type_0,5/5,0.14637531,0.1496948,0.08219645,0.2016029,0.04320894979420351,,,,,,183.32,164.2,121.9,299.0,67.95709675964682,iron/operators/rope/test.py::test_rope
7e6b95b65dcb69d511057cd3d8b565db1e1227e6,2026-04-27 20:54:43,rows_32-cols_128-angle_rows_32-aie_columns_4-method_type_1,5/5,0.1470409,0.1512937,0.119457,0.176928,0.021698601245472026,,,,,,170.1,162.4,138.9,205.7,25.381981798118122,n/a
5503a9566e74d9b7c3221a857d903c0e3b1b7a98,2026-05-11 23:33:34,rows_32-cols_128-angle_rows_32-aie_columns_4-method_type_1,5/5,0.131796034,0.1394328,0.08859377,0.1493491,0.024632552653689386,,,,,,193.51999999999998,176.3,164.6,277.4,47.24909522943269,iron/operators/rope/test.py::test_rope
7e6b95b65dcb69d511057cd3d8b565db1e1227e6,2026-04-27 20:54:43,rows_32-cols_128-angle_rows_32-aie_columns_8-method_type_0,5/5,0.1338858,0.1393711,0.110902,0.1522516,0.018210907841593175,,,,,,186.42000000000002,176.3,161.4,221.6,26.488431437138736,n/a
5503a9566e74d9b7c3221a857d903c0e3b1b7a98,2026-05-11 23:33:34,rows_32-cols_128-angle_rows_32-aie_columns_8-method_type_0,5/5,0.15111004,0.155948,0.1094266,0.17532,0.02634902587408119,,,,,,167.35999999999999,157.6,140.2,224.6,34.14773784601258,iron/operators/rope/test.py::test_rope
7e6b95b65dcb69d511057cd3d8b565db1e1227e6,2026-04-27 20:54:43,rows_32-cols_128-angle_rows_32-aie_columns_8-method_type_1,5/5,0.11834696,0.1132107,0.1070351,0.1420504,0.014321181423437102,,,,,,209.9,217.1,173.0,229.6,23.050596521565335,n/a
5503a9566e74d9b7c3221a857d903c0e3b1b7a98,2026-05-11 23:33:34,rows_32-cols_128-angle_rows_32-aie_columns_8-method_type_1,5/5,0.15098454,0.1512732,0.1091486,0.1782251,0.02632798521370369,,,,,,167.52,162.5,137.9,225.2,34.161118248675635,iron/operators/rope/test.py::test_rope
7e6b95b65dcb69d511057cd3d8b565db1e1227e6,2026-04-27 20:54:43,rows_32-cols_128-angle_rows_8-aie_columns_1-method_type_0,5/5,0.11141509,0.1158793,0.08414671,0.145719,0.02513019733686546,,,,,,172.34,159.1,126.5,219.0,38.78147753760808,n/a
5503a9566e74d9b7c3221a857d903c0e3b1b7a98,2026-05-11 23:33:34,rows_32-cols_128-angle_rows_8-aie_columns_1-method_type_0,5/5,0.12675340000000002,0.1261524,0.1022268,0.1693215,0.02719013059613727,,,,,,150.4,146.1,108.9,180.3,29.42906726350667,iron/operators/rope/test.py::test_rope
7e6b95b65dcb69d511057cd3d8b565db1e1227e6,2026-04-27 20:54:43,rows_32-cols_128-angle_rows_8-aie_columns_1-method_type_1,5/5,0.1193694,0.1294564,0.0830188,0.1413844,0.02406811723452833,,,,,,160.48,142.4,130.4,222.0,37.90273077233354,n/a
5503a9566e74d9b7c3221a857d903c0e3b1b7a98,2026-05-11 23:33:34,rows_32-cols_128-angle_rows_8-aie_columns_1-method_type_1,5/5,0.1263684,0.1278526,0.1140813,0.1400704,0.010000855796630612,,,,,,146.6,144.2,131.6,161.6,11.570652531296583,iron/operators/rope/test.py::test_rope
7e6b95b65dcb69d511057cd3d8b565db1e1227e6,2026-04-27 20:54:43,rows_32-cols_128-angle_rows_8-aie_columns_2-method_type_0,5/5,0.105750312,0.09626875,0.08788107,0.1353523,0.020989090855562803,,,,,,179.51999999999998,191.5,136.2,209.7,32.92471715899774,n/a
5503a9566e74d9b7c3221a857d903c0e3b1b7a98,2026-05-11 23:33:34,rows_32-cols_128-angle_rows_8-aie_columns_2-method_type_0,5/5,0.104234656,0.1005784,0.09745626,0.1173706,0.00846800852840147,,,,,,177.7,183.3,157.0,189.1,13.723155613779218,iron/operators/rope/test.py::test_rope
7e6b95b65dcb69d511057cd3d8b565db1e1227e6,2026-04-27 20:54:43,rows_32-cols_128-angle_rows_8-aie_columns_2-method_type_1,5/5,0.105148808,0.0964607,0.07437926,0.1485781,0.030237087093996334,,,,,,186.64,191.1,124.1,247.8,50.14212799632661,n/a
5503a9566e74d9b7c3221a857d903c0e3b1b7a98,2026-05-11 23:33:34,rows_32-cols_128-angle_rows_8-aie_columns_2-method_type_1,5/5,0.102011374,0.09640419,0.09264127,0.1289194,0.015150893169233617,,,,,,183.42,191.2,143.0,199.0,22.900262007234762,iron/operators/rope/test.py::test_rope
7e6b95b65dcb69d511057cd3d8b565db1e1227e6,2026-04-27 20:54:43,rows_32-cols_128-angle_rows_8-aie_columns_4-method_type_0,5/5,0.084729642,0.08926643,0.05680001,0.09761213,0.01610920977818962,,,,,,225.98,206.5,188.8,324.5,55.73900788496329,n/a
5503a9566e74d9b7c3221a857d903c0e3b1b7a98,2026-05-11 23:33:34,rows_32-cols_128-angle_rows_8-aie_columns_4-method_type_0,5/5,0.107493618,0.09767368,0.06150704,0.1521395,0.034909879660603535,,,,,,188.7,188.7,121.2,299.7,69.19085922287712,iron/operators/rope/test.py::test_rope
7e6b95b65dcb69d511057cd3d8b565db1e1227e6,2026-04-27 20:54:43,rows_32-cols_128-angle_rows_8-aie_columns_4-method_type_1,5/5,0.1012226,0.1125611,0.06698088,0.1167173,0.020939653013533913,,,,,,190.24,163.8,157.9,275.2,49.58319271688744,n/a
5503a9566e74d9b7c3221a857d903c0e3b1b7a98,2026-05-11 23:33:34,rows_32-cols_128-angle_rows_8-aie_columns_4-method_type_1,5/5,0.092961718,0.09706519,0.0637426,0.1178148,0.019708551306973833,,,,,,206.6,189.9,156.4,289.2,50.11252338487855,iron/operators/rope/test.py::test_rope
7e6b95b65dcb69d511057cd3d8b565db1e1227e6,2026-04-27 20:54:43,rows_32-cols_128-angle_rows_8-aie_columns_8-method_type_0,5/5,0.102059198,0.1031334,0.07846209,0.1361833,0.02312639508193009,,,,,,187.86,178.7,135.3,234.9,40.63081343020343,n/a
5503a9566e74d9b7c3221a857d903c0e3b1b7a98,2026-05-11 23:33:34,rows_32-cols_128-angle_rows_8-aie_columns_8-method_type_0,5/5,0.12434114,0.1177312,0.1077473,0.1448795,0.01669115526987272,,,,,,150.34,156.6,127.2,171.1,19.5676518775248,iron/operators/rope/test.py::test_rope
7e6b95b65dcb69d511057cd3d8b565db1e1227e6,2026-04-27 20:54:43,rows_32-cols_128-angle_rows_8-aie_columns_8-method_type_1,5/5,0.097527348,0.08952745,0.07882178,0.1190975,0.018577858231665727,,,,,,194.4,205.9,154.8,233.8,35.535967694717414,n/a
5503a9566e74d9b7c3221a857d903c0e3b1b7a98,2026-05-11 23:33:34,rows_32-cols_128-angle_rows_8-aie_columns_8-method_type_1,5/5,0.101241348,0.1025008,0.07721632,0.1206109,0.019635337293749756,,,,,,187.9,179.8,152.8,238.7,37.972490042134446,iron/operators/rope/test.py::test_rope
7e6b95b65dcb69d511057cd3d8b565db1e1227e6,2026-04-27 20:54:43,rows_32-cols_512-angle_rows_32-aie_columns_1-method_type_0,5/5,0.57587316,0.6224136,0.428047,0.6281486,0.08509169024319001,,,,,,174.4,157.9,156.5,229.7,31.403821423514678,n/a
5503a9566e74d9b7c3221a857d903c0e3b1b7a98,2026-05-11 23:33:34,rows_32-cols_512-angle_rows_32-aie_columns_1-method_type_0,5/5,0.54133542,0.5396604,0.4069683,0.6670467,0.09443338421833138,,,,,,186.4,182.2,147.4,241.6,34.82010913251134,iron/operators/rope/test.py::test_rope
7e6b95b65dcb69d511057cd3d8b565db1e1227e6,2026-04-27 20:54:43,rows_32-cols_512-angle_rows_32-aie_columns_2-method_type_0,5/5,0.57795452,0.5649298,0.4282913,0.6972014,0.1139776504051869,,,,,,175.8,174.0,141.0,229.5,36.58339787389903,n/a
5503a9566e74d9b7c3221a857d903c0e3b1b7a98,2026-05-11 23:33:34,rows_32-cols_512-angle_rows_32-aie_columns_2-method_type_0,5/5,0.54763892,0.5433081,0.3760544,0.7050116,0.14325187154312155,,,,,,190.24,180.9,139.4,261.4,52.07151812651519,iron/operators/rope/test.py::test_rope
7e6b95b65dcb69d511057cd3d8b565db1e1227e6,2026-04-27 20:54:43,rows_32-cols_512-angle_rows_32-aie_columns_4-method_type_0,5/5,0.47930044,0.485368,0.3757123,0.539311,0.06675773910703538,,,,,,208.68,202.5,182.3,261.6,32.32633601260744,n/a
5503a9566e74d9b7c3221a857d903c0e3b1b7a98,2026-05-11 23:33:34,rows_32-cols_512-angle_rows_32-aie_columns_4-method_type_0,5/5,0.55592244,0.5641776,0.3552613,0.7286203,0.1336295727530886,,,,,,186.78,174.2,134.9,276.7,53.2957502996252,iron/operators/rope/test.py::test_rope
7e6b95b65dcb69d511057cd3d8b565db1e1227e6,2026-04-27 20:54:43,rows_32-cols_512-angle_rows_32-aie_columns_8-method_type_0,5/5,0.50605254,0.4547932,0.4006586,0.7785284,0.15463786937460694,,,,,,205.54,216.2,126.3,245.4,46.441177848973645,n/a
5503a9566e74d9b7c3221a857d903c0e3b1b7a98,2026-05-11 23:33:34,rows_32-cols_512-angle_rows_32-aie_columns_8-method_type_0,5/5,0.54864752,0.5537973,0.3754913,0.6868018,0.12851195436015672,,,,,,188.12,177.5,143.1,261.8,48.48058374236021,iron/operators/rope/test.py::test_rope
7e6b95b65dcb69d511057cd3d8b565db1e1227e6,2026-04-27 20:54:43,rows_32-cols_512-angle_rows_8-aie_columns_1-method_type_0,5/5,0.44305276,0.4680846,0.3547942,0.5137052,0.06938147394559299,,,,,,169.92000000000002,157.5,143.5,207.8,28.112488328143424,n/a
5503a9566e74d9b7c3221a857d903c0e3b1b7a98,2026-05-11 23:33:34,rows_32-cols_512-angle_rows_8-aie_columns_1-method_type_0,5/5,0.46773046,0.4970103,0.3729136,0.5358802,0.07753473694195395,,,,,,161.38,148.3,137.6,197.7,28.297826771679834,iron/operators/rope/test.py::test_rope
7e6b95b65dcb69d511057cd3d8b565db1e1227e6,2026-04-27 20:54:43,rows_32-cols_512-angle_rows_8-aie_columns_2-method_type_0,5/5,0.4414818,0.3924896,0.3811651,0.5634199,0.0792006458623918,,,,,,170.94,187.8,130.9,193.4,27.503872454619913,n/a
5503a9566e74d9b7c3221a857d903c0e3b1b7a98,2026-05-11 23:33:34,rows_32-cols_512-angle_rows_8-aie_columns_2-method_type_0,5/5,0.4781609,0.4706874,0.4192998,0.5220421,0.042300947720470744,,,,,,155.18,156.6,141.2,175.8,14.09404129410724,iron/operators/rope/test.py::test_rope
7e6b95b65dcb69d511057cd3d8b565db1e1227e6,2026-04-27 20:54:43,rows_32-cols_512-angle_rows_8-aie_columns_4-method_type_0,5/5,0.44609454,0.3502019,0.3196005,0.6191156,0.15360565852566432,,,,,,180.57999999999998,210.5,119.1,230.7,55.6761349233224,n/a
5503a9566e74d9b7c3221a857d903c0e3b1b7a98,2026-05-11 23:33:34,rows_32-cols_512-angle_rows_8-aie_columns_4-method_type_0,5/5,0.33697608,0.3048098,0.193243,0.5328169,0.13695461912990378,,,,,,249.24,241.9,138.4,381.5,97.52767812267449,iron/operators/rope/test.py::test_rope
7e6b95b65dcb69d511057cd3d8b565db1e1227e6,2026-04-27 20:54:43,rows_32-cols_512-angle_rows_8-aie_columns_8-method_type_0,5/5,0.3625818,0.3506532,0.2565291,0.4816274,0.08434874042998507,,,,,,212.54,210.3,153.1,287.4,50.41441262178901,n/a
5503a9566e74d9b7c3221a857d903c0e3b1b7a98,2026-05-11 23:33:34,rows_32-cols_512-angle_rows_8-aie_columns_8-method_type_0,5/5,0.39878864,0.3721588,0.3419317,0.4558709,0.05335125564429576,,,,,,187.48,198.1,161.7,215.6,24.4406832965038,iron/operators/rope/test.py::test_rope
7e6b95b65dcb69d511057cd3d8b565db1e1227e6,2026-04-27 20:54:43,rows_64-cols_128-angle_rows_16-aie_columns_1-method_type_0,5/5,0.24852152,0.2604512,0.2039344,0.2621216,0.02512649154681171,,,,,,149.74,141.5,140.6,180.8,17.453882089667047,n/a
5503a9566e74d9b7c3221a857d903c0e3b1b7a98,2026-05-11 23:33:34,rows_64-cols_128-angle_rows_16-aie_columns_1-method_type_0,5/5,0.19278034,0.1927267,0.175542,0.2083665,0.01336095049661513,,,,,,191.98,191.3,176.9,210.0,13.44049850265979,iron/operators/rope/test.py::test_rope
7e6b95b65dcb69d511057cd3d8b565db1e1227e6,2026-04-27 20:54:43,rows_64-cols_128-angle_rows_16-aie_columns_1-method_type_1,5/5,0.20031692,0.1962762,0.1660152,0.2334494,0.026857994787623293,,,,,,186.74,187.8,157.9,222.1,25.412457574976884,n/a
5503a9566e74d9b7c3221a857d903c0e3b1b7a98,2026-05-11 23:33:34,rows_64-cols_128-angle_rows_16-aie_columns_1-method_type_1,5/5,0.17535298,0.1818855,0.1041365,0.2332545,0.04703214606428246,,,,,,225.9,202.7,158.0,354.0,75.37118149531689,iron/operators/rope/test.py::test_rope
7e6b95b65dcb69d511057cd3d8b565db1e1227e6,2026-04-27 20:54:43,rows_64-cols_128-angle_rows_16-aie_columns_2-method_type_0,5/5,0.19531576,0.2017657,0.173507,0.2204152,0.019719991538106708,,,,,,190.3,182.7,167.2,212.5,19.354973521035884,n/a
5503a9566e74d9b7c3221a857d903c0e3b1b7a98,2026-05-11 23:33:34,rows_64-cols_128-angle_rows_16-aie_columns_2-method_type_0,5/5,0.2226683,0.2289718,0.186306,0.2636212,0.03514395901289438,,,,,,168.98000000000002,161.0,139.8,197.9,27.18799367367883,iron/operators/rope/test.py::test_rope
7e6b95b65dcb69d511057cd3d8b565db1e1227e6,2026-04-27 20:54:43,rows_64-cols_128-angle_rows_16-aie_columns_2-method_type_1,5/5,0.20381592,0.2046715,0.1861564,0.220323,0.01219412297449062,,,,,,181.38,180.1,167.3,198.0,11.005771213322577,n/a
5503a9566e74d9b7c3221a857d903c0e3b1b7a98,2026-05-11 23:33:34,rows_64-cols_128-angle_rows_16-aie_columns_2-method_type_1,5/5,0.21354821999999998,0.2203335,0.1670458,0.2590183,0.03449103153787952,,,,,,176.44,167.3,142.3,220.7,29.72218026996,iron/operators/rope/test.py::test_rope
7e6b95b65dcb69d511057cd3d8b565db1e1227e6,2026-04-27 20:54:43,rows_64-cols_128-angle_rows_16-aie_columns_4-method_type_0,5/5,0.20674048,0.203113,0.1702474,0.2353467,0.024805914681119902,,,,,,180.48,181.5,156.6,216.5,22.96850016870932,n/a
5503a9566e74d9b7c3221a857d903c0e3b1b7a98,2026-05-11 23:33:34,rows_64-cols_128-angle_rows_16-aie_columns_4-method_type_0,5/5,0.22490584,0.2135063,0.2049321,0.2576587,0.023758820702383356,,,,,,165.34,172.7,143.1,179.9,16.732841958256827,iron/operators/rope/test.py::test_rope
7e6b95b65dcb69d511057cd3d8b565db1e1227e6,2026-04-27 20:54:43,rows_64-cols_128-angle_rows_16-aie_columns_4-method_type_1,5/5,0.20861716,0.1859508,0.164958,0.2723062,0.04860554219914639,,,,,,184.12,198.2,135.4,223.5,39.869625029588626,n/a
5503a9566e74d9b7c3221a857d903c0e3b1b7a98,2026-05-11 23:33:34,rows_64-cols_128-angle_rows_16-aie_columns_4-method_type_1,5/5,0.22831022,0.226422,0.2102849,0.2540295,0.018435733674497478,,,,,,162.28,162.8,145.1,175.3,12.84278007286585,iron/operators/rope/test.py::test_rope
7e6b95b65dcb69d511057cd3d8b565db1e1227e6,2026-04-27 20:54:43,rows_64-cols_128-angle_rows_16-aie_columns_8-method_type_0,5/5,0.155701,0.1598349,0.105436,0.2085469,0.047325441841096424,,,,,,256.34000000000003,230.6,176.8,349.6,81.28873230651342,n/a
5503a9566e74d9b7c3221a857d903c0e3b1b7a98,2026-05-11 23:33:34,rows_64-cols_128-angle_rows_16-aie_columns_8-method_type_0,5/5,0.20967684,0.1863333,0.1279729,0.2886675,0.06570662912498251,,,,,,191.32,197.8,127.7,288.1,63.84032424729687,iron/operators/rope/test.py::test_rope
7e6b95b65dcb69d511057cd3d8b565db1e1227e6,2026-04-27 20:54:43,rows_64-cols_128-angle_rows_16-aie_columns_8-method_type_1,5/5,0.18036016,0.191905,0.1177181,0.2142919,0.03733251225444117,,,,,,213.74,192.1,172.0,313.2,56.9801983148532,n/a
5503a9566e74d9b7c3221a857d903c0e3b1b7a98,2026-05-11 23:33:34,rows_64-cols_128-angle_rows_16-aie_columns_8-method_type_1,5/5,0.21203986,0.2055044,0.1409067,0.2742102,0.05837689927246907,,,,,,185.48000000000002,179.4,134.4,261.6,53.70895642255582,iron/operators/rope/test.py::test_rope
7e6b95b65dcb69d511057cd3d8b565db1e1227e6,2026-04-27 20:54:43,rows_64-cols_128-angle_rows_32-aie_columns_1-method_type_0,5/5,0.2271561,0.2158846,0.1835833,0.3054551,0.0478825409428635,,,,,,186.06,189.7,134.1,223.1,34.40018895296943,n/a
5503a9566e74d9b7c3221a857d903c0e3b1b7a98,2026-05-11 23:33:34,rows_64-cols_128-angle_rows_32-aie_columns_1-method_type_0,5/5,0.21510943999999999,0.2360508,0.1285992,0.2621977,0.05432638793287291,,,,,,203.76,173.5,156.2,318.5,67.16761124232423,iron/operators/rope/test.py::test_rope
7e6b95b65dcb69d511057cd3d8b565db1e1227e6,2026-04-27 20:54:43,rows_64-cols_128-angle_rows_32-aie_columns_1-method_type_1,5/5,0.25713852,0.2547184,0.2368328,0.2745989,0.016212822008428995,,,,,,159.8,160.8,149.2,172.9,10.101237547944313,n/a
5503a9566e74d9b7c3221a857d903c0e3b1b7a98,2026-05-11 23:33:34,rows_64-cols_128-angle_rows_32-aie_columns_1-method_type_1,5/5,0.22036688000000001,0.2268171,0.1912598,0.2461568,0.026116944639007836,,,,,,188.06,180.6,166.4,214.2,22.860183726295812,iron/operators/rope/test.py::test_rope
7e6b95b65dcb69d511057cd3d8b565db1e1227e6,2026-04-27 20:54:43,rows_64-cols_128-angle_rows_32-aie_columns_2-method_type_0,5/5,0.23201365999999998,0.2156232,0.1914054,0.3046372,0.04841585857576007,,,,,,182.3,190.0,134.5,214.0,34.67737014250071,n/a
5503a9566e74d9b7c3221a857d903c0e3b1b7a98,2026-05-11 23:33:34,rows_64-cols_128-angle_rows_32-aie_columns_2-method_type_0,5/5,0.22868597999999998,0.2140289,0.209082,0.2747979,0.027977860821317268,,,,,,181.08,191.4,149.1,195.9,20.00767352792423,iron/operators/rope/test.py::test_rope
7e6b95b65dcb69d511057cd3d8b565db1e1227e6,2026-04-27 20:54:43,rows_64-cols_128-angle_rows_32-aie_columns_2-method_type_1,5/5,0.20425874,0.217679,0.151606,0.2356596,0.03479728936552386,,,,,,205.94,188.2,173.8,270.2,39.92628207083649,n/a
5503a9566e74d9b7c3221a857d903c0e3b1b7a98,2026-05-11 23:33:34,rows_64-cols_128-angle_rows_32-aie_columns_2-method_type_1,5/5,0.25091226,0.2437355,0.2155075,0.2954521,0.03480055387853762,,,,,,165.74,168.1,138.6,190.1,22.4936213180537,iron/operators/rope/test.py::test_rope
7e6b95b65dcb69d511057cd3d8b565db1e1227e6,2026-04-27 20:54:43,rows_64-cols_128-angle_rows_32-aie_columns_4-method_type_0,5/5,0.24334634,0.2244297,0.1862004,0.3275018,0.05562530530736888,,,,,,174.98,182.5,125.1,220.0,36.86471212419812,n/a
5503a9566e74d9b7c3221a857d903c0e3b1b7a98,2026-05-11 23:33:34,rows_64-cols_128-angle_rows_32-aie_columns_4-method_type_0,5/5,0.23571094,0.2283637,0.2010603,0.2858259,0.03739654098373271,,,,,,177.22,179.4,143.3,203.7,27.163707405286186,iron/operators/rope/test.py::test_rope
7e6b95b65dcb69d511057cd3d8b565db1e1227e6,2026-04-27 20:54:43,rows_64-cols_128-angle_rows_32-aie_columns_4-method_type_1,5/5,0.22696404,0.2170768,0.1974985,0.268837,0.029639478322382798,,,,,,182.86,188.7,152.4,207.4,22.817493289141115,n/a
5503a9566e74d9b7c3221a857d903c0e3b1b7a98,2026-05-11 23:33:34,rows_64-cols_128-angle_rows_32-aie_columns_4-method_type_1,5/5,0.2248933,0.2267042,0.1595258,0.2753169,0.04669262625484884,,,,,,189.26,180.7,148.8,256.8,43.412417578384186,iron/operators/rope/test.py::test_rope
7e6b95b65dcb69d511057cd3d8b565db1e1227e6,2026-04-27 20:54:43,rows_64-cols_128-angle_rows_32-aie_columns_8-method_type_0,5/5,0.17518976,0.1679769,0.1258994,0.2274254,0.0454045244354899,,,,,,246.9,243.8,180.1,325.3,63.88595307264344,n/a
5503a9566e74d9b7c3221a857d903c0e3b1b7a98,2026-05-11 23:33:34,rows_64-cols_128-angle_rows_32-aie_columns_8-method_type_0,5/5,0.23009738,0.2058395,0.1687652,0.2888963,0.05514587848631119,,,,,,186.34,199.0,141.8,242.7,43.78404960713433,iron/operators/rope/test.py::test_rope
7e6b95b65dcb69d511057cd3d8b565db1e1227e6,2026-04-27 20:54:43,rows_64-cols_128-angle_rows_32-aie_columns_8-method_type_1,5/5,0.19703742000000002,0.1862089,0.1230758,0.2574773,0.051966490943366576,,,,,,221.84,220.0,159.1,332.8,67.94301288580012,n/a
5503a9566e74d9b7c3221a857d903c0e3b1b7a98,2026-05-11 23:33:34,rows_64-cols_128-angle_rows_32-aie_columns_8-method_type_1,5/5,0.2276002,0.2240578,0.1828343,0.2929334,0.04029347516639636,,,,,,184.14000000000001,182.8,139.8,224.0,30.085843847231537,iron/operators/rope/test.py::test_rope
7e6b95b65dcb69d511057cd3d8b565db1e1227e6,2026-04-27 20:54:43,rows_64-cols_128-angle_rows_8-aie_columns_1-method_type_0,5/5,0.16919696,0.1791315,0.1081403,0.2173772,0.04003962532314707,,,,,,217.28,194.4,160.2,322.0,62.10838912739567,n/a
5503a9566e74d9b7c3221a857d903c0e3b1b7a98,2026-05-11 23:33:34,rows_64-cols_128-angle_rows_8-aie_columns_1-method_type_0,5/5,0.19371713999999998,0.2045521,0.1576155,0.2259253,0.03163523841775181,,,,,,183.8,170.2,154.1,220.9,31.350837309392553,iron/operators/rope/test.py::test_rope
7e6b95b65dcb69d511057cd3d8b565db1e1227e6,2026-04-27 20:54:43,rows_64-cols_128-angle_rows_8-aie_columns_1-method_type_1,5/5,0.20485982,0.185967,0.1705095,0.269858,0.04126178620390784,,,,,,174.96,187.2,129.0,204.2,31.23832581941612,n/a
5503a9566e74d9b7c3221a857d903c0e3b1b7a98,2026-05-11 23:33:34,rows_64-cols_128-angle_rows_8-aie_columns_1-method_type_1,5/5,0.19685362,0.178221,0.1572233,0.2904965,0.053189183686413156,,,,,,185.04000000000002,195.4,119.8,221.4,38.2806478524071,iron/operators/rope/test.py::test_rope
7e6b95b65dcb69d511057cd3d8b565db1e1227e6,2026-04-27 20:54:43,rows_64-cols_128-angle_rows_8-aie_columns_2-method_type_0,5/5,0.18821644,0.1906504,0.1656564,0.2195194,0.02152536785999254,,,,,,186.85999999999999,182.6,158.6,210.2,20.78937228489595,n/a
5503a9566e74d9b7c3221a857d903c0e3b1b7a98,2026-05-11 23:33:34,rows_64-cols_128-angle_rows_8-aie_columns_2-method_type_0,5/5,0.21022978,0.1932022,0.1842984,0.25139,0.029909290886144396,,,,,,168.18,180.2,138.5,188.9,22.54987804845073,iron/operators/rope/test.py::test_rope
7e6b95b65dcb69d511057cd3d8b565db1e1227e6,2026-04-27 20:54:43,rows_64-cols_128-angle_rows_8-aie_columns_2-method_type_1,5/5,0.2251486,0.2305741,0.1921148,0.2646598,0.029148460316026987,,,,,,156.72,151.0,131.6,181.2,20.164622485928167,n/a
5503a9566e74d9b7c3221a857d903c0e3b1b7a98,2026-05-11 23:33:34,rows_64-cols_128-angle_rows_8-aie_columns_2-method_type_1,5/5,0.22072598,0.2313847,0.1987385,0.2359895,0.01811243806910047,,,,,,158.62,150.5,147.5,175.2,13.427099463398633,iron/operators/rope/test.py::test_rope
7e6b95b65dcb69d511057cd3d8b565db1e1227e6,2026-04-27 20:54:43,rows_64-cols_128-angle_rows_8-aie_columns_4-method_type_0,5/5,0.19653004,0.2003453,0.1605149,0.2190485,0.02168836533208532,,,,,,179.1,173.8,158.9,216.9,22.094230016001916,n/a
5503a9566e74d9b7c3221a857d903c0e3b1b7a98,2026-05-11 23:33:34,rows_64-cols_128-angle_rows_8-aie_columns_4-method_type_0,5/5,0.19886776,0.2239446,0.1155618,0.2539794,0.056993022591568174,,,,,,190.38,155.5,137.1,301.3,68.03474847458467,iron/operators/rope/test.py::test_rope
7e6b95b65dcb69d511057cd3d8b565db1e1227e6,2026-04-27 20:54:43,rows_64-cols_128-angle_rows_8-aie_columns_4-method_type_1,5/5,0.21033865999999998,0.1932901,0.1648391,0.2923356,0.050226795110906684,,,,,,172.22,180.1,119.1,211.2,35.517277485753326,n/a
5503a9566e74d9b7c3221a857d903c0e3b1b7a98,2026-05-11 23:33:34,rows_64-cols_128-angle_rows_8-aie_columns_4-method_type_1,5/5,0.19978236,0.2073603,0.1594964,0.2440608,0.03454415882436566,,,,,,178.6,167.9,142.7,218.3,31.387258561397175,iron/operators/rope/test.py::test_rope
7e6b95b65dcb69d511057cd3d8b565db1e1227e6,2026-04-27 20:54:43,rows_64-cols_128-angle_rows_8-aie_columns_8-method_type_0,5/5,0.16499856,0.1664022,0.1443336,0.1915335,0.018331926516681217,,,,,,213.04,209.2,181.8,241.2,23.132401518216817,n/a
5503a9566e74d9b7c3221a857d903c0e3b1b7a98,2026-05-11 23:33:34,rows_64-cols_128-angle_rows_8-aie_columns_8-method_type_0,5/5,0.20131184,0.1967139,0.1564659,0.2467662,0.03315591213053865,,,,,,176.85999999999999,177.0,141.1,222.5,30.075122609891388,iron/operators/rope/test.py::test_rope
7e6b95b65dcb69d511057cd3d8b565db1e1227e6,2026-04-27 20:54:43,rows_64-cols_128-angle_rows_8-aie_columns_8-method_type_1,5/5,0.1721508,0.1835029,0.1071202,0.227346,0.044850058645056416,,,,,,215.7,189.7,153.1,325.0,66.47499529898441,n/a
5503a9566e74d9b7c3221a857d903c0e3b1b7a98,2026-05-11 23:33:34,rows_64-cols_128-angle_rows_8-aie_columns_8-method_type_1,5/5,0.20006146,0.1782757,0.1561284,0.2659537,0.05102494434355613,,,,,,182.82,195.3,130.9,223.0,43.347283651919874,iron/operators/rope/test.py::test_rope
7e6b95b65dcb69d511057cd3d8b565db1e1227e6,2026-04-27 20:54:43,seq_len_16384-dim_64-num_heads_1-num_pipelines_4-num_kv_heads_0,5/5,0.20643282,0.2065895,0.2053935,0.2069295,0.0006012296291767339,,,,,,40636.28,40605.2,40538.5,40841.6,118.72079430327226,n/a
5503a9566e74d9b7c3221a857d903c0e3b1b7a98,2026-05-11 23:33:34,seq_len_16384-dim_64-num_heads_1-num_pipelines_4-num_kv_heads_0,5/5,0.20665414000000001,0.2065382,0.2057328,0.2078856,0.0007977080092364654,,,,,,40592.98,40615.3,40352.0,40774.3,156.4108595974087,iron/operators/mha/test.py::test_mha
7e6b95b65dcb69d511057cd3d8b565db1e1227e6,2026-04-27 20:54:43,seq_len_16384-dim_64-num_heads_1-num_pipelines_8-num_kv_heads_0,5/5,0.20664736,0.2065448,0.2064498,0.2070032,0.000217581221616206,,,,,,40593.88,40614.0,40524.1,40632.7,42.69018622587643,n/a
5503a9566e74d9b7c3221a857d903c0e3b1b7a98,2026-05-11 23:33:34,seq_len_16384-dim_64-num_heads_1-num_pipelines_8-num_kv_heads_0,5/5,0.20577446,0.2056828,0.2053349,0.2067061,0.0005564356593533552,,,,,,40766.28,40784.2,40582.3,40853.3,109.95497714973968,iron/operators/mha/test.py::test_mha
7e6b95b65dcb69d511057cd3d8b565db1e1227e6,2026-04-27 20:54:43,seq_len_16384-dim_64-num_heads_8-num_pipelines_8-num_kv_heads_2,5/5,0.13103818,0.1310324,0.1310226,0.13107,1.927542476834331e-05,,,,,,320082.52,320096.7,320004.8,320120.6,47.0863780726504,n/a
5503a9566e74d9b7c3221a857d903c0e3b1b7a98,2026-05-11 23:33:34,seq_len_16384-dim_64-num_heads_8-num_pipelines_8-num_kv_heads_2,5/5,0.13106004,0.1310409,0.1309913,0.1311213,5.706739874919393e-05,,,,,,320029.26,320076.0,319879.6,320197.2,139.40429692086335,iron/operators/mha/test.py::test_mha
7e6b95b65dcb69d511057cd3d8b565db1e1227e6,2026-04-27 20:54:43,seq_len_256-embedding_dim_2048-hidden_dim_2048-prio_accuracy_False,5/5,0.22092,0.1932,0.183,0.2786,0.04651335292149987,,,,,,9816.382,10855.13,7527.95,11461.22,1920.572957757658,n/a
5503a9566e74d9b7c3221a857d903c0e3b1b7a98,2026-05-11 23:33:34,seq_len_256-embedding_dim_2048-hidden_dim_2048-prio_accuracy_False,5/5,0.2118,0.241,0.1499,0.2748,0.057699090114143044,,,,,,10576.826,8702.74,7630.9,13993.22,3110.5456741350063,iron/operators/swiglu_prefill/test.py::test_swiglu_prefill
