Commit,Date,Test Path,Test,Checks,Latency (mean),Latency (median),Latency (min),Latency (max),Latency (stddev),Bandwidth (mean),Bandwidth (median),Bandwidth (min),Bandwidth (max),Bandwidth (stddev),Throughput (mean),Throughput (median),Throughput (min),Throughput (max),Throughput (stddev)
8982f0cf1df89c0639f7b4f65dfdf9c92a26eb2e,2026-08-28 19:05:24,iron/operators/axpy/test.py::test_axpy,input_length_1024-num_aie_columns_1-tile_size_1024-scalar_factor_10.0,5/5,170.54,173.1,138.1,190.2,20.51762656839236,0.036486602,0.03548799,0.03229893,0.04447887,0.00484185843489047,,,,,
8982f0cf1df89c0639f7b4f65dfdf9c92a26eb2e,2026-08-28 19:05:24,iron/operators/axpy/test.py::test_axpy,input_length_1024-num_aie_columns_1-tile_size_1024-scalar_factor_3.0,5/5,173.79999999999998,163.2,153.2,222.1,27.800449636651564,0.035974686,0.03765837,0.02766035,0.04009371,0.004897075857354059,,,,,
8982f0cf1df89c0639f7b4f65dfdf9c92a26eb2e,2026-08-28 19:05:24,iron/operators/axpy/test.py::test_axpy,input_length_1024-num_aie_columns_2-tile_size_512-scalar_factor_10.0,5/5,186.2,177.5,138.4,241.7,41.86072144624361,0.034353640000000005,0.03462052,0.02541679,0.04438248,0.00762374792948652,,,,,
8982f0cf1df89c0639f7b4f65dfdf9c92a26eb2e,2026-08-28 19:05:24,iron/operators/axpy/test.py::test_axpy,input_length_1024-num_aie_columns_2-tile_size_512-scalar_factor_3.0,5/5,187.08,175.9,166.1,244.3,32.37625673236485,0.033499406,0.03493211,0.02514683,0.03698175,0.00478137042619373,,,,,
8982f0cf1df89c0639f7b4f65dfdf9c92a26eb2e,2026-08-28 19:05:24,iron/operators/axpy/test.py::test_axpy,input_length_1024-num_aie_columns_4-tile_size_256-scalar_factor_10.0,5/5,176.44,172.7,166.3,190.4,9.3363804549729,0.034896416,0.03557017,0.03227009,0.03694839,0.00180408532408531,,,,,
8982f0cf1df89c0639f7b4f65dfdf9c92a26eb2e,2026-08-28 19:05:24,iron/operators/axpy/test.py::test_axpy,input_length_1024-num_aie_columns_4-tile_size_256-scalar_factor_3.0,5/5,180.16,175.7,159.1,201.9,16.35230870550089,0.03432301,0.03496372,0.03042714,0.03860921,0.0031164494187295895,,,,,
8982f0cf1df89c0639f7b4f65dfdf9c92a26eb2e,2026-08-28 19:05:24,iron/operators/axpy/test.py::test_axpy,input_length_1024-num_aie_columns_8-tile_size_128-scalar_factor_10.0,5/5,200.24,204.2,142.7,229.6,34.52336889702394,0.031590758,0.0300883,0.02676343,0.04305174,0.006622008660011703,,,,,
8982f0cf1df89c0639f7b4f65dfdf9c92a26eb2e,2026-08-28 19:05:24,iron/operators/axpy/test.py::test_axpy,input_length_1024-num_aie_columns_8-tile_size_128-scalar_factor_3.0,5/5,193.07999999999998,199.2,155.8,220.6,25.33085075555102,0.032301476,0.03084198,0.02785763,0.03944378,0.004572660087282892,,,,,
8982f0cf1df89c0639f7b4f65dfdf9c92a26eb2e,2026-08-28 19:05:24,iron/operators/axpy/test.py::test_axpy,input_length_2048-num_aie_columns_1-tile_size_2048-scalar_factor_10.0,5/5,197.7,203.2,174.5,213.5,17.426560188402068,0.062557958,0.06047333,0.05755315,0.0704135,0.00570107943983155,,,,,
8982f0cf1df89c0639f7b4f65dfdf9c92a26eb2e,2026-08-28 19:05:24,iron/operators/axpy/test.py::test_axpy,input_length_2048-num_aie_columns_1-tile_size_2048-scalar_factor_3.0,5/5,192.24,189.7,149.1,238.8,34.29836730808043,0.065588712,0.06476879,0.05144759,0.08243992,0.011858433333660478,,,,,
8982f0cf1df89c0639f7b4f65dfdf9c92a26eb2e,2026-08-28 19:05:24,iron/operators/axpy/test.py::test_axpy,input_length_2048-num_aie_columns_2-tile_size_1024-scalar_factor_10.0,5/5,160.78,164.6,135.7,180.3,20.56859256244822,0.07746429,0.07463829,0.0681595,0.09052067,0.010210757502861871,,,,,
8982f0cf1df89c0639f7b4f65dfdf9c92a26eb2e,2026-08-28 19:05:24,iron/operators/axpy/test.py::test_axpy,input_length_2048-num_aie_columns_2-tile_size_1024-scalar_factor_3.0,5/5,185.68,173.5,144.6,226.1,33.58328453263617,0.067952026,0.07084054,0.05435004,0.08495869,0.012360403310911015,,,,,
8982f0cf1df89c0639f7b4f65dfdf9c92a26eb2e,2026-08-28 19:05:24,iron/operators/axpy/test.py::test_axpy,input_length_2048-num_aie_columns_4-tile_size_512-scalar_factor_10.0,5/5,175.6,168.6,156.7,208.0,19.656678254476265,0.070628344,0.07286484,0.05908374,0.07843838,0.0072815053834856145,,,,,
8982f0cf1df89c0639f7b4f65dfdf9c92a26eb2e,2026-08-28 19:05:24,iron/operators/axpy/test.py::test_axpy,input_length_2048-num_aie_columns_4-tile_size_512-scalar_factor_3.0,5/5,186.94,191.3,146.0,215.4,25.22157806323784,0.06681764,0.06422244,0.05704471,0.08416554,0.010201951858000016,,,,,
8982f0cf1df89c0639f7b4f65dfdf9c92a26eb2e,2026-08-28 19:05:24,iron/operators/axpy/test.py::test_axpy,input_length_2048-num_aie_columns_8-tile_size_256-scalar_factor_10.0,5/5,188.32,193.6,156.9,219.6,29.82443628972725,0.066612802,0.06348452,0.0559517,0.07829295,0.01081529477844779,,,,,
8982f0cf1df89c0639f7b4f65dfdf9c92a26eb2e,2026-08-28 19:05:24,iron/operators/axpy/test.py::test_axpy,input_length_2048-num_aie_columns_8-tile_size_256-scalar_factor_3.0,5/5,179.54000000000002,179.9,146.9,230.8,33.82429600154303,0.07029772,0.06830765,0.05325013,0.08364305,0.012438753960915861,,,,,
8982f0cf1df89c0639f7b4f65dfdf9c92a26eb2e,2026-08-28 19:05:24,iron/operators/axpy/test.py::test_axpy,input_length_4096-num_aie_columns_1-tile_size_4096-scalar_factor_10.0,5/5,147.84,162.0,96.3,168.0,29.50581298659639,0.17357476,0.1517056,0.1462953,0.2552476,0.04607789223719984,,,,,
8982f0cf1df89c0639f7b4f65dfdf9c92a26eb2e,2026-08-28 19:05:24,iron/operators/axpy/test.py::test_axpy,input_length_4096-num_aie_columns_1-tile_size_4096-scalar_factor_3.0,5/5,160.08,159.6,125.0,182.4,22.590860984035118,0.15628078,0.1540004,0.1347095,0.1966741,0.02457097877735032,,,,,
8982f0cf1df89c0639f7b4f65dfdf9c92a26eb2e,2026-08-28 19:05:24,iron/operators/axpy/test.py::test_axpy,input_length_4096-num_aie_columns_2-tile_size_2048-scalar_factor_10.0,5/5,162.16,153.2,148.9,195.0,19.164367978099357,0.15309142,0.1604576,0.1260301,0.1651025,0.016109960110037517,,,,,
8982f0cf1df89c0639f7b4f65dfdf9c92a26eb2e,2026-08-28 19:05:24,iron/operators/axpy/test.py::test_axpy,input_length_4096-num_aie_columns_2-tile_size_2048-scalar_factor_3.0,5/5,152.34,143.6,130.4,198.8,26.748420514116347,0.1647546,0.1711862,0.123641,0.188527,0.02442168980568298,,,,,
8982f0cf1df89c0639f7b4f65dfdf9c92a26eb2e,2026-08-28 19:05:24,iron/operators/axpy/test.py::test_axpy,input_length_4096-num_aie_columns_4-tile_size_1024-scalar_factor_10.0,5/5,193.54,201.8,139.1,230.3,33.74171009299914,0.13069954,0.1217574,0.106732,0.1766596,0.02693160432387941,,,,,
8982f0cf1df89c0639f7b4f65dfdf9c92a26eb2e,2026-08-28 19:05:24,iron/operators/axpy/test.py::test_axpy,input_length_4096-num_aie_columns_4-tile_size_1024-scalar_factor_3.0,5/5,178.32,184.6,136.2,208.9,29.00236197277733,0.14107612,0.133152,0.1176234,0.1804816,0.025214627596536098,,,,,
8982f0cf1df89c0639f7b4f65dfdf9c92a26eb2e,2026-08-28 19:05:24,iron/operators/axpy/test.py::test_axpy,input_length_4096-num_aie_columns_8-tile_size_512-scalar_factor_10.0,5/5,193.06,192.3,166.9,229.2,24.282977576895295,0.12885997999999999,0.1278229,0.1072031,0.1472437,0.015608303776419785,,,,,
8982f0cf1df89c0639f7b4f65dfdf9c92a26eb2e,2026-08-28 19:05:24,iron/operators/axpy/test.py::test_axpy,input_length_4096-num_aie_columns_8-tile_size_512-scalar_factor_3.0,5/5,227.42000000000002,227.0,145.3,333.8,68.86822198953593,0.11613546599999999,0.1082872,0.07363243,0.1691199,0.0348453060072986,,,,,
8982f0cf1df89c0639f7b4f65dfdf9c92a26eb2e,2026-08-28 19:05:24,iron/operators/axpy/test.py::test_axpy,input_length_8192-num_aie_columns_1-tile_size_8192-scalar_factor_10.0,5/5,179.44,181.3,114.6,221.6,41.89872313090221,0.28910684000000003,0.2711311,0.2218231,0.4288332,0.0827940198689978,,,,,
8982f0cf1df89c0639f7b4f65dfdf9c92a26eb2e,2026-08-28 19:05:24,iron/operators/axpy/test.py::test_axpy,input_length_8192-num_aie_columns_1-tile_size_8192-scalar_factor_3.0,5/5,186.64000000000001,186.8,163.9,223.1,23.394507902497114,0.26646722,0.263063,0.2202891,0.2998499,0.03149860770569075,,,,,
8982f0cf1df89c0639f7b4f65dfdf9c92a26eb2e,2026-08-28 19:05:24,iron/operators/axpy/test.py::test_axpy,input_length_8192-num_aie_columns_2-tile_size_4096-scalar_factor_10.0,5/5,183.52,180.5,146.9,220.4,26.306691164036575,0.27238542,0.2723193,0.2230137,0.3344834,0.04027275921832274,,,,,
8982f0cf1df89c0639f7b4f65dfdf9c92a26eb2e,2026-08-28 19:05:24,iron/operators/axpy/test.py::test_axpy,input_length_8192-num_aie_columns_2-tile_size_4096-scalar_factor_3.0,5/5,188.9,191.5,109.4,238.7,49.30025354904374,0.28011212,0.256663,0.2059551,0.449131,0.09742222751131797,,,,,
8982f0cf1df89c0639f7b4f65dfdf9c92a26eb2e,2026-08-28 19:05:24,iron/operators/axpy/test.py::test_axpy,input_length_8192-num_aie_columns_4-tile_size_2048-scalar_factor_10.0,5/5,219.66,187.8,155.1,372.9,88.74814364255738,0.2466568,0.2617838,0.1317925,0.3169972,0.07261254945823759,,,,,
8982f0cf1df89c0639f7b4f65dfdf9c92a26eb2e,2026-08-28 19:05:24,iron/operators/axpy/test.py::test_axpy,input_length_8192-num_aie_columns_4-tile_size_2048-scalar_factor_3.0,5/5,181.28,172.4,125.6,241.2,42.09456021863157,0.28361898,0.2851573,0.2037811,0.3912161,0.06899868810964453,,,,,
8982f0cf1df89c0639f7b4f65dfdf9c92a26eb2e,2026-08-28 19:05:24,iron/operators/axpy/test.py::test_axpy,input_length_8192-num_aie_columns_8-tile_size_1024-scalar_factor_10.0,5/5,185.58,188.9,154.1,202.0,19.150378586336096,0.2673871,0.2601888,0.2432846,0.319059,0.03057486665858086,,,,,
8982f0cf1df89c0639f7b4f65dfdf9c92a26eb2e,2026-08-28 19:05:24,iron/operators/axpy/test.py::test_axpy,input_length_8192-num_aie_columns_8-tile_size_1024-scalar_factor_3.0,5/5,197.86,210.3,164.8,226.9,29.59988175652058,0.25316568,0.2337121,0.2166508,0.2982832,0.03959286437626104,,,,,
8982f0cf1df89c0639f7b4f65dfdf9c92a26eb2e,2026-08-28 19:05:24,iron/operators/dequant/test.py::test_dequant,input_length_1024-num_aie_columns_1-num_channels_1-tile_size_1024-group_size_32,5/5,157.07999999999998,163.6,114.6,214.3,38.86781444846109,0.017521962,0.01604098,0.01224577,0.02290343,0.00420336656310986,,,,,
8982f0cf1df89c0639f7b4f65dfdf9c92a26eb2e,2026-08-28 19:05:24,iron/operators/dequant/test.py::test_dequant,input_length_1024-num_aie_columns_1-num_channels_2-tile_size_512-group_size_32,5/5,166.36,158.9,137.8,231.3,37.57602959334581,0.016311334,0.01651228,0.01134403,0.01904444,0.0030041315075375777,,,,,
8982f0cf1df89c0639f7b4f65dfdf9c92a26eb2e,2026-08-28 19:05:24,iron/operators/dequant/test.py::test_dequant,input_length_1024-num_aie_columns_2-num_channels_1-tile_size_512-group_size_32,5/5,164.84,160.6,113.3,229.1,41.35327072916966,0.016724806000000002,0.01633609,0.01145371,0.02316261,0.004174059948123649,,,,,
8982f0cf1df89c0639f7b4f65dfdf9c92a26eb2e,2026-08-28 19:05:24,iron/operators/dequant/test.py::test_dequant,input_length_1024-num_aie_columns_2-num_channels_2-tile_size_256-group_size_32,5/5,195.26,200.3,142.6,233.5,34.53220236243266,0.013826643999999999,0.01310094,0.01123648,0.01839699,0.0027814642483645186,,,,,
8982f0cf1df89c0639f7b4f65dfdf9c92a26eb2e,2026-08-28 19:05:24,iron/operators/dequant/test.py::test_dequant,input_length_1024-num_aie_columns_4-num_channels_1-tile_size_256-group_size_32,5/5,197.66,203.5,176.9,208.7,13.053850006798754,0.013323536,0.01289194,0.01257018,0.01483433,0.0009310330413202315,,,,,
8982f0cf1df89c0639f7b4f65dfdf9c92a26eb2e,2026-08-28 19:05:24,iron/operators/dequant/test.py::test_dequant,input_length_1024-num_aie_columns_4-num_channels_2-tile_size_128-group_size_32,5/5,222.26,224.9,183.5,290.3,43.412590339669904,0.012141783599999999,0.01166803,0.009037898,0.01429747,0.002177949294488923,,,,,
8982f0cf1df89c0639f7b4f65dfdf9c92a26eb2e,2026-08-28 19:05:24,iron/operators/dequant/test.py::test_dequant,input_length_1024-num_aie_columns_8-num_channels_1-tile_size_128-group_size_32,5/5,201.6,191.4,183.7,253.2,29.056754808477837,0.013201830000000001,0.01370851,0.0103645,0.01428649,0.0016075128572891728,,,,,
8982f0cf1df89c0639f7b4f65dfdf9c92a26eb2e,2026-08-28 19:05:24,iron/operators/dequant/test.py::test_dequant,input_length_1024-num_aie_columns_8-num_channels_2-tile_size_64-group_size_32,5/5,204.73999999999998,204.1,175.2,231.2,19.95990981943556,0.01291806,0.01285468,0.01135095,0.01497683,0.0013077679573800544,,,,,
8982f0cf1df89c0639f7b4f65dfdf9c92a26eb2e,2026-08-28 19:05:24,iron/operators/dequant/test.py::test_dequant,input_length_2048-num_aie_columns_1-num_channels_1-tile_size_2048-group_size_32,5/5,158.26,141.5,131.0,208.5,33.36769395687991,0.034251562,0.03708834,0.02516821,0.04006137,0.006484101706826474,,,,,
8982f0cf1df89c0639f7b4f65dfdf9c92a26eb2e,2026-08-28 19:05:24,iron/operators/dequant/test.py::test_dequant,input_length_2048-num_aie_columns_1-num_channels_2-tile_size_1024-group_size_32,5/5,167.26,169.1,125.7,216.4,33.3443098594048,0.032382179999999997,0.03102902,0.02425004,0.04174721,0.0064415532432209235,,,,,
8982f0cf1df89c0639f7b4f65dfdf9c92a26eb2e,2026-08-28 19:05:24,iron/operators/dequant/test.py::test_dequant,input_length_2048-num_aie_columns_2-num_channels_1-tile_size_1024-group_size_32,5/5,161.36,171.3,123.4,182.0,24.10006224058353,0.033191132,0.03062809,0.02883406,0.04251975,0.005654532578734515,,,,,
8982f0cf1df89c0639f7b4f65dfdf9c92a26eb2e,2026-08-28 19:05:24,iron/operators/dequant/test.py::test_dequant,input_length_2048-num_aie_columns_2-num_channels_2-tile_size_512-group_size_32,5/5,199.6,181.2,163.9,265.7,40.25102483167353,0.027051198000000002,0.02896647,0.01974974,0.03202304,0.004749488838498309,,,,,
8982f0cf1df89c0639f7b4f65dfdf9c92a26eb2e,2026-08-28 19:05:24,iron/operators/dequant/test.py::test_dequant,input_length_2048-num_aie_columns_4-num_channels_1-tile_size_512-group_size_32,5/5,190.14000000000001,175.8,157.6,248.6,35.03324135731662,0.028265842,0.02984616,0.02110742,0.03331006,0.004559185024795551,,,,,
8982f0cf1df89c0639f7b4f65dfdf9c92a26eb2e,2026-08-28 19:05:24,iron/operators/dequant/test.py::test_dequant,input_length_2048-num_aie_columns_4-num_channels_2-tile_size_256-group_size_32,5/5,175.7,172.5,146.4,203.6,21.246411461703357,0.030226886,0.03042336,0.02576996,0.035835,0.0037544653757332737,,,,,
8982f0cf1df89c0639f7b4f65dfdf9c92a26eb2e,2026-08-28 19:05:24,iron/operators/dequant/test.py::test_dequant,input_length_2048-num_aie_columns_8-num_channels_1-tile_size_256-group_size_32,5/5,160.08,171.8,116.7,199.6,33.88638369611015,0.034080418,0.03054413,0.02629522,0.04496924,0.007730995973017966,,,,,
8982f0cf1df89c0639f7b4f65dfdf9c92a26eb2e,2026-08-28 19:05:24,iron/operators/dequant/test.py::test_dequant,input_length_2048-num_aie_columns_8-num_channels_2-tile_size_128-group_size_32,5/5,209.42,203.0,184.7,240.1,22.926338565065294,0.025295750000000002,0.02585273,0.02185874,0.02841641,0.0027026460265173456,,,,,
8982f0cf1df89c0639f7b4f65dfdf9c92a26eb2e,2026-08-28 19:05:24,iron/operators/dequant/test.py::test_dequant,input_length_4096-num_aie_columns_1-num_channels_1-tile_size_4096-group_size_32,5/5,147.9,139.0,123.3,173.9,24.294546713202944,0.0724791,0.07550808,0.06034577,0.08512226,0.01154985494635539,,,,,
8982f0cf1df89c0639f7b4f65dfdf9c92a26eb2e,2026-08-28 19:05:24,iron/operators/dequant/test.py::test_dequant,input_length_4096-num_aie_columns_1-num_channels_2-tile_size_2048-group_size_32,5/5,184.2,195.6,140.3,213.7,29.00043103127951,0.05827024,0.05367343,0.04910938,0.07482872,0.01029097428217319,,,,,
8982f0cf1df89c0639f7b4f65dfdf9c92a26eb2e,2026-08-28 19:05:24,iron/operators/dequant/test.py::test_dequant,input_length_4096-num_aie_columns_2-num_channels_1-tile_size_2048-group_size_32,5/5,200.35999999999999,188.9,165.5,265.9,39.60350994545811,0.053839304000000004,0.05556673,0.03947096,0.06343719,0.009268870208627373,,,,,
8982f0cf1df89c0639f7b4f65dfdf9c92a26eb2e,2026-08-28 19:05:24,iron/operators/dequant/test.py::test_dequant,input_length_4096-num_aie_columns_2-num_channels_2-tile_size_1024-group_size_32,5/5,164.56,180.6,108.0,210.8,44.16455592440617,0.068122954,0.05812575,0.04979812,0.09718968,0.020406176514806248,,,,,
8982f0cf1df89c0639f7b4f65dfdf9c92a26eb2e,2026-08-28 19:05:24,iron/operators/dequant/test.py::test_dequant,input_length_4096-num_aie_columns_4-num_channels_1-tile_size_1024-group_size_32,5/5,152.24,161.3,108.2,183.2,28.388606869658112,0.07122972,0.06505637,0.05729946,0.09700913,0.015483358156246336,,,,,
8982f0cf1df89c0639f7b4f65dfdf9c92a26eb2e,2026-08-28 19:05:24,iron/operators/dequant/test.py::test_dequant,input_length_4096-num_aie_columns_4-num_channels_2-tile_size_512-group_size_32,5/5,178.84,179.8,151.5,194.1,17.087363752200044,0.059157384,0.05836851,0.05408107,0.06928144,0.006119768482531017,,,,,
8982f0cf1df89c0639f7b4f65dfdf9c92a26eb2e,2026-08-28 19:05:24,iron/operators/dequant/test.py::test_dequant,input_length_4096-num_aie_columns_8-num_channels_1-tile_size_512-group_size_32,5/5,195.44,186.8,174.4,225.9,20.552688388626922,0.054164536,0.05618092,0.04645892,0.06020006,0.00544592312571799,,,,,
8982f0cf1df89c0639f7b4f65dfdf9c92a26eb2e,2026-08-28 19:05:24,iron/operators/dequant/test.py::test_dequant,input_length_4096-num_aie_columns_8-num_channels_2-tile_size_256-group_size_32,5/5,212.72,207.0,189.9,239.7,22.51437318692217,0.049778084,0.05069454,0.04378515,0.05526217,0.005176387215151123,,,,,
8982f0cf1df89c0639f7b4f65dfdf9c92a26eb2e,2026-08-28 19:05:24,iron/operators/dequant/test.py::test_dequant,input_length_8192-num_aie_columns_1-num_channels_1-tile_size_8192-group_size_32,5/5,177.06,173.2,159.4,204.8,16.92093378037986,0.11936268,0.1211869,0.102515,0.1316658,0.010682012825165491,,,,,
8982f0cf1df89c0639f7b4f65dfdf9c92a26eb2e,2026-08-28 19:05:24,iron/operators/dequant/test.py::test_dequant,input_length_8192-num_aie_columns_1-num_channels_2-tile_size_4096-group_size_32,5/5,189.1,167.0,156.0,276.3,49.644435740574195,0.11588503800000001,0.1256645,0.07598749,0.1345839,0.02335024667055404,,,,,
8982f0cf1df89c0639f7b4f65dfdf9c92a26eb2e,2026-08-28 19:05:24,iron/operators/dequant/test.py::test_dequant,input_length_8192-num_aie_columns_2-num_channels_1-tile_size_4096-group_size_32,5/5,173.82,161.3,142.6,220.2,33.82435513058601,0.1243035,0.1301612,0.0953142,0.1472276,0.022763663632201208,,,,,
8982f0cf1df89c0639f7b4f65dfdf9c92a26eb2e,2026-08-28 19:05:24,iron/operators/dequant/test.py::test_dequant,input_length_8192-num_aie_columns_2-num_channels_2-tile_size_2048-group_size_32,5/5,180.88,172.0,126.2,280.3,59.74292426723018,0.12485995,0.1220132,0.07490375,0.1663787,0.03438411317596398,,,,,
8982f0cf1df89c0639f7b4f65dfdf9c92a26eb2e,2026-08-28 19:05:24,iron/operators/dequant/test.py::test_dequant,input_length_8192-num_aie_columns_4-num_channels_1-tile_size_2048-group_size_32,5/5,171.38,161.7,142.2,231.0,35.97668689582186,0.126293026,0.1297902,0.09087053,0.147674,0.02285550862340149,,,,,
8982f0cf1df89c0639f7b4f65dfdf9c92a26eb2e,2026-08-28 19:05:24,iron/operators/dequant/test.py::test_dequant,input_length_8192-num_aie_columns_4-num_channels_2-tile_size_1024-group_size_32,5/5,186.44,187.1,171.3,204.4,13.520835772983855,0.11306396,0.1122051,0.102691,0.1225266,0.008143273642890797,,,,,
8982f0cf1df89c0639f7b4f65dfdf9c92a26eb2e,2026-08-28 19:05:24,iron/operators/dequant/test.py::test_dequant,input_length_8192-num_aie_columns_8-num_channels_1-tile_size_1024-group_size_32,5/5,181.3,176.9,132.9,236.8,37.031810649764346,0.119742008,0.1186411,0.08863704,0.1579498,0.024816084054808486,,,,,
8982f0cf1df89c0639f7b4f65dfdf9c92a26eb2e,2026-08-28 19:05:24,iron/operators/dequant/test.py::test_dequant,input_length_8192-num_aie_columns_8-num_channels_2-tile_size_512-group_size_32,5/5,209.26,208.6,189.1,230.7,17.448868158135642,0.100874232,0.1006487,0.09098119,0.11101,0.00840252751967942,,,,,
8982f0cf1df89c0639f7b4f65dfdf9c92a26eb2e,2026-08-28 19:05:24,iron/operators/elementwise_add/test.py::test_elementwise_add,input_length_1024-num_aie_columns_1-tile_size_1024,5/5,154.72,154.9,125.3,196.2,28.136666469217705,0.040737212,0.03966814,0.03132233,0.04904645,0.007091786998597038,,,,,
8982f0cf1df89c0639f7b4f65dfdf9c92a26eb2e,2026-08-28 19:05:24,iron/operators/elementwise_add/test.py::test_elementwise_add,input_length_1024-num_aie_columns_2-tile_size_512,5/5,153.92,157.5,133.6,172.9,15.385772648781732,0.040248022,0.03900952,0.03553109,0.04599698,0.004120020905034341,,,,,
8982f0cf1df89c0639f7b4f65dfdf9c92a26eb2e,2026-08-28 19:05:24,iron/operators/elementwise_add/test.py::test_elementwise_add,input_length_1024-num_aie_columns_4-tile_size_256,5/5,175.58,171.5,138.4,219.1,30.2603205534905,0.035824666,0.03582591,0.02804493,0.04437928,0.0061064121945075085,,,,,
8982f0cf1df89c0639f7b4f65dfdf9c92a26eb2e,2026-08-28 19:05:24,iron/operators/elementwise_add/test.py::test_elementwise_add,input_length_1024-num_aie_columns_8-tile_size_128,5/5,179.7,167.9,161.4,215.3,23.408011449074444,0.0346264,0.03659561,0.02854236,0.03806974,0.004183997002144003,,,,,
8982f0cf1df89c0639f7b4f65dfdf9c92a26eb2e,2026-08-28 19:05:24,iron/operators/elementwise_add/test.py::test_elementwise_add,input_length_2048-num_aie_columns_1-tile_size_2048,5/5,168.64,174.6,125.2,213.1,38.78354032318349,0.076179646,0.07039333,0.05765062,0.09812502,0.01816455810101721,,,,,
8982f0cf1df89c0639f7b4f65dfdf9c92a26eb2e,2026-08-28 19:05:24,iron/operators/elementwise_add/test.py::test_elementwise_add,input_length_2048-num_aie_columns_2-tile_size_1024,5/5,161.76,148.3,124.4,213.7,34.64178113203765,0.078636604,0.08287472,0.05749929,0.09880514,0.015780651836256005,,,,,
8982f0cf1df89c0639f7b4f65dfdf9c92a26eb2e,2026-08-28 19:05:24,iron/operators/elementwise_add/test.py::test_elementwise_add,input_length_2048-num_aie_columns_4-tile_size_512,5/5,215.0,244.1,130.8,284.5,63.76766421941453,0.062122316000000004,0.05034724,0.043199,0.09396722,0.021266218490449355,,,,,
8982f0cf1df89c0639f7b4f65dfdf9c92a26eb2e,2026-08-28 19:05:24,iron/operators/elementwise_add/test.py::test_elementwise_add,input_length_2048-num_aie_columns_8-tile_size_256,5/5,207.8,183.5,162.9,280.4,47.70539801741517,0.061443330000000004,0.06697954,0.04382889,0.07543278,0.012680179053164039,,,,,
8982f0cf1df89c0639f7b4f65dfdf9c92a26eb2e,2026-08-28 19:05:24,iron/operators/elementwise_add/test.py::test_elementwise_add,input_length_4096-num_aie_columns_1-tile_size_4096,5/5,182.14,174.7,171.4,209.6,15.835813840785066,0.1356847,0.1406497,0.1172357,0.1434123,0.010755606709293528,,,,,
8982f0cf1df89c0639f7b4f65dfdf9c92a26eb2e,2026-08-28 19:05:24,iron/operators/elementwise_add/test.py::test_elementwise_add,input_length_4096-num_aie_columns_2-tile_size_2048,5/5,184.04,180.8,149.6,223.2,33.12888467787589,0.13704598,0.1359412,0.11011,0.1642616,0.024488322436459386,,,,,
8982f0cf1df89c0639f7b4f65dfdf9c92a26eb2e,2026-08-28 19:05:24,iron/operators/elementwise_add/test.py::test_elementwise_add,input_length_4096-num_aie_columns_4-tile_size_1024,5/5,163.26,167.0,117.3,209.5,36.15028353969025,0.15690828,0.1471634,0.1173308,0.2095266,0.036469243019454076,,,,,
8982f0cf1df89c0639f7b4f65dfdf9c92a26eb2e,2026-08-28 19:05:24,iron/operators/elementwise_add/test.py::test_elementwise_add,input_length_4096-num_aie_columns_8-tile_size_512,5/5,168.6,174.4,113.0,204.2,34.05025697406702,0.15182632000000001,0.1408835,0.1203296,0.2175156,0.03804118959978776,,,,,
8982f0cf1df89c0639f7b4f65dfdf9c92a26eb2e,2026-08-28 19:05:24,iron/operators/elementwise_add/test.py::test_elementwise_add,input_length_8192-num_aie_columns_1-tile_size_8192,5/5,178.9,176.5,137.0,213.0,28.73969380491031,0.28098638,0.2784406,0.2308082,0.3587187,0.048934431983440864,,,,,
8982f0cf1df89c0639f7b4f65dfdf9c92a26eb2e,2026-08-28 19:05:24,iron/operators/elementwise_add/test.py::test_elementwise_add,input_length_8192-num_aie_columns_2-tile_size_4096,5/5,157.32,157.1,126.3,187.6,21.952494163534126,0.3175304,0.3128529,0.2620224,0.3892303,0.04609220109226722,,,,,
8982f0cf1df89c0639f7b4f65dfdf9c92a26eb2e,2026-08-28 19:05:24,iron/operators/elementwise_add/test.py::test_elementwise_add,input_length_8192-num_aie_columns_4-tile_size_2048,5/5,162.34,156.9,145.8,193.4,18.102016462261876,0.3054774,0.3131738,0.2541495,0.33708,0.030704449497833384,,,,,
8982f0cf1df89c0639f7b4f65dfdf9c92a26eb2e,2026-08-28 19:05:24,iron/operators/elementwise_add/test.py::test_elementwise_add,input_length_8192-num_aie_columns_8-tile_size_1024,5/5,177.56,165.5,122.8,221.3,42.7438065689054,0.29078768,0.2970358,0.2220837,0.4001205,0.07379169542168684,,,,,
8982f0cf1df89c0639f7b4f65dfdf9c92a26eb2e,2026-08-28 19:05:24,iron/operators/elementwise_mul/test.py::test_elementwise_mul,input_length_1024-num_aie_columns_1-tile_size_1024,5/5,165.12,165.8,139.4,209.7,28.667350767031117,0.038053406,0.03706653,0.02930193,0.04407587,0.00612670253186247,,,,,
8982f0cf1df89c0639f7b4f65dfdf9c92a26eb2e,2026-08-28 19:05:24,iron/operators/elementwise_mul/test.py::test_elementwise_mul,input_length_1024-num_aie_columns_2-tile_size_512,5/5,158.2,140.1,133.2,214.5,34.595592204788176,0.040147216,0.04384594,0.02864496,0.04613201,0.00751433183607365,,,,,
8982f0cf1df89c0639f7b4f65dfdf9c92a26eb2e,2026-08-28 19:05:24,iron/operators/elementwise_mul/test.py::test_elementwise_mul,input_length_1024-num_aie_columns_4-tile_size_256,5/5,155.64000000000001,143.8,105.0,201.9,39.532429725479815,0.041710792,0.042737,0.03042729,0.05850871,0.011204433758605118,,,,,
8982f0cf1df89c0639f7b4f65dfdf9c92a26eb2e,2026-08-28 19:05:24,iron/operators/elementwise_mul/test.py::test_elementwise_mul,input_length_1024-num_aie_columns_8-tile_size_128,5/5,184.7,176.9,166.9,224.6,22.889626471395285,0.033626404,0.03472422,0.02735311,0.03681732,0.003661162732156275,,,,,
8982f0cf1df89c0639f7b4f65dfdf9c92a26eb2e,2026-08-28 19:05:24,iron/operators/elementwise_mul/test.py::test_elementwise_mul,input_length_2048-num_aie_columns_1-tile_size_2048,5/5,161.66,167.2,132.0,175.0,17.02551027135457,0.076790378,0.07351129,0.0702039,0.09308315,0.009256836645251443,,,,,
8982f0cf1df89c0639f7b4f65dfdf9c92a26eb2e,2026-08-28 19:05:24,iron/operators/elementwise_mul/test.py::test_elementwise_mul,input_length_2048-num_aie_columns_2-tile_size_1024,5/5,145.88,135.4,108.6,180.3,30.247099034452877,0.087252804,0.09076137,0.06815535,0.113121,0.01840645607275148,,,,,
8982f0cf1df89c0639f7b4f65dfdf9c92a26eb2e,2026-08-28 19:05:24,iron/operators/elementwise_mul/test.py::test_elementwise_mul,input_length_2048-num_aie_columns_4-tile_size_512,5/5,174.7,171.2,120.0,242.6,44.772312873024546,0.074089616,0.07175642,0.05065712,0.1024273,0.018883912460560974,,,,,
8982f0cf1df89c0639f7b4f65dfdf9c92a26eb2e,2026-08-28 19:05:24,iron/operators/elementwise_mul/test.py::test_elementwise_mul,input_length_2048-num_aie_columns_8-tile_size_256,5/5,233.06,211.8,155.1,340.8,79.60837267524063,0.05772001,0.05802987,0.03605232,0.07920333,0.01861859698990636,,,,,
8982f0cf1df89c0639f7b4f65dfdf9c92a26eb2e,2026-08-28 19:05:24,iron/operators/elementwise_mul/test.py::test_elementwise_mul,input_length_4096-num_aie_columns_1-tile_size_4096,5/5,180.96,169.1,154.3,225.8,31.421457636462385,0.13891196,0.145298,0.1088445,0.1592494,0.022526002532695415,,,,,
8982f0cf1df89c0639f7b4f65dfdf9c92a26eb2e,2026-08-28 19:05:24,iron/operators/elementwise_mul/test.py::test_elementwise_mul,input_length_4096-num_aie_columns_2-tile_size_2048,5/5,161.62,147.2,123.5,241.5,46.035931618682376,0.16006824,0.1669327,0.1017644,0.199004,0.03577172848875212,,,,,
8982f0cf1df89c0639f7b4f65dfdf9c92a26eb2e,2026-08-28 19:05:24,iron/operators/elementwise_mul/test.py::test_elementwise_mul,input_length_4096-num_aie_columns_4-tile_size_1024,5/5,173.44,175.2,138.3,210.9,25.97831788241879,0.14431334,0.1402636,0.1165115,0.1777611,0.02205054370583637,,,,,
8982f0cf1df89c0639f7b4f65dfdf9c92a26eb2e,2026-08-28 19:05:24,iron/operators/elementwise_mul/test.py::test_elementwise_mul,input_length_4096-num_aie_columns_8-tile_size_512,5/5,186.64,183.1,172.9,217.7,17.984660130233205,0.13256412,0.1342518,0.1128712,0.1421235,0.011583678297371693,,,,,
8982f0cf1df89c0639f7b4f65dfdf9c92a26eb2e,2026-08-28 19:05:24,iron/operators/elementwise_mul/test.py::test_elementwise_mul,input_length_8192-num_aie_columns_2-tile_size_4096,5/5,157.2,165.5,120.1,183.2,23.96977263137888,0.31930254,0.2970358,0.2682999,0.4092964,0.05477590847400891,,,,,
8982f0cf1df89c0639f7b4f65dfdf9c92a26eb2e,2026-08-28 19:05:24,iron/operators/elementwise_mul/test.py::test_elementwise_mul,input_length_8192-num_aie_columns_4-tile_size_2048,5/5,185.16,175.7,155.9,213.7,25.691593956000467,0.26957244,0.2798228,0.2300187,0.3152851,0.03695662872182742,,,,,
8982f0cf1df89c0639f7b4f65dfdf9c92a26eb2e,2026-08-28 19:05:24,iron/operators/elementwise_mul/test.py::test_elementwise_mul,input_length_8192-num_aie_columns_8-tile_size_1024,5/5,194.32,197.7,150.9,226.9,33.804023429171856,0.25949722,0.2486745,0.2166031,0.3256458,0.04743069928998517,,,,,
8982f0cf1df89c0639f7b4f65dfdf9c92a26eb2e,2026-08-28 19:05:24,iron/operators/gelu/test.py::test_gelu,input_length_1024-num_aie_columns_1-num_channels_1-tile_size_1024,5/5,149.42000000000002,149.9,136.3,162.3,10.545947088810943,0.027523256,0.02731832,0.02524204,0.03005136,0.001952197799335405,,,,,
8982f0cf1df89c0639f7b4f65dfdf9c92a26eb2e,2026-08-28 19:05:24,iron/operators/gelu/test.py::test_gelu,input_length_1024-num_aie_columns_1-num_channels_2-tile_size_512,5/5,161.28,151.6,123.2,230.7,41.02934315828124,0.026525974,0.02700974,0.01775397,0.0332535,0.005660406364672945,,,,,
8982f0cf1df89c0639f7b4f65dfdf9c92a26eb2e,2026-08-28 19:05:24,iron/operators/gelu/test.py::test_gelu,input_length_1024-num_aie_columns_2-num_channels_1-tile_size_512,5/5,149.72,158.5,116.5,174.8,23.08921826307682,0.027931988,0.02584048,0.02342941,0.03515548,0.004690753759170269,,,,,
8982f0cf1df89c0639f7b4f65dfdf9c92a26eb2e,2026-08-28 19:05:24,iron/operators/gelu/test.py::test_gelu,input_length_1024-num_aie_columns_2-num_channels_2-tile_size_256,5/5,180.96,160.9,117.3,291.2,66.58770907607499,0.02479326,0.0254557,0.01406429,0.03491484,0.007663691309359349,,,,,
8982f0cf1df89c0639f7b4f65dfdf9c92a26eb2e,2026-08-28 19:05:24,iron/operators/gelu/test.py::test_gelu,input_length_1024-num_aie_columns_4-num_channels_1-tile_size_256,5/5,147.9,152.9,111.7,172.6,22.55604131934502,0.02829116,0.02678507,0.02372993,0.03667228,0.004954386775076206,,,,,
8982f0cf1df89c0639f7b4f65dfdf9c92a26eb2e,2026-08-28 19:05:24,iron/operators/gelu/test.py::test_gelu,input_length_1024-num_aie_columns_4-num_channels_2-tile_size_128,5/5,177.28,183.6,138.2,209.2,26.94414593190885,0.023572324,0.02230949,0.01957851,0.02963756,0.0038746660644344566,,,,,
8982f0cf1df89c0639f7b4f65dfdf9c92a26eb2e,2026-08-28 19:05:24,iron/operators/gelu/test.py::test_gelu,input_length_1024-num_aie_columns_8-num_channels_1-tile_size_128,5/5,171.94,171.7,169.4,176.5,2.7700180504827037,0.02382865,0.02385737,0.02320864,0.02417774,0.00037802192753860227,,,,,
8982f0cf1df89c0639f7b4f65dfdf9c92a26eb2e,2026-08-28 19:05:24,iron/operators/gelu/test.py::test_gelu,input_length_1024-num_aie_columns_8-num_channels_2-tile_size_64,5/5,197.66,177.4,173.8,258.9,36.23545225328365,0.021205894,0.02308555,0.01581937,0.02356447,0.003307292505967684,,,,,
8982f0cf1df89c0639f7b4f65dfdf9c92a26eb2e,2026-08-28 19:05:24,iron/operators/gelu/test.py::test_gelu,input_length_2048-num_aie_columns_1-num_channels_1-tile_size_2048,5/5,173.62,149.5,131.3,295.8,68.8019403796143,0.051497082,0.05480149,0.02769036,0.06238672,0.013733253767793704,,,,,
8982f0cf1df89c0639f7b4f65dfdf9c92a26eb2e,2026-08-28 19:05:24,iron/operators/gelu/test.py::test_gelu,input_length_2048-num_aie_columns_1-num_channels_2-tile_size_1024,5/5,166.64,162.4,147.7,195.5,20.394925839531755,0.049731058,0.05044677,0.04190667,0.05544839,0.005847304699904052,,,,,
8982f0cf1df89c0639f7b4f65dfdf9c92a26eb2e,2026-08-28 19:05:24,iron/operators/gelu/test.py::test_gelu,input_length_2048-num_aie_columns_2-num_channels_1-tile_size_1024,5/5,156.26,167.9,113.9,196.6,33.822522082186595,0.054572871999999994,0.04879414,0.04167175,0.07190569,0.012553959525112781,,,,,
8982f0cf1df89c0639f7b4f65dfdf9c92a26eb2e,2026-08-28 19:05:24,iron/operators/gelu/test.py::test_gelu,input_length_2048-num_aie_columns_2-num_channels_2-tile_size_512,5/5,150.98,149.7,127.9,178.4,20.772505867131198,0.055081399999999996,0.05473558,0.04592701,0.06403352,0.007478214246619978,,,,,
8982f0cf1df89c0639f7b4f65dfdf9c92a26eb2e,2026-08-28 19:05:24,iron/operators/gelu/test.py::test_gelu,input_length_2048-num_aie_columns_4-num_channels_1-tile_size_512,5/5,162.34,135.6,107.5,263.1,61.89509673633285,0.055601901999999995,0.06040006,0.03113515,0.0762089,0.01740460132399102,,,,,
8982f0cf1df89c0639f7b4f65dfdf9c92a26eb2e,2026-08-28 19:05:24,iron/operators/gelu/test.py::test_gelu,input_length_2048-num_aie_columns_4-num_channels_2-tile_size_256,5/5,168.72,178.8,113.0,200.6,36.11166016676608,0.050773222,0.04580887,0.04084136,0.07252446,0.013091008879569595,,,,,
8982f0cf1df89c0639f7b4f65dfdf9c92a26eb2e,2026-08-28 19:05:24,iron/operators/gelu/test.py::test_gelu,input_length_2048-num_aie_columns_8-num_channels_1-tile_size_256,5/5,175.64000000000001,158.1,144.7,258.6,46.83410082407904,0.048720996,0.05182481,0.0316768,0.05659999,0.009798488287530889,,,,,
8982f0cf1df89c0639f7b4f65dfdf9c92a26eb2e,2026-08-28 19:05:24,iron/operators/gelu/test.py::test_gelu,input_length_2048-num_aie_columns_8-num_channels_2-tile_size_128,5/5,191.9,186.1,175.4,208.5,14.58440948410322,0.04288128,0.04402526,0.03928508,0.04670361,0.0032276715025463774,,,,,
8982f0cf1df89c0639f7b4f65dfdf9c92a26eb2e,2026-08-28 19:05:24,iron/operators/gelu/test.py::test_gelu,input_length_4096-num_aie_columns_1-num_channels_1-tile_size_4096,5/5,192.66,172.7,131.6,346.0,88.04500553694116,0.09586800200000001,0.0948483,0.04735561,0.1244701,0.03057166749636042,,,,,
8982f0cf1df89c0639f7b4f65dfdf9c92a26eb2e,2026-08-28 19:05:24,iron/operators/gelu/test.py::test_gelu,input_length_4096-num_aie_columns_1-num_channels_2-tile_size_2048,5/5,158.94,145.3,115.3,212.0,42.68598130534192,0.109054832,0.1127319,0.07727099,0.1420508,0.02813102860309182,,,,,
8982f0cf1df89c0639f7b4f65dfdf9c92a26eb2e,2026-08-28 19:05:24,iron/operators/gelu/test.py::test_gelu,input_length_4096-num_aie_columns_2-num_channels_1-tile_size_2048,5/5,194.70000000000002,164.2,149.4,334.6,78.45202355580129,0.091988194,0.09978562,0.04896052,0.1096617,0.024405795968250658,,,,,
8982f0cf1df89c0639f7b4f65dfdf9c92a26eb2e,2026-08-28 19:05:24,iron/operators/gelu/test.py::test_gelu,input_length_4096-num_aie_columns_2-num_channels_2-tile_size_1024,5/5,156.62,150.8,148.3,178.8,12.6478061338716,0.105124382,0.1086789,0.09163311,0.1105071,0.007748549345240047,,,,,
8982f0cf1df89c0639f7b4f65dfdf9c92a26eb2e,2026-08-28 19:05:24,iron/operators/gelu/test.py::test_gelu,input_length_4096-num_aie_columns_4-num_channels_1-tile_size_1024,5/5,165.32,169.0,117.0,225.9,40.21960964504753,0.10382892,0.09695191,0.07251162,0.1400917,0.024946916014115857,,,,,
8982f0cf1df89c0639f7b4f65dfdf9c92a26eb2e,2026-08-28 19:05:24,iron/operators/gelu/test.py::test_gelu,input_length_4096-num_aie_columns_4-num_channels_2-tile_size_512,5/5,170.38,158.4,140.1,208.3,27.262006529234057,0.098077898,0.1034141,0.07866447,0.11694,0.015132030469382487,,,,,
8982f0cf1df89c0639f7b4f65dfdf9c92a26eb2e,2026-08-28 19:05:24,iron/operators/gelu/test.py::test_gelu,input_length_4096-num_aie_columns_8-num_channels_1-tile_size_512,5/5,186.38,203.6,136.2,225.4,36.19975138036172,0.09090696,0.08045689,0.0726792,0.1202681,0.01949322684413871,,,,,
8982f0cf1df89c0639f7b4f65dfdf9c92a26eb2e,2026-08-28 19:05:24,iron/operators/gelu/test.py::test_gelu,input_length_4096-num_aie_columns_8-num_channels_2-tile_size_256,5/5,191.64,191.2,124.0,231.4,41.98277027543561,0.089744706,0.08567962,0.07079126,0.132079,0.024643533557789154,,,,,
8982f0cf1df89c0639f7b4f65dfdf9c92a26eb2e,2026-08-28 19:05:24,iron/operators/gelu/test.py::test_gelu,input_length_8192-num_aie_columns_1-num_channels_1-tile_size_8192,5/5,161.5,173.4,125.6,193.6,31.323952496452296,0.20954436,0.1889953,0.1692929,0.2608938,0.04292945473655588,,,,,
8982f0cf1df89c0639f7b4f65dfdf9c92a26eb2e,2026-08-28 19:05:24,iron/operators/gelu/test.py::test_gelu,input_length_8192-num_aie_columns_1-num_channels_2-tile_size_4096,5/5,162.36,144.1,125.2,245.1,48.626823873249215,0.21378898000000002,0.2274229,0.1337,0.2616876,0.05061736579319394,,,,,
8982f0cf1df89c0639f7b4f65dfdf9c92a26eb2e,2026-08-28 19:05:24,iron/operators/gelu/test.py::test_gelu,input_length_8192-num_aie_columns_2-num_channels_1-tile_size_4096,5/5,160.22,140.9,129.2,243.2,47.544368751724946,0.21590212,0.2324994,0.1347518,0.2536891,0.04842858133630387,,,,,
8982f0cf1df89c0639f7b4f65dfdf9c92a26eb2e,2026-08-28 19:05:24,iron/operators/gelu/test.py::test_gelu,input_length_8192-num_aie_columns_2-num_channels_2-tile_size_2048,5/5,155.3,154.7,125.8,186.4,23.613131939664424,0.21501848,0.2117685,0.1757798,0.2605805,0.03307940272846533,,,,,
8982f0cf1df89c0639f7b4f65dfdf9c92a26eb2e,2026-08-28 19:05:24,iron/operators/gelu/test.py::test_gelu,input_length_8192-num_aie_columns_4-num_channels_1-tile_size_2048,5/5,185.74,176.0,132.8,273.4,53.4064415590479,0.18688136,0.1861977,0.1198533,0.2468158,0.046750914385581814,,,,,
8982f0cf1df89c0639f7b4f65dfdf9c92a26eb2e,2026-08-28 19:05:24,iron/operators/gelu/test.py::test_gelu,input_length_8192-num_aie_columns_4-num_channels_2-tile_size_1024,5/5,172.04,158.9,130.7,243.4,42.56639519621083,0.19862532,0.2062022,0.1346079,0.2507921,0.04208605004585249,,,,,
8982f0cf1df89c0639f7b4f65dfdf9c92a26eb2e,2026-08-28 19:05:24,iron/operators/gelu/test.py::test_gelu,input_length_8192-num_aie_columns_8-num_channels_1-tile_size_1024,5/5,166.38,158.8,123.3,205.9,37.388594517579826,0.2052359,0.20641,0.1591437,0.2656829,0.04640228143286707,,,,,
8982f0cf1df89c0639f7b4f65dfdf9c92a26eb2e,2026-08-28 19:05:24,iron/operators/gelu/test.py::test_gelu,input_length_8192-num_aie_columns_8-num_channels_2-tile_size_512,5/5,189.56,168.1,135.5,321.6,75.55681967896744,0.1896585,0.1949896,0.1019058,0.2418695,0.053820543666382635,,,,,
8982f0cf1df89c0639f7b4f65dfdf9c92a26eb2e,2026-08-28 19:05:24,iron/operators/gemm/test.py::test_gemm,M_1792-K_896-N_1152-num_aie_columns_8-b_col_maj_False-c_col_maj_True-m_64-k_32-n_48-trace_size_0-partition_N_1,5/5,2282.32,2271.9,2248.4,2354.1,41.277621055482264,4.121626,4.139479,3.994943,4.182698,0.07301933744563832,1621.3072,1628.33,1571.474,1645.331,28.72355478870957
8982f0cf1df89c0639f7b4f65dfdf9c92a26eb2e,2026-08-28 19:05:24,iron/operators/gemm/test.py::test_gemm,M_192-K_384-N_64-num_aie_columns_4-b_col_maj_False-c_col_maj_False-m_48-k_96-n_16-trace_size_0-partition_N_1,5/5,233.06,213.8,201.7,294.5,37.321079834324195,0.96659174,1.034551,0.7511487,1.096849,0.13712807451480533,41.241252,44.14086,32.04901,46.79889,5.850801567188892
8982f0cf1df89c0639f7b4f65dfdf9c92a26eb2e,2026-08-28 19:05:24,iron/operators/gemm/test.py::test_gemm,M_192-K_384-N_64-num_aie_columns_4-b_col_maj_True-c_col_maj_True-m_48-k_96-n_16-trace_size_0-partition_N_1,5/5,229.28,211.3,185.9,325.2,54.78354680011143,1.0005544199999998,1.046668,0.6800451,1.189647,0.18993098936279987,42.690328,44.65784,29.01526,50.75829,8.103726459855984
8982f0cf1df89c0639f7b4f65dfdf9c92a26eb2e,2026-08-28 19:05:24,iron/operators/gemm/test.py::test_gemm,M_2048-K_2048-N_2048-num_aie_columns_1-b_col_maj_False-c_col_maj_False-m_64-k_64-n_64-trace_size_0-partition_N_1,5/5,48513.76,48504.8,48456.6,48618.0,65.02309589676537,0.5187368,0.5188321,0.517624,0.5193482,0.0006944899099339257,354.12432,354.1894,353.3646,354.5417,0.4741211944218517
8982f0cf1df89c0639f7b4f65dfdf9c92a26eb2e,2026-08-28 19:05:24,iron/operators/gemm/test.py::test_gemm,M_2048-K_2048-N_2048-num_aie_columns_2-b_col_maj_False-c_col_maj_True-m_8-k_16-n_32-trace_size_0-partition_N_1,5/5,118435.64,117914.7,117332.4,120815.9,1380.4339111308425,0.212508,0.213424,0.2082989,0.2144831,0.002445396951417088,145.0721,145.6974,142.1987,146.4204,1.6693842532502778
8982f0cf1df89c0639f7b4f65dfdf9c92a26eb2e,2026-08-28 19:05:24,iron/operators/gemm/test.py::test_gemm,M_2048-K_2048-N_2048-num_aie_columns_2-b_col_maj_True-c_col_maj_False-m_64-k_64-n_64-trace_size_0-partition_N_1,5/5,28380.12,28439.2,28023.6,28586.8,233.38484740873884,0.88678846,0.8848987,0.880329,0.8980214,0.007329193393409661,605.3809200000001,604.0909,600.9712,613.0493,5.003396834851307
8982f0cf1df89c0639f7b4f65dfdf9c92a26eb2e,2026-08-28 19:05:24,iron/operators/gemm/test.py::test_gemm,M_2048-K_2048-N_2048-num_aie_columns_8-b_col_maj_False-c_col_maj_False-m_32-k_32-n_128-trace_size_0-partition_N_1,5/5,7302.26,7262.0,7128.3,7492.4,171.16181817216122,3.4478156,3.465397,3.358865,3.530428,0.08051489422957708,2353.7086,2365.711,2292.985,2410.105,54.96479312523601
8982f0cf1df89c0639f7b4f65dfdf9c92a26eb2e,2026-08-28 19:05:24,iron/operators/gemm/test.py::test_gemm,M_2048-K_2048-N_2048-num_aie_columns_8-b_col_maj_True-c_col_maj_False-m_128-k_32-n_32-trace_size_0-partition_N_1,5/5,8834.64,8924.4,8303.6,9173.1,345.9889203428342,2.8521278,2.819882,2.74345,3.030708,0.11452017096214973,1947.0526,1925.04,1872.862,2068.963,78.17895579885938
8982f0cf1df89c0639f7b4f65dfdf9c92a26eb2e,2026-08-28 19:05:24,iron/operators/gemm/test.py::test_gemm,M_2048-K_2048-N_2048-num_aie_columns_8-b_col_maj_True-c_col_maj_True-m_64-k_64-n_64-trace_size_0-partition_N_1,5/5,7903.0,7931.4,7602.3,8111.2,184.85108871737802,3.1857501999999998,3.172935,3.102588,3.31027,0.07582995414544313,2174.8054,2166.057,2118.033,2259.811,51.766696579944224
8982f0cf1df89c0639f7b4f65dfdf9c92a26eb2e,2026-08-28 19:05:24,iron/operators/gemm/test.py::test_gemm,M_2048-K_2048-N_8192-num_aie_columns_2-b_col_maj_False-c_col_maj_False-m_64-k_64-n_64-trace_size_0-partition_N_1,5/5,96050.1,96109.2,95780.5,96154.7,152.3226345622997,0.78602338,0.7855381,0.7851668,0.7882344,0.0012491106384143824,715.4559399999999,715.0142,714.6763,717.4685,1.1369863468837178
8982f0cf1df89c0639f7b4f65dfdf9c92a26eb2e,2026-08-28 19:05:24,iron/operators/gemm/test.py::test_gemm,M_2048-K_2048-N_8192-num_aie_columns_2-b_col_maj_False-c_col_maj_True-m_64-k_64-n_64-trace_size_0-partition_N_1,5/5,103315.48,103306.3,103287.6,103383.9,39.43002662945792,0.73074696,0.7308116,0.7302633,0.7309445,0.0002787807794666072,665.14212,665.2009,664.7019,665.3219,0.2537487970414817
8982f0cf1df89c0639f7b4f65dfdf9c92a26eb2e,2026-08-28 19:05:24,iron/operators/gemm/test.py::test_gemm,M_2048-K_2048-N_8192-num_aie_columns_2-b_col_maj_True-c_col_maj_False-m_64-k_64-n_64-trace_size_0-partition_N_1,5/5,108581.66,108633.1,108265.8,108873.0,229.38364806585503,0.69530834,0.6949765,0.6934454,0.6973345,0.001469334809701318,632.88512,632.5831,631.1894,634.7294,1.3374381395040555
8982f0cf1df89c0639f7b4f65dfdf9c92a26eb2e,2026-08-28 19:05:24,iron/operators/gemm/test.py::test_gemm,M_2048-K_64-N_2048-num_aie_columns_2-b_col_maj_False-c_col_maj_False-m_64-k_64-n_64-trace_size_0-partition_N_1,5/5,1235.3,1244.2,1152.1,1331.4,71.53750764459163,7.2345162,7.163798,6.69451,7.736399,0.4171517658421212,435.7732,431.5135,403.2458,466.0042,25.127240186200325
8982f0cf1df89c0639f7b4f65dfdf9c92a26eb2e,2026-08-28 19:05:24,iron/operators/gemm/test.py::test_gemm,M_2048-K_64-N_2048-num_aie_columns_2-b_col_maj_False-c_col_maj_True-m_64-k_64-n_64-trace_size_0-partition_N_1,5/5,1429.8600000000001,1343.3,1261.2,1913.9,274.63933258002214,6.3860872,6.634897,4.656924,7.066716,0.9969905873561195,384.66784,399.655,280.5112,425.6657,60.0540092252216
8982f0cf1df89c0639f7b4f65dfdf9c92a26eb2e,2026-08-28 19:05:24,iron/operators/gemm/test.py::test_gemm,M_2048-K_64-N_2048-num_aie_columns_2-b_col_maj_True-c_col_maj_False-m_64-k_64-n_64-trace_size_0-partition_N_1,5/5,1378.16,1356.3,1259.5,1470.5,89.02189618290546,6.4891328,6.571377,6.061141,7.076608,0.42370762659196975,390.87482,395.8288,365.0946,426.2616,25.522153502046017
8982f0cf1df89c0639f7b4f65dfdf9c92a26eb2e,2026-08-28 19:05:24,iron/operators/gemm/test.py::test_gemm,M_2048-K_64-N_8192-num_aie_columns_2-b_col_maj_False-c_col_maj_False-m_64-k_64-n_64-trace_size_0-partition_N_1,5/5,4338.92,4379.4,4111.9,4475.8,141.4854656846422,8.0424692,7.961164,7.789741,8.479053,0.2690484355449777,495.3677,490.3598,479.8012,522.2586,16.57174643572608
8982f0cf1df89c0639f7b4f65dfdf9c92a26eb2e,2026-08-28 19:05:24,iron/operators/gemm/test.py::test_gemm,M_2048-K_64-N_8192-num_aie_columns_2-b_col_maj_False-c_col_maj_True-m_64-k_64-n_64-trace_size_0-partition_N_1,5/5,4751.72,4662.3,4603.7,4961.5,157.2544498575477,7.343735,7.478177,7.02708,7.573368,0.23992319452170535,452.32992,460.6107,432.8259,466.4739,14.777797730108501
8982f0cf1df89c0639f7b4f65dfdf9c92a26eb2e,2026-08-28 19:05:24,iron/operators/gemm/test.py::test_gemm,M_2048-K_64-N_8192-num_aie_columns_2-b_col_maj_True-c_col_maj_False-m_64-k_64-n_64-trace_size_0-partition_N_1,5/5,4943.88,4937.6,4694.6,5202.7,207.86605542993289,7.0621716,7.061202,6.701344,7.426658,0.29671327548122944,434.9873,434.9276,412.7625,457.4375,18.275767486346513
8982f0cf1df89c0639f7b4f65dfdf9c92a26eb2e,2026-08-28 19:05:24,iron/operators/gemm/test.py::test_gemm,M_2048-K_8192-N_2048-num_aie_columns_2-b_col_maj_False-c_col_maj_False-m_64-k_64-n_64-trace_size_0-partition_N_1,5/5,95398.28,95404.8,95370.8,95434.8,26.63291196996908,0.79139224,0.791338,0.7910899,0.79162,0.0002206616255718157,720.3428,720.2934,720.0676,720.5501,0.20086548981846947
8982f0cf1df89c0639f7b4f65dfdf9c92a26eb2e,2026-08-28 19:05:24,iron/operators/gemm/test.py::test_gemm,M_2048-K_8192-N_2048-num_aie_columns_2-b_col_maj_False-c_col_maj_True-m_64-k_64-n_64-trace_size_0-partition_N_1,5/5,102578.24,102579.5,102536.8,102622.9,31.19572086039659,0.735999,0.7359902,0.7356786,0.7362963,0.00022376093269382486,669.9226199999999,669.9146,669.631,670.1932,0.20365802709446368
8982f0cf1df89c0639f7b4f65dfdf9c92a26eb2e,2026-08-28 19:05:24,iron/operators/gemm/test.py::test_gemm,M_2048-K_8192-N_2048-num_aie_columns_2-b_col_maj_True-c_col_maj_False-m_64-k_64-n_64-trace_size_0-partition_N_1,5/5,107394.78,107519.3,107087.5,107662.5,249.6095691274688,0.70299306,0.7021757,0.7012418,0.7050074,0.0016349974749215782,639.87994,639.136,638.2859,641.7134,1.4881997355865868
8982f0cf1df89c0639f7b4f65dfdf9c92a26eb2e,2026-08-28 19:05:24,iron/operators/gemm/test.py::test_gemm,M_384-K_1536-N_1792-num_aie_columns_4-b_col_maj_True-c_col_maj_False-m_32-k_48-n_64-trace_size_0-partition_N_1,5/5,2284.5,2206.4,1969.5,2601.9,263.7052426479231,3.5662515999999997,3.653399,3.09808,4.092885,0.40970795827613604,935.22762,958.0815,812.4525,1073.334,107.4434144978044
8982f0cf1df89c0639f7b4f65dfdf9c92a26eb2e,2026-08-28 19:05:24,iron/operators/gemm/test.py::test_gemm,M_64-K_512-N_256-num_aie_columns_4-b_col_maj_True-c_col_maj_False-m_16-k_64-n_64-trace_size_0-partition_N_4,5/5,3755.82,3802.9,3008.8,4375.7,489.5757214160031,0.33643198,0.327427,0.2845675,0.4138437,0.04738893755611113,18.131914000000002,17.64659,15.33669,22.304,2.554015324411738
8982f0cf1df89c0639f7b4f65dfdf9c92a26eb2e,2026-08-28 19:05:24,iron/operators/gemm/test.py::test_gemm,M_896-K_1792-N_640-num_aie_columns_8-b_col_maj_False-c_col_maj_True-m_32-k_64-n_80-trace_size_0-partition_N_1,5/5,1522.18,1428.9,1352.4,1754.5,174.6836483475199,4.4146124,4.65536,3.791427,4.918468,0.4870348068858117,1363.963,1438.346,1171.42,1519.637,150.4769636937827
8982f0cf1df89c0639f7b4f65dfdf9c92a26eb2e,2026-08-28 19:05:24,iron/operators/gemv/test.py::test_gemv,M_128-K_128-num_aie_columns_1-tile_size_input_32-tile_size_output_128,5/5,,,,,,0.19821936,0.2043222,0.1258494,0.2883632,0.06371904933732925,0.19516986,0.2011788,0.1239133,0.2839269,0.06273876676348523
8982f0cf1df89c0639f7b4f65dfdf9c92a26eb2e,2026-08-28 19:05:24,iron/operators/gemv/test.py::test_gemv,M_2048-K_8192-num_aie_columns_1-tile_size_input_1-tile_size_output_2048,5/5,,,,,,12.250544,12.28689,10.65764,13.43541,1.1180823637058224,12.243074,12.2794,10.65114,13.42722,1.1173996289063284
8982f0cf1df89c0639f7b4f65dfdf9c92a26eb2e,2026-08-28 19:05:24,iron/operators/gemv/test.py::test_gemv,M_2048-K_8192-num_aie_columns_2-tile_size_input_1-tile_size_output_1024,5/5,,,,,,24.243828,24.28194,23.78558,24.73139,0.38465091208783075,24.229038,24.26713,23.77107,24.7163,0.38441597751654355
8982f0cf1df89c0639f7b4f65dfdf9c92a26eb2e,2026-08-28 19:05:24,iron/operators/gemv/test.py::test_gemv,M_2048-K_8192-num_aie_columns_4-tile_size_input_1-tile_size_output_512,5/5,,,,,,41.783172,41.39919,39.33128,45.25952,2.2933856178955176,41.757684,41.37394,39.30729,45.23191,2.291985256045509
8982f0cf1df89c0639f7b4f65dfdf9c92a26eb2e,2026-08-28 19:05:24,iron/operators/gemv/test.py::test_gemv,M_2048-K_8192-num_aie_columns_8-tile_size_input_1-tile_size_output_256,5/5,,,,,,43.489882,43.24786,42.13893,45.8678,1.4239535456678356,43.463358,43.22148,42.11323,45.83983,1.423086643592019
8982f0cf1df89c0639f7b4f65dfdf9c92a26eb2e,2026-08-28 19:05:24,iron/operators/gemv/test.py::test_gemv,M_8192-K_2048-num_aie_columns_1-tile_size_input_4-tile_size_output_1024,5/5,,,,,,13.172198,13.22534,12.72964,13.53871,0.33154996722967706,13.164162,13.21727,12.72187,13.53045,0.3313491619425048
8982f0cf1df89c0639f7b4f65dfdf9c92a26eb2e,2026-08-28 19:05:24,iron/operators/gemv/test.py::test_gemv,M_8192-K_2048-num_aie_columns_2-tile_size_input_4-tile_size_output_1024,5/5,,,,,,24.253088,24.06053,23.5436,24.94733,0.5577514794870561,24.238294,24.04586,23.52924,24.93211,0.5574101431890165
8982f0cf1df89c0639f7b4f65dfdf9c92a26eb2e,2026-08-28 19:05:24,iron/operators/gemv/test.py::test_gemv,M_8192-K_2048-num_aie_columns_4-tile_size_input_4-tile_size_output_1024,5/5,,,,,,41.136874,40.82428,40.37863,42.20642,0.774651564950333,41.111784,40.79938,40.354,42.18068,0.7741803977626938
8982f0cf1df89c0639f7b4f65dfdf9c92a26eb2e,2026-08-28 19:05:24,iron/operators/gemv/test.py::test_gemv,M_8192-K_2048-num_aie_columns_8-tile_size_input_4-tile_size_output_1024,5/5,,,,,,41.464118,42.78073,29.8856,46.6383,6.708233699042543,41.438824,42.75463,29.86737,46.60985,6.704141153718348
8982f0cf1df89c0639f7b4f65dfdf9c92a26eb2e,2026-08-28 19:05:24,iron/operators/gemv/test.py::test_gemv_batched,M_1024-K_1024-num_aie_columns_1-tile_size_input_1-tile_size_output_64-num_batches_2,5/5,,,,,,9.1077816,8.870685,8.512436,9.87591,0.606829158242499,9.0900276,8.853393,8.495843,9.856659,0.6056463267483754
8982f0cf1df89c0639f7b4f65dfdf9c92a26eb2e,2026-08-28 19:05:24,iron/operators/gemv/test.py::test_gemv_batched,M_1026-K_64-num_aie_columns_1-tile_size_input_1-tile_size_output_2-num_batches_2,5/5,,,,,,0.9135666,0.9419218,0.8011425,0.9720878,0.07017093510874,0.89864936,0.9265416,0.788061,0.956215,0.06902514919004521
8982f0cf1df89c0639f7b4f65dfdf9c92a26eb2e,2026-08-28 19:05:24,iron/operators/gemv/test.py::test_gemv_batched,M_256-K_128-num_aie_columns_1-tile_size_input_1-tile_size_output_256-num_batches_4,5/5,,,,,,1.14867666,1.168703,0.9605273,1.240562,0.11004856759575748,1.1353711,1.155165,0.9494015,1.226192,0.10877359677812441
8982f0cf1df89c0639f7b4f65dfdf9c92a26eb2e,2026-08-28 19:05:24,iron/operators/gemv/test.py::test_gemv_batched,M_256-K_128-num_aie_columns_8-tile_size_input_1-tile_size_output_32-num_batches_100,5/5,,,,,,16.228844,16.60049,14.51969,18.52321,1.656276019502788,16.040862,16.4082,14.3515,18.30865,1.6370911180261165
8982f0cf1df89c0639f7b4f65dfdf9c92a26eb2e,2026-08-28 19:05:24,iron/operators/gemv/test.py::test_gemv_batched,M_448-K_64-num_aie_columns_8-tile_size_input_1-tile_size_output_56-num_batches_192,5/5,,,,,,11.062574,12.8331,7.51208,13.7107,3.0499709056612327,10.8684944,12.60796,7.380289,13.47016,2.9964630787118502
8982f0cf1df89c0639f7b4f65dfdf9c92a26eb2e,2026-08-28 19:05:24,iron/operators/gemv/test.py::test_gemv_batched,M_512-K_64-num_aie_columns_8-tile_size_input_4-tile_size_output_64-num_batches_32,5/5,,,,,,8.759051600000001,8.998554,7.323473,9.671936,0.9159993774404546,8.6077436,8.843108,7.196964,9.504859,0.9001759621409027
8982f0cf1df89c0639f7b4f65dfdf9c92a26eb2e,2026-08-28 19:05:24,iron/operators/gemv/test.py::test_gemv_batched,M_64-K_1536-num_aie_columns_1-tile_size_input_1-tile_size_output_64-num_batches_8,5/5,,,,,,5.6383162,5.38557,5.309224,6.647304,0.5686155741423198,5.5480166,5.299318,5.224195,6.540845,0.5595089799880785
8982f0cf1df89c0639f7b4f65dfdf9c92a26eb2e,2026-08-28 19:05:24,iron/operators/gemv/test.py::test_gemv_gelu,M_128-K_128-num_aie_columns_1-tile_size_input_32-tile_size_output_128,5/5,,,,,,0.18860818,0.1867575,0.155363,0.2314422,0.03108036795136119,0.18570654,0.1838843,0.1529728,0.2278816,0.030602239221713824
8982f0cf1df89c0639f7b4f65dfdf9c92a26eb2e,2026-08-28 19:05:24,iron/operators/gemv/test.py::test_gemv_gelu,M_2048-K_8192-num_aie_columns_1-tile_size_input_1-tile_size_output_2048,5/5,,,,,,12.288802,12.36824,11.26209,13.19924,0.7348650938913887,12.281305999999999,12.3607,11.25522,13.19119,0.7344184790907705
8982f0cf1df89c0639f7b4f65dfdf9c92a26eb2e,2026-08-28 19:05:24,iron/operators/gemv/test.py::test_gemv_gelu,M_8192-K_2048-num_aie_columns_1-tile_size_input_4-tile_size_output_1024,5/5,,,,,,12.015832,11.69534,10.92187,13.29238,1.0318527702971967,12.008506,11.68821,10.91521,13.28428,1.0312233161299256
8982f0cf1df89c0639f7b4f65dfdf9c92a26eb2e,2026-08-28 19:05:24,iron/operators/layer_norm/test.py::test_layer_norm,input_length_1024-num_aie_columns_1-num_channels_1-tile_size_1024,5/5,156.82,162.3,137.5,170.3,12.682547062794608,0.026262476,0.02523115,0.02405676,0.02979733,0.002240590524332815,,,,,
8982f0cf1df89c0639f7b4f65dfdf9c92a26eb2e,2026-08-28 19:05:24,iron/operators/layer_norm/test.py::test_layer_norm,input_length_1024-num_aie_columns_1-num_channels_2-tile_size_512,5/5,164.3,153.9,149.4,185.9,18.069449355196188,0.025161976,0.02661935,0.02202826,0.02740826,0.0026649348615360186,,,,,
8982f0cf1df89c0639f7b4f65dfdf9c92a26eb2e,2026-08-28 19:05:24,iron/operators/layer_norm/test.py::test_layer_norm,input_length_1024-num_aie_columns_2-num_channels_1-tile_size_512,5/5,159.36,157.8,133.6,191.4,24.434667994470484,0.026185794000000002,0.02594869,0.02139753,0.03065754,0.0039566491240859356,,,,,
8982f0cf1df89c0639f7b4f65dfdf9c92a26eb2e,2026-08-28 19:05:24,iron/operators/layer_norm/test.py::test_layer_norm,input_length_1024-num_aie_columns_2-num_channels_2-tile_size_256,5/5,144.24,131.0,121.0,192.7,28.992981909420767,0.02920171,0.03127696,0.02125838,0.03385963,0.005010929764235375,,,,,
8982f0cf1df89c0639f7b4f65dfdf9c92a26eb2e,2026-08-28 19:05:24,iron/operators/layer_norm/test.py::test_layer_norm,input_length_1024-num_aie_columns_4-num_channels_1-tile_size_256,5/5,151.86,146.7,126.7,207.9,32.935436842404265,0.027839812,0.02791921,0.0197051,0.03233063,0.005053794531025178,,,,,
8982f0cf1df89c0639f7b4f65dfdf9c92a26eb2e,2026-08-28 19:05:24,iron/operators/layer_norm/test.py::test_layer_norm,input_length_1024-num_aie_columns_4-num_channels_2-tile_size_128,5/5,245.48,277.5,115.6,326.9,87.6505390742122,0.019321498,0.01476047,0.01253128,0.0354264,0.0095480364896831,,,,,
8982f0cf1df89c0639f7b4f65dfdf9c92a26eb2e,2026-08-28 19:05:24,iron/operators/layer_norm/test.py::test_layer_norm,input_length_1024-num_aie_columns_8-num_channels_1-tile_size_128,5/5,201.24,206.3,151.1,239.3,34.28203611222648,0.02088732,0.0198592,0.01711831,0.0271138,0.003928134805177898,,,,,
8982f0cf1df89c0639f7b4f65dfdf9c92a26eb2e,2026-08-28 19:05:24,iron/operators/layer_norm/test.py::test_layer_norm,input_length_1024-num_aie_columns_8-num_channels_2-tile_size_64,5/5,213.7,189.2,159.4,349.0,77.1396136884286,0.020696052,0.02164562,0.01173592,0.02569588,0.005379775540960794,,,,,
8982f0cf1df89c0639f7b4f65dfdf9c92a26eb2e,2026-08-28 19:05:24,iron/operators/layer_norm/test.py::test_layer_norm,input_length_2048-num_aie_columns_1-num_channels_1-tile_size_2048,5/5,148.66,160.6,116.8,163.7,19.99844993993284,0.056013354,0.05099729,0.05004551,0.07011778,0.008528415289204087,,,,,
8982f0cf1df89c0639f7b4f65dfdf9c92a26eb2e,2026-08-28 19:05:24,iron/operators/layer_norm/test.py::test_layer_norm,input_length_2048-num_aie_columns_1-num_channels_2-tile_size_1024,5/5,158.96,164.6,141.2,170.8,13.586132635890177,0.051857452,0.0497773,0.04796955,0.05803426,0.0045911977916519775,,,,,
8982f0cf1df89c0639f7b4f65dfdf9c92a26eb2e,2026-08-28 19:05:24,iron/operators/layer_norm/test.py::test_layer_norm,input_length_2048-num_aie_columns_2-num_channels_1-tile_size_1024,5/5,137.8,126.7,118.6,182.6,26.01086311524475,0.060899282,0.06465616,0.04486849,0.06908708,0.009617922677619633,,,,,
8982f0cf1df89c0639f7b4f65dfdf9c92a26eb2e,2026-08-28 19:05:24,iron/operators/layer_norm/test.py::test_layer_norm,input_length_2048-num_aie_columns_2-num_channels_2-tile_size_512,5/5,180.04,193.8,140.7,202.0,26.78699311232973,0.046403966,0.0422706,0.04056168,0.05820745,0.007622976998052008,,,,,
8982f0cf1df89c0639f7b4f65dfdf9c92a26eb2e,2026-08-28 19:05:24,iron/operators/layer_norm/test.py::test_layer_norm,input_length_2048-num_aie_columns_4-num_channels_1-tile_size_512,5/5,162.78,168.5,141.4,174.5,13.656024311636234,0.050629323999999996,0.04860856,0.04695848,0.05793535,0.004540242214610361,,,,,
8982f0cf1df89c0639f7b4f65dfdf9c92a26eb2e,2026-08-28 19:05:24,iron/operators/layer_norm/test.py::test_layer_norm,input_length_2048-num_aie_columns_4-num_channels_2-tile_size_256,5/5,184.24,186.1,124.0,234.9,42.16204454245548,0.046632882,0.0440113,0.03487931,0.06608317,0.012090900889874584,,,,,
8982f0cf1df89c0639f7b4f65dfdf9c92a26eb2e,2026-08-28 19:05:24,iron/operators/layer_norm/test.py::test_layer_norm,input_length_2048-num_aie_columns_8-num_channels_1-tile_size_256,5/5,197.48,191.6,181.0,233.3,20.58487308680819,0.041813192,0.04275931,0.03511299,0.04527092,0.003910121126316934,,,,,
8982f0cf1df89c0639f7b4f65dfdf9c92a26eb2e,2026-08-28 19:05:24,iron/operators/layer_norm/test.py::test_layer_norm,input_length_2048-num_aie_columns_8-num_channels_2-tile_size_128,5/5,208.58,221.3,122.9,284.1,58.542053260882476,0.042401218000000004,0.03702247,0.02883685,0.06664823,0.014432947974766625,,,,,
8982f0cf1df89c0639f7b4f65dfdf9c92a26eb2e,2026-08-28 19:05:24,iron/operators/layer_norm/test.py::test_layer_norm,input_length_4096-num_aie_columns_1-num_channels_1-tile_size_4096,5/5,188.56,192.4,157.4,232.3,28.955707554815515,0.08846869,0.08513557,0.07054103,0.1040657,0.012979230234865623,,,,,
8982f0cf1df89c0639f7b4f65dfdf9c92a26eb2e,2026-08-28 19:05:24,iron/operators/layer_norm/test.py::test_layer_norm,input_length_4096-num_aie_columns_1-num_channels_2-tile_size_2048,5/5,174.7,174.8,159.2,198.6,14.971639856742481,0.0943154,0.09374982,0.08249831,0.1029191,0.00769676135545659,,,,,
8982f0cf1df89c0639f7b4f65dfdf9c92a26eb2e,2026-08-28 19:05:24,iron/operators/layer_norm/test.py::test_layer_norm,input_length_4096-num_aie_columns_2-num_channels_1-tile_size_2048,5/5,166.84,161.1,135.9,208.7,27.553366400496323,0.100245264,0.1016838,0.07848736,0.1205255,0.015738771350225528,,,,,
8982f0cf1df89c0639f7b4f65dfdf9c92a26eb2e,2026-08-28 19:05:24,iron/operators/layer_norm/test.py::test_layer_norm,input_length_4096-num_aie_columns_2-num_channels_2-tile_size_1024,5/5,172.68,166.6,154.1,209.8,22.494154796302087,0.096063706,0.0983215,0.07809752,0.106353,0.011338872146363586,,,,,
8982f0cf1df89c0639f7b4f65dfdf9c92a26eb2e,2026-08-28 19:05:24,iron/operators/layer_norm/test.py::test_layer_norm,input_length_4096-num_aie_columns_4-num_channels_1-tile_size_1024,5/5,185.2,180.3,163.7,208.6,20.27214838146169,0.089315306,0.09086422,0.07855133,0.1001088,0.009654181326263766,,,,,
8982f0cf1df89c0639f7b4f65dfdf9c92a26eb2e,2026-08-28 19:05:24,iron/operators/layer_norm/test.py::test_layer_norm,input_length_4096-num_aie_columns_4-num_channels_2-tile_size_512,5/5,164.32,160.4,139.3,185.5,17.733076439242,0.100682686,0.1021415,0.08834107,0.1176547,0.0112603257409091,,,,,
8982f0cf1df89c0639f7b4f65dfdf9c92a26eb2e,2026-08-28 19:05:24,iron/operators/layer_norm/test.py::test_layer_norm,input_length_4096-num_aie_columns_8-num_channels_1-tile_size_512,5/5,171.54,167.5,155.5,201.8,17.98702310000185,0.096288586,0.09780383,0.08120781,0.1053661,0.009233610087746287,,,,,
8982f0cf1df89c0639f7b4f65dfdf9c92a26eb2e,2026-08-28 19:05:24,iron/operators/layer_norm/test.py::test_layer_norm,input_length_4096-num_aie_columns_8-num_channels_2-tile_size_256,5/5,197.96,203.6,152.4,237.7,30.91493166739981,0.084519242,0.08048416,0.06891475,0.1074784,0.014285196078698747,,,,,
8982f0cf1df89c0639f7b4f65dfdf9c92a26eb2e,2026-08-28 19:05:24,iron/operators/layer_norm/test.py::test_layer_norm,input_length_8192-num_aie_columns_1-num_channels_1-tile_size_8192,5/5,160.2,176.7,117.8,200.2,35.406284752851434,0.21334282,0.185438,0.1636837,0.2781333,0.05021202642711207,,,,,
8982f0cf1df89c0639f7b4f65dfdf9c92a26eb2e,2026-08-28 19:05:24,iron/operators/layer_norm/test.py::test_layer_norm,input_length_8192-num_aie_columns_1-num_channels_2-tile_size_4096,5/5,191.1,155.0,127.8,318.1,77.84930956662366,0.19106831999999999,0.2113724,0.1030133,0.2564147,0.06182248951196481,,,,,
8982f0cf1df89c0639f7b4f65dfdf9c92a26eb2e,2026-08-28 19:05:24,iron/operators/layer_norm/test.py::test_layer_norm,input_length_8192-num_aie_columns_2-num_channels_1-tile_size_4096,5/5,215.46,175.0,163.2,290.8,64.22793784639205,0.16253762,0.1872639,0.1126923,0.2007351,0.043868082542402057,,,,,
8982f0cf1df89c0639f7b4f65dfdf9c92a26eb2e,2026-08-28 19:05:24,iron/operators/layer_norm/test.py::test_layer_norm,input_length_8192-num_aie_columns_2-num_channels_2-tile_size_2048,5/5,146.02,140.8,125.6,184.5,23.21253971455946,0.22853632,0.2327967,0.177613,0.2609353,0.03233684251773818,,,,,
8982f0cf1df89c0639f7b4f65dfdf9c92a26eb2e,2026-08-28 19:05:24,iron/operators/layer_norm/test.py::test_layer_norm,input_length_8192-num_aie_columns_4-num_channels_1-tile_size_2048,5/5,155.54,147.9,120.3,200.6,30.668599576765807,0.21712056,0.2215986,0.1633483,0.2724786,0.04128160394380287,,,,,
8982f0cf1df89c0639f7b4f65dfdf9c92a26eb2e,2026-08-28 19:05:24,iron/operators/layer_norm/test.py::test_layer_norm,input_length_8192-num_aie_columns_4-num_channels_2-tile_size_1024,5/5,173.56,162.4,152.6,222.1,28.093824944282684,0.19224156,0.2018119,0.1475684,0.2146736,0.026546294757517484,,,,,
8982f0cf1df89c0639f7b4f65dfdf9c92a26eb2e,2026-08-28 19:05:24,iron/operators/layer_norm/test.py::test_layer_norm,input_length_8192-num_aie_columns_8-num_channels_1-tile_size_1024,5/5,168.4,173.4,122.1,225.5,39.70717819236215,0.20341557999999998,0.1890171,0.1453326,0.2682999,0.04762294047501686,,,,,
8982f0cf1df89c0639f7b4f65dfdf9c92a26eb2e,2026-08-28 19:05:24,iron/operators/layer_norm/test.py::test_layer_norm,input_length_8192-num_aie_columns_8-num_channels_2-tile_size_512,5/5,189.84,188.3,180.3,205.1,10.193527358083651,0.1730097,0.1740498,0.1597738,0.1817889,0.009068562065454481,,,,,
8982f0cf1df89c0639f7b4f65dfdf9c92a26eb2e,2026-08-28 19:05:24,iron/operators/leaky_relu/test.py::test_leaky_relu,input_length_1024-num_aie_columns_1-num_channels_1-tile_size_1024-alpha_0.01,5/5,167.72,165.7,113.3,231.3,42.15794112619828,0.025711552,0.02472295,0.01770631,0.03616266,0.006653966490156078,,,,,
8982f0cf1df89c0639f7b4f65dfdf9c92a26eb2e,2026-08-28 19:05:24,iron/operators/leaky_relu/test.py::test_leaky_relu,input_length_1024-num_aie_columns_1-num_channels_2-tile_size_512-alpha_0.01,5/5,167.42,180.2,133.4,193.7,25.2755217552477,0.024951708,0.02273623,0.02114075,0.03071524,0.004031882970482899,,,,,
8982f0cf1df89c0639f7b4f65dfdf9c92a26eb2e,2026-08-28 19:05:24,iron/operators/leaky_relu/test.py::test_leaky_relu,input_length_1024-num_aie_columns_2-num_channels_1-tile_size_512-alpha_0.01,5/5,149.28,143.7,117.6,208.9,35.47995208564973,0.028514856,0.02851315,0.01960775,0.03481691,0.005736251762438605,,,,,
8982f0cf1df89c0639f7b4f65dfdf9c92a26eb2e,2026-08-28 19:05:24,iron/operators/leaky_relu/test.py::test_leaky_relu,input_length_1024-num_aie_columns_2-num_channels_2-tile_size_256-alpha_0.01,5/5,184.78,177.5,156.5,236.7,31.871413523720587,0.022645112,0.02308022,0.01730453,0.0261645,0.0034898604168605374,,,,,
8982f0cf1df89c0639f7b4f65dfdf9c92a26eb2e,2026-08-28 19:05:24,iron/operators/leaky_relu/test.py::test_leaky_relu,input_length_1024-num_aie_columns_4-num_channels_1-tile_size_256-alpha_0.01,5/5,163.62,177.0,116.9,215.0,43.47047273725005,0.02659843,0.0231351,0.01904948,0.03502861,0.007438035655023442,,,,,
8982f0cf1df89c0639f7b4f65dfdf9c92a26eb2e,2026-08-28 19:05:24,iron/operators/leaky_relu/test.py::test_leaky_relu,input_length_1024-num_aie_columns_4-num_channels_2-tile_size_128-alpha_0.01,5/5,203.78,192.9,138.8,255.5,48.61128469810276,0.021126528,0.02123523,0.01603156,0.02951349,0.005464917056952466,,,,,
8982f0cf1df89c0639f7b4f65dfdf9c92a26eb2e,2026-08-28 19:05:24,iron/operators/leaky_relu/test.py::test_leaky_relu,input_length_1024-num_aie_columns_8-num_channels_1-tile_size_128-alpha_0.01,5/5,198.8,193.9,155.7,276.1,46.07656671237562,0.021378606,0.02112331,0.01483542,0.02630582,0.004240836311086529,,,,,
8982f0cf1df89c0639f7b4f65dfdf9c92a26eb2e,2026-08-28 19:05:24,iron/operators/leaky_relu/test.py::test_leaky_relu,input_length_1024-num_aie_columns_8-num_channels_2-tile_size_64-alpha_0.01,5/5,174.54,181.0,128.1,196.5,27.609110815091455,0.02404839,0.02263296,0.02084977,0.03198151,0.004575581048003629,,,,,
8982f0cf1df89c0639f7b4f65dfdf9c92a26eb2e,2026-08-28 19:05:24,iron/operators/leaky_relu/test.py::test_leaky_relu,input_length_2048-num_aie_columns_1-num_channels_1-tile_size_2048-alpha_0.01,5/5,162.04,158.3,133.2,205.6,28.130463913700392,0.051711316,0.05174625,0.03985192,0.06151859,0.008365179276257623,,,,,
8982f0cf1df89c0639f7b4f65dfdf9c92a26eb2e,2026-08-28 19:05:24,iron/operators/leaky_relu/test.py::test_leaky_relu,input_length_2048-num_aie_columns_1-num_channels_1-tile_size_2048-alpha_0.1,5/5,166.62,155.5,133.6,218.0,32.413993891527774,0.050542034,0.05267964,0.03757884,0.0613293,0.00894405747475272,,,,,
8982f0cf1df89c0639f7b4f65dfdf9c92a26eb2e,2026-08-28 19:05:24,iron/operators/leaky_relu/test.py::test_leaky_relu,input_length_2048-num_aie_columns_1-num_channels_1-tile_size_2048-alpha_0.25,5/5,194.96,190.5,172.4,243.4,28.24222016768512,0.04264443,0.04300195,0.03365059,0.0475152,0.005404820047110726,,,,,
8982f0cf1df89c0639f7b4f65dfdf9c92a26eb2e,2026-08-28 19:05:24,iron/operators/leaky_relu/test.py::test_leaky_relu,input_length_2048-num_aie_columns_1-num_channels_2-tile_size_1024-alpha_0.01,5/5,150.54,137.2,122.9,183.7,26.340140470392328,0.055712082,0.05969453,0.04458717,0.06663196,0.009370647278436534,,,,,
8982f0cf1df89c0639f7b4f65dfdf9c92a26eb2e,2026-08-28 19:05:24,iron/operators/leaky_relu/test.py::test_leaky_relu,input_length_2048-num_aie_columns_2-num_channels_1-tile_size_1024-alpha_0.01,5/5,164.42,149.0,124.7,216.1,39.123100592872234,0.052037956,0.05498208,0.03791522,0.06567892,0.011726305371187039,,,,,
8982f0cf1df89c0639f7b4f65dfdf9c92a26eb2e,2026-08-28 19:05:24,iron/operators/leaky_relu/test.py::test_leaky_relu,input_length_2048-num_aie_columns_2-num_channels_2-tile_size_512-alpha_0.01,5/5,178.5,166.2,113.6,253.7,52.267867758308256,0.049256931999999996,0.04929416,0.03229482,0.07212156,0.014902986457456103,,,,,
8982f0cf1df89c0639f7b4f65dfdf9c92a26eb2e,2026-08-28 19:05:24,iron/operators/leaky_relu/test.py::test_leaky_relu,input_length_2048-num_aie_columns_4-num_channels_1-tile_size_512-alpha_0.01,5/5,185.04,189.2,143.6,208.4,25.69850190186191,0.045060656,0.04329581,0.03931166,0.05706603,0.007133710763233956,,,,,
8982f0cf1df89c0639f7b4f65dfdf9c92a26eb2e,2026-08-28 19:05:24,iron/operators/leaky_relu/test.py::test_leaky_relu,input_length_2048-num_aie_columns_4-num_channels_2-tile_size_256-alpha_0.01,5/5,197.82,196.8,155.6,239.7,30.555065046567975,0.042236642,0.04162094,0.03417933,0.05263226,0.006771303268752625,,,,,
8982f0cf1df89c0639f7b4f65dfdf9c92a26eb2e,2026-08-28 19:05:24,iron/operators/leaky_relu/test.py::test_leaky_relu,input_length_2048-num_aie_columns_8-num_channels_1-tile_size_256-alpha_0.01,5/5,205.74,201.9,148.4,280.6,47.48534510772772,0.041470138,0.04056972,0.02919625,0.0551936,0.009229672116679986,,,,,
8982f0cf1df89c0639f7b4f65dfdf9c92a26eb2e,2026-08-28 19:05:24,iron/operators/leaky_relu/test.py::test_leaky_relu,input_length_2048-num_aie_columns_8-num_channels_2-tile_size_128-alpha_0.01,5/5,213.38,219.1,174.2,239.1,24.3124865038523,0.038835194,0.03739325,0.03426826,0.04701777,0.0048843071628154175,,,,,
8982f0cf1df89c0639f7b4f65dfdf9c92a26eb2e,2026-08-28 19:05:24,iron/operators/leaky_relu/test.py::test_leaky_relu,input_length_4096-num_aie_columns_1-num_channels_1-tile_size_4096-alpha_0.01,5/5,157.57999999999998,164.6,115.7,184.2,25.4551959332471,0.106595722,0.0995546,0.08895646,0.1416566,0.02038438422419034,,,,,
8982f0cf1df89c0639f7b4f65dfdf9c92a26eb2e,2026-08-28 19:05:24,iron/operators/leaky_relu/test.py::test_leaky_relu,input_length_4096-num_aie_columns_1-num_channels_2-tile_size_2048-alpha_0.01,5/5,194.29999999999998,166.6,149.0,289.9,57.50352163128793,0.08932477,0.09836873,0.05652345,0.1099575,0.02143549027437791,,,,,
8982f0cf1df89c0639f7b4f65dfdf9c92a26eb2e,2026-08-28 19:05:24,iron/operators/leaky_relu/test.py::test_leaky_relu,input_length_4096-num_aie_columns_2-num_channels_1-tile_size_2048-alpha_0.01,5/5,187.5,171.7,126.5,305.2,71.36431180919493,0.096188072,0.09542947,0.05367931,0.1295178,0.02997754377478031,,,,,
8982f0cf1df89c0639f7b4f65dfdf9c92a26eb2e,2026-08-28 19:05:24,iron/operators/leaky_relu/test.py::test_leaky_relu,input_length_4096-num_aie_columns_2-num_channels_2-tile_size_1024-alpha_0.01,5/5,161.98,163.2,124.0,193.9,26.060353029074648,0.103453426,0.1003854,0.08448453,0.1321557,0.01806225444409916,,,,,
8982f0cf1df89c0639f7b4f65dfdf9c92a26eb2e,2026-08-28 19:05:24,iron/operators/leaky_relu/test.py::test_leaky_relu,input_length_4096-num_aie_columns_4-num_channels_1-tile_size_1024-alpha_0.01,5/5,179.2,172.3,150.7,213.2,26.058683773360464,0.09295344999999999,0.09509658,0.07684262,0.1087215,0.013204877154017752,,,,,
8982f0cf1df89c0639f7b4f65dfdf9c92a26eb2e,2026-08-28 19:05:24,iron/operators/leaky_relu/test.py::test_leaky_relu,input_length_4096-num_aie_columns_4-num_channels_2-tile_size_512-alpha_0.01,5/5,184.1,171.4,116.7,260.7,63.23792374833316,0.09802986,0.09556919,0.06284233,0.1403797,0.03348450090419223,,,,,
8982f0cf1df89c0639f7b4f65dfdf9c92a26eb2e,2026-08-28 19:05:24,iron/operators/leaky_relu/test.py::test_leaky_relu,input_length_4096-num_aie_columns_8-num_channels_1-tile_size_512-alpha_0.01,5/5,196.38,181.8,158.2,254.1,42.91610420343394,0.086536928,0.09014283,0.06448515,0.1035841,0.01780108212601891,,,,,
8982f0cf1df89c0639f7b4f65dfdf9c92a26eb2e,2026-08-28 19:05:24,iron/operators/leaky_relu/test.py::test_leaky_relu,input_length_4096-num_aie_columns_8-num_channels_2-tile_size_256-alpha_0.01,5/5,208.74,209.2,170.1,233.5,25.081925763385872,0.079480992,0.07830318,0.0701538,0.09632887,0.010400148840851747,,,,,
8982f0cf1df89c0639f7b4f65dfdf9c92a26eb2e,2026-08-28 19:05:24,iron/operators/leaky_relu/test.py::test_leaky_relu,input_length_8192-num_aie_columns_1-num_channels_2-tile_size_4096-alpha_0.01,5/5,172.08,173.0,126.9,248.2,48.91060212264821,0.20205672,0.1894553,0.1320481,0.2582985,0.052198195436355836,,,,,
8982f0cf1df89c0639f7b4f65dfdf9c92a26eb2e,2026-08-28 19:05:24,iron/operators/leaky_relu/test.py::test_leaky_relu,input_length_8192-num_aie_columns_2-num_channels_1-tile_size_4096-alpha_0.01,5/5,157.6,160.3,127.9,176.3,18.239791665476883,0.21039574,0.2044231,0.1858165,0.2561741,0.02711406833376357,,,,,
8982f0cf1df89c0639f7b4f65dfdf9c92a26eb2e,2026-08-28 19:05:24,iron/operators/leaky_relu/test.py::test_leaky_relu,input_length_8192-num_aie_columns_2-num_channels_2-tile_size_2048-alpha_0.01,5/5,152.02,153.3,131.8,177.0,19.229196551078253,0.21836065999999998,0.2137759,0.1851645,0.248655,0.0274688235287389,,,,,
8982f0cf1df89c0639f7b4f65dfdf9c92a26eb2e,2026-08-28 19:05:24,iron/operators/leaky_relu/test.py::test_leaky_relu,input_length_8192-num_aie_columns_4-num_channels_1-tile_size_2048-alpha_0.01,5/5,173.42,169.0,144.9,235.1,36.783651259764845,0.19487856,0.1939268,0.1393808,0.226086,0.03532032001848228,,,,,
8982f0cf1df89c0639f7b4f65dfdf9c92a26eb2e,2026-08-28 19:05:24,iron/operators/leaky_relu/test.py::test_leaky_relu,input_length_8192-num_aie_columns_4-num_channels_2-tile_size_1024-alpha_0.01,5/5,163.64000000000001,162.9,147.4,188.8,15.495257338940846,0.20162818,0.2011788,0.1735869,0.2223655,0.017998040955253994,,,,,
8982f0cf1df89c0639f7b4f65dfdf9c92a26eb2e,2026-08-28 19:05:24,iron/operators/leaky_relu/test.py::test_leaky_relu,input_length_8192-num_aie_columns_8-num_channels_1-tile_size_1024-alpha_0.01,5/5,168.3,163.9,139.3,203.2,22.988801621659178,0.19757874,0.1999866,0.161294,0.2351911,0.02641547434010981,,,,,
8982f0cf1df89c0639f7b4f65dfdf9c92a26eb2e,2026-08-28 19:05:24,iron/operators/leaky_relu/test.py::test_leaky_relu,input_length_8192-num_aie_columns_8-num_channels_2-tile_size_512-alpha_0.01,5/5,195.38,191.7,188.3,206.9,7.459691682636755,0.1679142,0.1709471,0.158373,0.1740128,0.006261038997243184,,,,,
8982f0cf1df89c0639f7b4f65dfdf9c92a26eb2e,2026-08-28 19:05:24,iron/operators/mem_copy/test.py::test_mem_copy,input_length_1024-num_cores_1-num_channels_1-bypass_False-tile_size_1024,5/5,170.32,161.3,150.7,202.5,20.19509841520957,0.024303942000000002,0.02538628,0.02022766,0.02718759,0.0026775627298758096,,,,,
8982f0cf1df89c0639f7b4f65dfdf9c92a26eb2e,2026-08-28 19:05:24,iron/operators/mem_copy/test.py::test_mem_copy,input_length_1024-num_cores_1-num_channels_1-bypass_True-tile_size_1024,5/5,158.66,155.7,136.9,187.0,18.594972438807215,0.026089936,0.02631089,0.02190784,0.02990873,0.002944020844870158,,,,,
8982f0cf1df89c0639f7b4f65dfdf9c92a26eb2e,2026-08-28 19:05:24,iron/operators/mem_copy/test.py::test_mem_copy,input_length_1024-num_cores_16-num_channels_2-bypass_False-tile_size_64,5/5,226.74,219.2,204.9,250.9,18.948693886386998,0.018164356,0.01868298,0.01632471,0.01998936,0.001498240635321977,,,,,
8982f0cf1df89c0639f7b4f65dfdf9c92a26eb2e,2026-08-28 19:05:24,iron/operators/mem_copy/test.py::test_mem_copy,input_length_1024-num_cores_16-num_channels_2-bypass_True-tile_size_64,5/5,242.28,231.2,183.1,331.9,56.77369109015196,0.017597382,0.0177178,0.01234214,0.02236919,0.0037612359045425484,,,,,
8982f0cf1df89c0639f7b4f65dfdf9c92a26eb2e,2026-08-28 19:05:24,iron/operators/mem_copy/test.py::test_mem_copy,input_length_1024-num_cores_2-num_channels_1-bypass_False-tile_size_512,5/5,160.04000000000002,168.3,123.8,187.3,25.55216233511364,0.02616863,0.02433157,0.02187368,0.03308161,0.0045397354945910665,,,,,
8982f0cf1df89c0639f7b4f65dfdf9c92a26eb2e,2026-08-28 19:05:24,iron/operators/mem_copy/test.py::test_mem_copy,input_length_1024-num_cores_2-num_channels_1-bypass_True-tile_size_512,5/5,178.68,173.0,151.2,225.6,28.335348947913097,0.02334274,0.02367781,0.01815209,0.02709765,0.0033252712038268403,,,,,
8982f0cf1df89c0639f7b4f65dfdf9c92a26eb2e,2026-08-28 19:05:24,iron/operators/mem_copy/test.py::test_mem_copy,input_length_1024-num_cores_2-num_channels_2-bypass_False-tile_size_512,5/5,198.98,200.3,168.1,231.0,24.89853409339594,0.020846252,0.02044504,0.01773314,0.0243679,0.0026337817443117793,,,,,
8982f0cf1df89c0639f7b4f65dfdf9c92a26eb2e,2026-08-28 19:05:24,iron/operators/mem_copy/test.py::test_mem_copy,input_length_1024-num_cores_2-num_channels_2-bypass_True-tile_size_512,5/5,180.0,178.1,126.7,224.0,40.00012499980469,0.023757892,0.02300103,0.01828849,0.03234084,0.005701629449299561,,,,,
8982f0cf1df89c0639f7b4f65dfdf9c92a26eb2e,2026-08-28 19:05:24,iron/operators/mem_copy/test.py::test_mem_copy,input_length_1024-num_cores_4-num_channels_1-bypass_False-tile_size_256,5/5,205.7,186.4,165.6,254.5,39.05163248828402,0.020477578,0.02197602,0.01609531,0.02473803,0.0037203370707060935,,,,,
8982f0cf1df89c0639f7b4f65dfdf9c92a26eb2e,2026-08-28 19:05:24,iron/operators/mem_copy/test.py::test_mem_copy,input_length_1024-num_cores_4-num_channels_1-bypass_True-tile_size_256,5/5,166.06,167.5,132.4,203.4,28.769654151553507,0.025273254,0.02445242,0.02013499,0.03094076,0.004410941253783597,,,,,
8982f0cf1df89c0639f7b4f65dfdf9c92a26eb2e,2026-08-28 19:05:24,iron/operators/mem_copy/test.py::test_mem_copy,input_length_1024-num_cores_4-num_channels_2-bypass_False-tile_size_256,5/5,180.28,181.4,152.9,207.7,20.062577102655574,0.022949236,0.02257807,0.01972018,0.02678682,0.0025989537163885776,,,,,
8982f0cf1df89c0639f7b4f65dfdf9c92a26eb2e,2026-08-28 19:05:24,iron/operators/mem_copy/test.py::test_mem_copy,input_length_1024-num_cores_4-num_channels_2-bypass_True-tile_size_256,5/5,195.88,195.1,174.5,216.9,17.252594007858644,0.021039634,0.02099103,0.01888054,0.02346982,0.0018619589700312944,,,,,
8982f0cf1df89c0639f7b4f65dfdf9c92a26eb2e,2026-08-28 19:05:24,iron/operators/mem_copy/test.py::test_mem_copy,input_length_1024-num_cores_8-num_channels_1-bypass_False-tile_size_128,5/5,190.72,186.2,139.9,246.5,38.093267121631875,0.022189906,0.02200211,0.01661805,0.0292768,0.004563970592294608,,,,,
8982f0cf1df89c0639f7b4f65dfdf9c92a26eb2e,2026-08-28 19:05:24,iron/operators/mem_copy/test.py::test_mem_copy,input_length_1024-num_cores_8-num_channels_1-bypass_True-tile_size_128,5/5,202.92,204.0,182.6,219.5,15.125376028383565,0.020276784,0.02007755,0.01865821,0.02242823,0.0015407774687734759,,,,,
8982f0cf1df89c0639f7b4f65dfdf9c92a26eb2e,2026-08-28 19:05:24,iron/operators/mem_copy/test.py::test_mem_copy,input_length_1024-num_cores_8-num_channels_2-bypass_False-tile_size_128,5/5,204.76,194.9,152.3,280.4,46.71459086837857,0.020781514,0.02101795,0.01460807,0.0268874,0.004365164639727807,,,,,
8982f0cf1df89c0639f7b4f65dfdf9c92a26eb2e,2026-08-28 19:05:24,iron/operators/mem_copy/test.py::test_mem_copy,input_length_1024-num_cores_8-num_channels_2-bypass_True-tile_size_128,5/5,210.96,207.9,183.5,250.7,24.81588201132492,0.019619004,0.01969846,0.01634106,0.02232165,0.0021741527686273557,,,,,
8982f0cf1df89c0639f7b4f65dfdf9c92a26eb2e,2026-08-28 19:05:24,iron/operators/mem_copy/test.py::test_mem_copy,input_length_2048-num_cores_1-num_channels_1-bypass_False-tile_size_2048,5/5,181.98,183.9,130.2,234.5,42.79482445343129,0.047157238,0.04455322,0.03493152,0.06293937,0.011522696879427575,,,,,
8982f0cf1df89c0639f7b4f65dfdf9c92a26eb2e,2026-08-28 19:05:24,iron/operators/mem_copy/test.py::test_mem_copy,input_length_2048-num_cores_1-num_channels_1-bypass_True-tile_size_2048,5/5,187.52,179.4,147.2,231.7,31.65844279177357,0.044699712,0.04566052,0.03536202,0.05567108,0.007591802739700234,,,,,
8982f0cf1df89c0639f7b4f65dfdf9c92a26eb2e,2026-08-28 19:05:24,iron/operators/mem_copy/test.py::test_mem_copy,input_length_2048-num_cores_16-num_channels_2-bypass_False-tile_size_128,5/5,239.42,236.5,181.6,301.0,42.29842786676593,0.035100806,0.03463262,0.02721748,0.04510119,0.006402909678902241,,,,,
8982f0cf1df89c0639f7b4f65dfdf9c92a26eb2e,2026-08-28 19:05:24,iron/operators/mem_copy/test.py::test_mem_copy,input_length_2048-num_cores_16-num_channels_2-bypass_True-tile_size_128,5/5,198.46,193.5,161.1,244.0,30.23281329945991,0.04203493,0.04234073,0.03357171,0.05085451,0.0062595412761200005,,,,,
8982f0cf1df89c0639f7b4f65dfdf9c92a26eb2e,2026-08-28 19:05:24,iron/operators/mem_copy/test.py::test_mem_copy,input_length_2048-num_cores_2-num_channels_1-bypass_False-tile_size_1024,5/5,193.84,169.9,147.4,261.4,49.96141511206422,0.044425934,0.0482044,0.0313417,0.05559175,0.01055275812035792,,,,,
8982f0cf1df89c0639f7b4f65dfdf9c92a26eb2e,2026-08-28 19:05:24,iron/operators/mem_copy/test.py::test_mem_copy,input_length_2048-num_cores_2-num_channels_1-bypass_True-tile_size_1024,5/5,196.16,193.3,148.3,228.1,31.49012543639672,0.042738182,0.04238038,0.03591974,0.05523119,0.007661467064190121,,,,,
8982f0cf1df89c0639f7b4f65dfdf9c92a26eb2e,2026-08-28 19:05:24,iron/operators/mem_copy/test.py::test_mem_copy,input_length_2048-num_cores_2-num_channels_2-bypass_False-tile_size_1024,5/5,146.88,142.8,131.3,175.4,17.759983108100073,0.056374099999999996,0.05737418,0.04669589,0.06238197,0.00630032700790602,,,,,
8982f0cf1df89c0639f7b4f65dfdf9c92a26eb2e,2026-08-28 19:05:24,iron/operators/mem_copy/test.py::test_mem_copy,input_length_2048-num_cores_2-num_channels_2-bypass_True-tile_size_1024,5/5,179.56,175.3,132.0,265.0,51.60923366995483,0.048269062,0.04672492,0.03091146,0.06204087,0.011791136695705803,,,,,
8982f0cf1df89c0639f7b4f65dfdf9c92a26eb2e,2026-08-28 19:05:24,iron/operators/mem_copy/test.py::test_mem_copy,input_length_2048-num_cores_4-num_channels_1-bypass_False-tile_size_512,5/5,160.68,140.7,135.8,198.4,30.298135256150672,0.052370028,0.05820745,0.04129927,0.06031157,0.009213398254412974,,,,,
8982f0cf1df89c0639f7b4f65dfdf9c92a26eb2e,2026-08-28 19:05:24,iron/operators/mem_copy/test.py::test_mem_copy,input_length_2048-num_cores_4-num_channels_1-bypass_True-tile_size_512,5/5,190.68,194.9,140.1,248.0,42.49202278075263,0.04474493,0.04202513,0.03303865,0.05848254,0.010129357349326263,,,,,
8982f0cf1df89c0639f7b4f65dfdf9c92a26eb2e,2026-08-28 19:05:24,iron/operators/mem_copy/test.py::test_mem_copy,input_length_2048-num_cores_4-num_channels_2-bypass_False-tile_size_512,5/5,196.44,203.3,137.1,292.4,63.50207083237522,0.04514009,0.04030385,0.02801488,0.05975593,0.013651012301380803,,,,,
8982f0cf1df89c0639f7b4f65dfdf9c92a26eb2e,2026-08-28 19:05:24,iron/operators/mem_copy/test.py::test_mem_copy,input_length_2048-num_cores_4-num_channels_2-bypass_True-tile_size_512,5/5,170.16,176.7,138.9,190.4,20.010322336234367,0.048726102,0.04635687,0.04301798,0.05897598,0.006285503033761099,,,,,
8982f0cf1df89c0639f7b4f65dfdf9c92a26eb2e,2026-08-28 19:05:24,iron/operators/mem_copy/test.py::test_mem_copy,input_length_2048-num_cores_8-num_channels_1-bypass_False-tile_size_256,5/5,182.16,172.8,169.4,210.8,17.18801908307063,0.0452725,0.04739397,0.03886498,0.04837262,0.003929981123001737,,,,,
8982f0cf1df89c0639f7b4f65dfdf9c92a26eb2e,2026-08-28 19:05:24,iron/operators/mem_copy/test.py::test_mem_copy,input_length_2048-num_cores_8-num_channels_1-bypass_True-tile_size_256,5/5,212.18,183.6,148.6,358.4,83.75142983854066,0.042304004,0.04461412,0.02285765,0.05511562,0.012016164257791668,,,,,
8982f0cf1df89c0639f7b4f65dfdf9c92a26eb2e,2026-08-28 19:05:24,iron/operators/mem_copy/test.py::test_mem_copy,input_length_2048-num_cores_8-num_channels_2-bypass_False-tile_size_256,5/5,181.78,181.4,169.6,193.4,10.537646796130527,0.045183028,0.04515364,0.0423473,0.04830103,0.002627941774577589,,,,,
8982f0cf1df89c0639f7b4f65dfdf9c92a26eb2e,2026-08-28 19:05:24,iron/operators/mem_copy/test.py::test_mem_copy,input_length_2048-num_cores_8-num_channels_2-bypass_True-tile_size_256,5/5,208.29999999999998,204.1,179.2,238.5,22.222398610411076,0.039689332,0.04014132,0.03435046,0.04571403,0.004253191374905437,,,,,
8982f0cf1df89c0639f7b4f65dfdf9c92a26eb2e,2026-08-28 19:05:24,iron/operators/mem_copy/test.py::test_mem_copy,input_length_4096-num_cores_1-num_channels_1-bypass_False-tile_size_4096,5/5,184.02,131.8,113.5,367.6,106.7931271196794,0.107556416,0.1242709,0.04456534,0.1442939,0.04155903922607547,,,,,
8982f0cf1df89c0639f7b4f65dfdf9c92a26eb2e,2026-08-28 19:05:24,iron/operators/mem_copy/test.py::test_mem_copy,input_length_4096-num_cores_1-num_channels_1-bypass_True-tile_size_4096,5/5,172.14000000000001,168.3,137.7,202.9,25.919645059298176,0.096978518,0.09734419,0.08074277,0.1190075,0.015113987249236053,,,,,
8982f0cf1df89c0639f7b4f65dfdf9c92a26eb2e,2026-08-28 19:05:24,iron/operators/mem_copy/test.py::test_mem_copy,input_length_4096-num_cores_16-num_channels_2-bypass_False-tile_size_256,5/5,213.06,209.2,206.3,224.1,7.921679114935161,0.076985074,0.07833313,0.07310794,0.07943681,0.002822138525290707,,,,,
8982f0cf1df89c0639f7b4f65dfdf9c92a26eb2e,2026-08-28 19:05:24,iron/operators/mem_copy/test.py::test_mem_copy,input_length_4096-num_cores_16-num_channels_2-bypass_True-tile_size_256,5/5,230.98,220.3,176.4,291.5,42.20008293830712,0.072870028,0.07435477,0.05621085,0.09287719,0.013455724736873892,,,,,
8982f0cf1df89c0639f7b4f65dfdf9c92a26eb2e,2026-08-28 19:05:24,iron/operators/mem_copy/test.py::test_mem_copy,input_length_4096-num_cores_2-num_channels_1-bypass_False-tile_size_2048,5/5,172.1,179.5,128.3,196.4,27.607698201769733,0.097512314,0.09129001,0.08342881,0.1277465,0.01810843371695714,,,,,
8982f0cf1df89c0639f7b4f65dfdf9c92a26eb2e,2026-08-28 19:05:24,iron/operators/mem_copy/test.py::test_mem_copy,input_length_4096-num_cores_2-num_channels_1-bypass_True-tile_size_2048,5/5,156.24,139.5,123.1,192.9,33.01920653195652,0.10856534600000001,0.1174775,0.08491891,0.1331015,0.021896674650948262,,,,,
8982f0cf1df89c0639f7b4f65dfdf9c92a26eb2e,2026-08-28 19:05:24,iron/operators/mem_copy/test.py::test_mem_copy,input_length_4096-num_cores_2-num_channels_2-bypass_False-tile_size_2048,5/5,195.85999999999999,191.1,111.9,305.9,71.79542464530729,0.09317083,0.08575631,0.05356489,0.1464387,0.03452067100849215,,,,,
8982f0cf1df89c0639f7b4f65dfdf9c92a26eb2e,2026-08-28 19:05:24,iron/operators/mem_copy/test.py::test_mem_copy,input_length_4096-num_cores_2-num_channels_2-bypass_True-tile_size_2048,5/5,156.8,162.2,125.3,177.3,19.948809488287772,0.106010272,0.1010373,0.09238907,0.1307488,0.014974109411606753,,,,,
8982f0cf1df89c0639f7b4f65dfdf9c92a26eb2e,2026-08-28 19:05:24,iron/operators/mem_copy/test.py::test_mem_copy,input_length_4096-num_cores_4-num_channels_1-bypass_False-tile_size_1024,5/5,161.94,186.3,107.4,194.0,38.53327133789708,0.106777158,0.08792341,0.0844584,0.1525725,0.029687719272788876,,,,,
8982f0cf1df89c0639f7b4f65dfdf9c92a26eb2e,2026-08-28 19:05:24,iron/operators/mem_copy/test.py::test_mem_copy,input_length_4096-num_cores_4-num_channels_1-bypass_True-tile_size_1024,5/5,164.4,171.7,117.4,200.6,30.74434907426078,0.10292022,0.09539614,0.08168638,0.1395761,0.022102433353922823,,,,,
8982f0cf1df89c0639f7b4f65dfdf9c92a26eb2e,2026-08-28 19:05:24,iron/operators/mem_copy/test.py::test_mem_copy,input_length_4096-num_cores_4-num_channels_2-bypass_False-tile_size_1024,5/5,156.56,152.1,110.7,198.3,33.06551073248378,0.108792984,0.107754,0.08262354,0.1479769,0.024928727561162843,,,,,
8982f0cf1df89c0639f7b4f65dfdf9c92a26eb2e,2026-08-28 19:05:24,iron/operators/mem_copy/test.py::test_mem_copy,input_length_4096-num_cores_4-num_channels_2-bypass_True-tile_size_1024,5/5,172.44,163.1,145.4,221.5,31.078336506318994,0.097279402,0.1004599,0.07396773,0.1126854,0.015836413523453472,,,,,
8982f0cf1df89c0639f7b4f65dfdf9c92a26eb2e,2026-08-28 19:05:24,iron/operators/mem_copy/test.py::test_mem_copy,input_length_4096-num_cores_8-num_channels_1-bypass_False-tile_size_512,5/5,190.57999999999998,191.2,137.7,243.5,42.44074693027916,0.08963337,0.08570203,0.06729841,0.1189902,0.020770827314785755,,,,,
8982f0cf1df89c0639f7b4f65dfdf9c92a26eb2e,2026-08-28 19:05:24,iron/operators/mem_copy/test.py::test_mem_copy,input_length_4096-num_cores_8-num_channels_1-bypass_True-tile_size_512,5/5,167.78,157.6,137.0,220.7,35.45274319428611,0.100937236,0.1039858,0.07423316,0.1196,0.01957655080576964,,,,,
8982f0cf1df89c0639f7b4f65dfdf9c92a26eb2e,2026-08-28 19:05:24,iron/operators/mem_copy/test.py::test_mem_copy,input_length_4096-num_cores_8-num_channels_2-bypass_False-tile_size_512,5/5,176.6,170.3,138.9,230.4,34.68580401259282,0.095478882,0.09619879,0.07111173,0.1179172,0.017504915269228524,,,,,
8982f0cf1df89c0639f7b4f65dfdf9c92a26eb2e,2026-08-28 19:05:24,iron/operators/mem_copy/test.py::test_mem_copy,input_length_4096-num_cores_8-num_channels_2-bypass_True-tile_size_512,5/5,178.34,180.9,144.3,208.0,24.45655331398928,0.09334376800000001,0.0905869,0.07875181,0.1135688,0.01346090471145866,,,,,
8982f0cf1df89c0639f7b4f65dfdf9c92a26eb2e,2026-08-28 19:05:24,iron/operators/mem_copy/test.py::test_mem_copy,input_length_8192-num_cores_1-num_channels_1-bypass_False-tile_size_8192,5/5,187.74,185.2,136.6,237.9,39.26032348312989,0.18109696,0.1769789,0.1377658,0.2399198,0.03966151265626413,,,,,
8982f0cf1df89c0639f7b4f65dfdf9c92a26eb2e,2026-08-28 19:05:24,iron/operators/mem_copy/test.py::test_mem_copy,input_length_8192-num_cores_1-num_channels_1-bypass_True-tile_size_8192,5/5,180.7,176.1,121.6,229.6,39.74065927988614,0.189647,0.1860602,0.1427259,0.2695158,0.04818045232098803,,,,,
8982f0cf1df89c0639f7b4f65dfdf9c92a26eb2e,2026-08-28 19:05:24,iron/operators/mem_copy/test.py::test_mem_copy,input_length_8192-num_cores_16-num_channels_2-bypass_False-tile_size_512,5/5,215.7,217.5,160.0,280.7,44.84400740344243,0.15725756,0.1506339,0.1167267,0.2047424,0.03280775179592469,,,,,
8982f0cf1df89c0639f7b4f65dfdf9c92a26eb2e,2026-08-28 19:05:24,iron/operators/mem_copy/test.py::test_mem_copy,input_length_8192-num_cores_16-num_channels_2-bypass_True-tile_size_512,5/5,209.52,217.3,181.1,238.4,22.495710702265004,0.15785256,0.1507656,0.1374647,0.1809037,0.017184715662413506,,,,,
8982f0cf1df89c0639f7b4f65dfdf9c92a26eb2e,2026-08-28 19:05:24,iron/operators/mem_copy/test.py::test_mem_copy,input_length_8192-num_cores_2-num_channels_1-bypass_False-tile_size_4096,5/5,200.16,188.8,139.7,296.3,63.192190973252394,0.17619042,0.1735602,0.1105932,0.2346354,0.05057481654224759,,,,,
8982f0cf1df89c0639f7b4f65dfdf9c92a26eb2e,2026-08-28 19:05:24,iron/operators/mem_copy/test.py::test_mem_copy,input_length_8192-num_cores_2-num_channels_1-bypass_True-tile_size_4096,5/5,163.48,156.1,144.8,189.0,17.25505722969356,0.20217498,0.2098804,0.1734124,0.2262905,0.02048542692176563,,,,,
8982f0cf1df89c0639f7b4f65dfdf9c92a26eb2e,2026-08-28 19:05:24,iron/operators/mem_copy/test.py::test_mem_copy,input_length_8192-num_cores_2-num_channels_2-bypass_False-tile_size_4096,5/5,169.0,176.0,134.8,205.6,30.833747744962817,0.19933744,0.1862189,0.1593604,0.2431474,0.037353729495634036,,,,,
8982f0cf1df89c0639f7b4f65dfdf9c92a26eb2e,2026-08-28 19:05:24,iron/operators/mem_copy/test.py::test_mem_copy,input_length_8192-num_cores_2-num_channels_2-bypass_True-tile_size_4096,5/5,179.46,174.3,144.7,219.3,31.368901797799683,0.18709756,0.1880182,0.1494434,0.226508,0.03227955113981605,,,,,
8982f0cf1df89c0639f7b4f65dfdf9c92a26eb2e,2026-08-28 19:05:24,iron/operators/mem_copy/test.py::test_mem_copy,input_length_8192-num_cores_4-num_channels_1-bypass_False-tile_size_2048,5/5,189.68,191.3,156.2,206.9,20.61678927476343,0.17454156,0.1712518,0.1583737,0.2097461,0.020971817193033128,,,,,
8982f0cf1df89c0639f7b4f65dfdf9c92a26eb2e,2026-08-28 19:05:24,iron/operators/mem_copy/test.py::test_mem_copy,input_length_8192-num_cores_4-num_channels_1-bypass_True-tile_size_2048,5/5,180.9,182.4,144.3,219.4,26.980363229578654,0.18444232,0.1796422,0.1493541,0.2270447,0.028101792135591636,,,,,
8982f0cf1df89c0639f7b4f65dfdf9c92a26eb2e,2026-08-28 19:05:24,iron/operators/mem_copy/test.py::test_mem_copy,input_length_8192-num_cores_4-num_channels_2-bypass_False-tile_size_2048,5/5,154.1,153.9,129.2,191.0,24.976488944605485,0.21695698,0.2128857,0.1715746,0.2536517,0.033583364881842916,,,,,
8982f0cf1df89c0639f7b4f65dfdf9c92a26eb2e,2026-08-28 19:05:24,iron/operators/mem_copy/test.py::test_mem_copy,input_length_8192-num_cores_4-num_channels_2-bypass_True-tile_size_2048,5/5,159.94,165.4,128.2,175.6,18.576006029284127,0.20744176,0.1980849,0.1866548,0.2555528,0.027640894529899,,,,,
8982f0cf1df89c0639f7b4f65dfdf9c92a26eb2e,2026-08-28 19:05:24,iron/operators/mem_copy/test.py::test_mem_copy,input_length_8192-num_cores_8-num_channels_1-bypass_False-tile_size_1024,5/5,172.57999999999998,174.3,130.2,206.6,27.354195290667942,0.19418828,0.1879858,0.1585883,0.2517382,0.03448821339018594,,,,,
8982f0cf1df89c0639f7b4f65dfdf9c92a26eb2e,2026-08-28 19:05:24,iron/operators/mem_copy/test.py::test_mem_copy,input_length_8192-num_cores_8-num_channels_1-bypass_True-tile_size_1024,5/5,182.2,176.9,159.9,213.7,23.48425004125104,0.18218652,0.1851854,0.1533171,0.2049742,0.022786659183983062,,,,,
8982f0cf1df89c0639f7b4f65dfdf9c92a26eb2e,2026-08-28 19:05:24,iron/operators/mem_copy/test.py::test_mem_copy,input_length_8192-num_cores_8-num_channels_2-bypass_False-tile_size_1024,5/5,196.76,188.7,169.0,242.0,27.517503520486738,0.16894328,0.1736522,0.1353988,0.1939153,0.021557727288770492,,,,,
8982f0cf1df89c0639f7b4f65dfdf9c92a26eb2e,2026-08-28 19:05:24,iron/operators/mem_copy/test.py::test_mem_copy,input_length_8192-num_cores_8-num_channels_2-bypass_True-tile_size_1024,5/5,192.82,191.6,151.8,242.9,32.877378240972924,0.17383726,0.1710096,0.1349021,0.2158502,0.029042749287696575,,,,,
8982f0cf1df89c0639f7b4f65dfdf9c92a26eb2e,2026-08-28 19:05:24,iron/operators/mha/test.py::test_mha,seq_len_16384-dim_64-num_heads_1-num_pipelines_4-num_kv_heads_0,5/5,47465.4,47471.7,47398.7,47565.2,65.73739422885576,0.17673132,0.1767077,0.1763601,0.1769797,0.0002446488953582266,,,,,
8982f0cf1df89c0639f7b4f65dfdf9c92a26eb2e,2026-08-28 19:05:24,iron/operators/mha/test.py::test_mha,seq_len_16384-dim_64-num_heads_1-num_pipelines_8-num_kv_heads_0,5/5,47371.04,47388.3,47257.3,47515.1,100.03788282445755,0.1770837,0.1770184,0.1765463,0.1775092,0.00037365933682969124,,,,,
8982f0cf1df89c0639f7b4f65dfdf9c92a26eb2e,2026-08-28 19:05:24,iron/operators/mha/test.py::test_mha,seq_len_16384-dim_64-num_heads_8-num_pipelines_8-num_kv_heads_2,5/5,374339.9,374437.9,374092.4,374457.2,158.94278844917747,0.11204534000000001,0.112016,0.1120102,0.1121195,4.7613002425806565e-05,,,,,
8982f0cf1df89c0639f7b4f65dfdf9c92a26eb2e,2026-08-28 19:05:24,iron/operators/relu/test.py::test_relu,input_length_1024-num_aie_columns_1-num_channels_1-tile_size_1024,5/5,173.66,166.9,120.9,253.0,48.73184790257804,0.024960806000000002,0.02454341,0.01618896,0.03387616,0.006340950150508204,,,,,
8982f0cf1df89c0639f7b4f65dfdf9c92a26eb2e,2026-08-28 19:05:24,iron/operators/relu/test.py::test_relu,input_length_1024-num_aie_columns_1-num_channels_2-tile_size_512,5/5,182.79999999999998,173.7,139.5,225.6,32.99257492224576,0.023019318,0.02358089,0.01815772,0.02936516,0.004284505183386992,,,,,
8982f0cf1df89c0639f7b4f65dfdf9c92a26eb2e,2026-08-28 19:05:24,iron/operators/relu/test.py::test_relu,input_length_1024-num_aie_columns_2-num_channels_1-tile_size_512,5/5,176.92,175.0,120.4,237.5,41.60993871660952,0.024263644,0.02340933,0.0172469,0.03402587,0.006083170592916987,,,,,
8982f0cf1df89c0639f7b4f65dfdf9c92a26eb2e,2026-08-28 19:05:24,iron/operators/relu/test.py::test_relu,input_length_1024-num_aie_columns_2-num_channels_2-tile_size_256,5/5,196.4,198.6,150.2,260.2,42.758390989371904,0.021629826,0.02062354,0.01574083,0.02727303,0.004507696195334154,,,,,
8982f0cf1df89c0639f7b4f65dfdf9c92a26eb2e,2026-08-28 19:05:24,iron/operators/relu/test.py::test_relu,input_length_1024-num_aie_columns_4-num_channels_1-tile_size_256,5/5,183.44,193.1,144.6,217.3,33.27811593224593,0.022963008,0.02120774,0.01885351,0.02833132,0.004368363617668521,,,,,
8982f0cf1df89c0639f7b4f65dfdf9c92a26eb2e,2026-08-28 19:05:24,iron/operators/relu/test.py::test_relu,input_length_1024-num_aie_columns_4-num_channels_2-tile_size_128,5/5,186.92000000000002,184.0,134.5,251.9,42.03994529016421,0.022795988,0.02225603,0.01626113,0.03045217,0.005060931074428895,,,,,
8982f0cf1df89c0639f7b4f65dfdf9c92a26eb2e,2026-08-28 19:05:24,iron/operators/relu/test.py::test_relu,input_length_1024-num_aie_columns_8-num_channels_1-tile_size_128,5/5,174.88,156.4,141.0,252.2,45.29229515049993,0.024464186,0.02618306,0.01624301,0.02903976,0.005094892886840704,,,,,
8982f0cf1df89c0639f7b4f65dfdf9c92a26eb2e,2026-08-28 19:05:24,iron/operators/relu/test.py::test_relu,input_length_1024-num_aie_columns_8-num_channels_2-tile_size_64,5/5,267.22,289.9,191.0,332.6,56.29895203287536,0.01594261,0.01412945,0.01231646,0.02144469,0.003680011282163412,,,,,
8982f0cf1df89c0639f7b4f65dfdf9c92a26eb2e,2026-08-28 19:05:24,iron/operators/relu/test.py::test_relu,input_length_2048-num_aie_columns_1-num_channels_1-tile_size_2048,5/5,173.26,185.0,122.6,208.1,38.564530335529824,0.049418838,0.04428539,0.03936645,0.06681129,0.012102635204151613,,,,,
8982f0cf1df89c0639f7b4f65dfdf9c92a26eb2e,2026-08-28 19:05:24,iron/operators/relu/test.py::test_relu,input_length_2048-num_aie_columns_1-num_channels_2-tile_size_1024,5/5,184.38,185.0,150.3,237.1,34.20945775659123,0.045589486,0.04429018,0.03454485,0.05451339,0.007902806183997555,,,,,
8982f0cf1df89c0639f7b4f65dfdf9c92a26eb2e,2026-08-28 19:05:24,iron/operators/relu/test.py::test_relu,input_length_2048-num_aie_columns_2-num_channels_1-tile_size_1024,5/5,162.92000000000002,173.8,132.8,191.0,27.80812830810445,0.051537452,0.04712894,0.04290061,0.06169046,0.009213126714138367,,,,,
8982f0cf1df89c0639f7b4f65dfdf9c92a26eb2e,2026-08-28 19:05:24,iron/operators/relu/test.py::test_relu,input_length_2048-num_aie_columns_2-num_channels_2-tile_size_512,5/5,158.48,151.9,117.4,193.7,31.82847781468664,0.053471838,0.05393057,0.04228391,0.06979459,0.011205723707896784,,,,,
8982f0cf1df89c0639f7b4f65dfdf9c92a26eb2e,2026-08-28 19:05:24,iron/operators/relu/test.py::test_relu,input_length_2048-num_aie_columns_4-num_channels_1-tile_size_512,5/5,152.76,152.1,116.8,183.2,26.30290858441324,0.055012032,0.05386639,0.04472373,0.07015981,0.010062602924970259,,,,,
8982f0cf1df89c0639f7b4f65dfdf9c92a26eb2e,2026-08-28 19:05:24,iron/operators/relu/test.py::test_relu,input_length_2048-num_aie_columns_4-num_channels_2-tile_size_256,5/5,169.22,160.7,147.2,212.7,26.03030925671072,0.049234448,0.05098173,0.03852249,0.05566352,0.006697182768330278,,,,,
8982f0cf1df89c0639f7b4f65dfdf9c92a26eb2e,2026-08-28 19:05:24,iron/operators/relu/test.py::test_relu,input_length_2048-num_aie_columns_8-num_channels_1-tile_size_256,5/5,167.94,164.3,152.7,200.6,19.237541422957353,0.049241533999999997,0.04985941,0.04082914,0.05363679,0.005089470503935551,,,,,
8982f0cf1df89c0639f7b4f65dfdf9c92a26eb2e,2026-08-28 19:05:24,iron/operators/relu/test.py::test_relu,input_length_2048-num_aie_columns_8-num_channels_2-tile_size_128,5/5,230.35999999999999,202.2,179.1,338.7,65.11469112266447,0.037495068,0.04052136,0.02418845,0.04573726,0.008664182072034845,,,,,
8982f0cf1df89c0639f7b4f65dfdf9c92a26eb2e,2026-08-28 19:05:24,iron/operators/relu/test.py::test_relu,input_length_4096-num_aie_columns_1-num_channels_1-tile_size_4096,5/5,186.4,197.5,141.6,205.7,25.949662810911434,0.089561552,0.08297587,0.07963759,0.1157397,0.0149213826864041,,,,,
8982f0cf1df89c0639f7b4f65dfdf9c92a26eb2e,2026-08-28 19:05:24,iron/operators/relu/test.py::test_relu,input_length_4096-num_aie_columns_1-num_channels_2-tile_size_2048,5/5,169.96,170.2,144.8,189.3,16.85743159559012,0.097204382,0.09626152,0.08653673,0.1131601,0.010167771452738303,,,,,
8982f0cf1df89c0639f7b4f65dfdf9c92a26eb2e,2026-08-28 19:05:24,iron/operators/relu/test.py::test_relu,input_length_4096-num_aie_columns_2-num_channels_1-tile_size_2048,5/5,151.14,146.2,115.1,185.9,30.288331086410164,0.112003234,0.1120519,0.08811255,0.1423099,0.02272744772756677,,,,,
8982f0cf1df89c0639f7b4f65dfdf9c92a26eb2e,2026-08-28 19:05:24,iron/operators/relu/test.py::test_relu,input_length_4096-num_aie_columns_2-num_channels_2-tile_size_1024,5/5,177.96,198.4,117.9,204.5,37.43972489215165,0.096270394,0.08259813,0.08011775,0.1389605,0.025203839450735073,,,,,
8982f0cf1df89c0639f7b4f65dfdf9c92a26eb2e,2026-08-28 19:05:24,iron/operators/relu/test.py::test_relu,input_length_4096-num_aie_columns_4-num_channels_1-tile_size_1024,5/5,176.26,178.8,117.6,226.4,38.711987807396305,0.097242126,0.09162286,0.07235758,0.1393624,0.024981344853613863,,,,,
8982f0cf1df89c0639f7b4f65dfdf9c92a26eb2e,2026-08-28 19:05:24,iron/operators/relu/test.py::test_relu,input_length_4096-num_aie_columns_4-num_channels_2-tile_size_512,5/5,191.96,208.6,146.0,209.7,27.557993395746358,0.08702031,0.0785325,0.07811241,0.1121907,0.014679668536400951,,,,,
8982f0cf1df89c0639f7b4f65dfdf9c92a26eb2e,2026-08-28 19:05:24,iron/operators/relu/test.py::test_relu,input_length_4096-num_aie_columns_8-num_channels_1-tile_size_512,5/5,215.66,200.9,152.5,290.1,55.300298371708635,0.080051828,0.08154408,0.05647688,0.1074572,0.02023429623650079,,,,,
8982f0cf1df89c0639f7b4f65dfdf9c92a26eb2e,2026-08-28 19:05:24,iron/operators/relu/test.py::test_relu,input_length_4096-num_aie_columns_8-num_channels_2-tile_size_256,5/5,206.38,208.0,163.6,232.3,26.555263131816268,0.080576026,0.07878249,0.07052584,0.100121,0.011635443907921175,,,,,
8982f0cf1df89c0639f7b4f65dfdf9c92a26eb2e,2026-08-28 19:05:24,iron/operators/relu/test.py::test_relu,input_length_8192-num_aie_columns_1-num_channels_2-tile_size_4096,5/5,168.7,181.9,111.4,223.6,42.99749992732135,0.20574366,0.180136,0.1465435,0.2941155,0.05771779805478549,,,,,
8982f0cf1df89c0639f7b4f65dfdf9c92a26eb2e,2026-08-28 19:05:24,iron/operators/relu/test.py::test_relu,input_length_8192-num_aie_columns_2-num_channels_1-tile_size_4096,5/5,185.26,190.4,116.0,235.8,44.96073842809969,0.18752238000000002,0.1721252,0.1389776,0.2824073,0.056058821144999126,,,,,
8982f0cf1df89c0639f7b4f65dfdf9c92a26eb2e,2026-08-28 19:05:24,iron/operators/relu/test.py::test_relu,input_length_8192-num_aie_columns_2-num_channels_2-tile_size_2048,5/5,181.86,176.5,117.4,237.8,45.78824084849734,0.19089286,0.1856165,0.1378011,0.2790809,0.05458057739977657,,,,,
8982f0cf1df89c0639f7b4f65dfdf9c92a26eb2e,2026-08-28 19:05:24,iron/operators/relu/test.py::test_relu,input_length_8192-num_aie_columns_4-num_channels_1-tile_size_2048,5/5,207.86,188.3,173.8,256.1,37.47950106391493,0.16160491999999999,0.1740405,0.127936,0.1885917,0.027461713143429343,,,,,
8982f0cf1df89c0639f7b4f65dfdf9c92a26eb2e,2026-08-28 19:05:24,iron/operators/relu/test.py::test_relu,input_length_8192-num_aie_columns_4-num_channels_2-tile_size_1024,5/5,195.48,200.0,143.0,235.1,34.91141647083372,0.172537,0.1638802,0.1393565,0.2292078,0.03477164778702614,,,,,
8982f0cf1df89c0639f7b4f65dfdf9c92a26eb2e,2026-08-28 19:05:24,iron/operators/relu/test.py::test_relu,input_length_8192-num_aie_columns_8-num_channels_1-tile_size_1024,5/5,222.42,201.6,190.0,285.0,41.048166828739134,0.15102094,0.1625373,0.1149944,0.172435,0.025143579244570568,,,,,
8982f0cf1df89c0639f7b4f65dfdf9c92a26eb2e,2026-08-28 19:05:24,iron/operators/relu/test.py::test_relu,input_length_8192-num_aie_columns_8-num_channels_2-tile_size_512,5/5,228.78,223.3,194.4,278.6,31.321510180704895,0.14525166,0.146741,0.1176251,0.1685163,0.018632905434553145,,,,,
8982f0cf1df89c0639f7b4f65dfdf9c92a26eb2e,2026-08-28 19:05:24,iron/operators/rms_norm/test.py::test_rms_norm,input_length_1024-num_aie_columns_1-num_channels_1-tile_size_1024-weighted_False,5/5,154.52,145.6,141.0,177.9,16.879484589287678,0.026748412,0.02813052,0.02302831,0.02905006,0.002784330212451461,,,,,
8982f0cf1df89c0639f7b4f65dfdf9c92a26eb2e,2026-08-28 19:05:24,iron/operators/rms_norm/test.py::test_rms_norm,input_length_1024-num_aie_columns_1-num_channels_1-tile_size_1024-weighted_True,5/5,199.56,165.1,161.4,287.6,55.073614372038456,0.032427512,0.0372084,0.02135951,0.0380747,0.007493434800741913,,,,,
8982f0cf1df89c0639f7b4f65dfdf9c92a26eb2e,2026-08-28 19:05:24,iron/operators/rms_norm/test.py::test_rms_norm,input_length_1024-num_aie_columns_1-num_channels_2-tile_size_512-weighted_False,5/5,177.54,134.2,121.6,341.9,93.39736612988612,0.026740666,0.03052047,0.01198116,0.03368366,0.00891752871407376,,,,,
8982f0cf1df89c0639f7b4f65dfdf9c92a26eb2e,2026-08-28 19:05:24,iron/operators/rms_norm/test.py::test_rms_norm,input_length_1024-num_aie_columns_1-num_channels_2-tile_size_512-weighted_True,5/5,173.68,164.4,153.7,215.1,24.08810909971972,0.029885284,0.03114677,0.02379857,0.03331967,0.003637740187668712,,,,,
8982f0cf1df89c0639f7b4f65dfdf9c92a26eb2e,2026-08-28 19:05:24,iron/operators/rms_norm/test.py::test_rms_norm,input_length_1024-num_aie_columns_2-num_channels_1-tile_size_512-weighted_False,5/5,170.08,161.0,153.0,210.4,23.114432720705047,0.024393446,0.02544005,0.01946953,0.02677282,0.0028722974933021827,,,,,
8982f0cf1df89c0639f7b4f65dfdf9c92a26eb2e,2026-08-28 19:05:24,iron/operators/rms_norm/test.py::test_rms_norm,input_length_1024-num_aie_columns_2-num_channels_1-tile_size_512-weighted_True,5/5,172.78,163.5,158.9,199.9,17.934659182711002,0.029878154,0.03131479,0.02561409,0.03222315,0.002919454995291074,,,,,
8982f0cf1df89c0639f7b4f65dfdf9c92a26eb2e,2026-08-28 19:05:24,iron/operators/rms_norm/test.py::test_rms_norm,input_length_1024-num_aie_columns_2-num_channels_2-tile_size_256-weighted_False,5/5,144.8,143.9,127.8,161.4,14.675319417307412,0.02852662,0.02846342,0.0253737,0.03205936,0.002903061559560872,,,,,
8982f0cf1df89c0639f7b4f65dfdf9c92a26eb2e,2026-08-28 19:05:24,iron/operators/rms_norm/test.py::test_rms_norm,input_length_1024-num_aie_columns_2-num_channels_2-tile_size_256-weighted_True,5/5,143.14,136.0,131.1,170.8,16.31143770487446,0.03249555,0.03388011,0.0269734,0.03515974,0.0033312007368665126,,,,,
8982f0cf1df89c0639f7b4f65dfdf9c92a26eb2e,2026-08-28 19:05:24,iron/operators/rms_norm/test.py::test_rms_norm,input_length_1024-num_aie_columns_4-num_channels_1-tile_size_256-weighted_False,5/5,157.62,171.4,116.5,202.5,38.33701866342765,0.027340332,0.02389927,0.02022956,0.03516151,0.006988001626568214,,,,,
8982f0cf1df89c0639f7b4f65dfdf9c92a26eb2e,2026-08-28 19:05:24,iron/operators/rms_norm/test.py::test_rms_norm,input_length_1024-num_aie_columns_4-num_channels_1-tile_size_256-weighted_True,5/5,189.76,192.3,153.7,208.3,21.318020546007556,0.024564046,0.0239643,0.02211812,0.02998594,0.0031358230455464154,,,,,
8982f0cf1df89c0639f7b4f65dfdf9c92a26eb2e,2026-08-28 19:05:24,iron/operators/rms_norm/test.py::test_rms_norm,input_length_1024-num_aie_columns_4-num_channels_2-tile_size_128-weighted_False,5/5,170.78,163.3,152.2,193.3,18.054002326354126,0.024192886,0.02507806,0.02118789,0.0269086,0.0024910571222936653,,,,,
8982f0cf1df89c0639f7b4f65dfdf9c92a26eb2e,2026-08-28 19:05:24,iron/operators/rms_norm/test.py::test_rms_norm,input_length_1024-num_aie_columns_4-num_channels_2-tile_size_128-weighted_True,5/5,195.26,205.2,161.0,212.7,20.76771532932787,0.02251576,0.02121064,0.02046036,0.02703677,0.0026719874334004646,,,,,
8982f0cf1df89c0639f7b4f65dfdf9c92a26eb2e,2026-08-28 19:05:24,iron/operators/rms_norm/test.py::test_rms_norm,input_length_1024-num_aie_columns_8-num_channels_1-tile_size_128-weighted_False,5/5,185.18,192.3,119.6,229.9,40.84283290860222,0.02323356,0.02129607,0.01781977,0.03425981,0.00640702525372735,,,,,
8982f0cf1df89c0639f7b4f65dfdf9c92a26eb2e,2026-08-28 19:05:24,iron/operators/rms_norm/test.py::test_rms_norm,input_length_1024-num_aie_columns_8-num_channels_1-tile_size_128-weighted_True,5/5,206.94,219.9,158.9,242.0,32.43243746621582,0.021493092,0.0197918,0.01798414,0.02738278,0.003719881487637745,,,,,
8982f0cf1df89c0639f7b4f65dfdf9c92a26eb2e,2026-08-28 19:05:24,iron/operators/rms_norm/test.py::test_rms_norm,input_length_1024-num_aie_columns_8-num_channels_2-tile_size_64-weighted_False,5/5,209.94,197.8,180.4,269.7,35.57461173365072,0.01990625,0.02070611,0.01518708,0.02270095,0.002938747287136136,,,,,
8982f0cf1df89c0639f7b4f65dfdf9c92a26eb2e,2026-08-28 19:05:24,iron/operators/rms_norm/test.py::test_rms_norm,input_length_2048-num_aie_columns_1-num_channels_1-tile_size_2048-weighted_False,5/5,153.1,163.6,117.2,180.3,26.540723426462964,0.054931337999999996,0.05008223,0.04542959,0.06987794,0.01030590895423446,,,,,
8982f0cf1df89c0639f7b4f65dfdf9c92a26eb2e,2026-08-28 19:05:24,iron/operators/rms_norm/test.py::test_rms_norm,input_length_2048-num_aie_columns_1-num_channels_1-tile_size_2048-weighted_True,5/5,151.34,152.7,122.5,184.4,27.240466222148253,0.083365706,0.08045044,0.06663738,0.1003487,0.015111495109352351,,,,,
8982f0cf1df89c0639f7b4f65dfdf9c92a26eb2e,2026-08-28 19:05:24,iron/operators/rms_norm/test.py::test_rms_norm,input_length_2048-num_aie_columns_1-num_channels_2-tile_size_1024-weighted_False,5/5,203.20000000000002,193.0,154.8,287.3,52.62979194334707,0.042277084,0.04245065,0.02851206,0.05291819,0.009648084337853292,,,,,
8982f0cf1df89c0639f7b4f65dfdf9c92a26eb2e,2026-08-28 19:05:24,iron/operators/rms_norm/test.py::test_rms_norm,input_length_2048-num_aie_columns_1-num_channels_2-tile_size_1024-weighted_True,5/5,179.79999999999998,179.8,135.7,231.2,39.116556596919416,0.05916516,0.0569452,0.04429257,0.07543945,0.012877502269498927,,,,,
8982f0cf1df89c0639f7b4f65dfdf9c92a26eb2e,2026-08-28 19:05:24,iron/operators/rms_norm/test.py::test_rms_norm,input_length_2048-num_aie_columns_2-num_channels_1-tile_size_1024-weighted_False,5/5,159.38,152.9,109.5,219.8,43.02344709574072,0.054483192,0.05357014,0.03726211,0.07481415,0.014605521634509325,,,,,
8982f0cf1df89c0639f7b4f65dfdf9c92a26eb2e,2026-08-28 19:05:24,iron/operators/rms_norm/test.py::test_rms_norm,input_length_2048-num_aie_columns_2-num_channels_1-tile_size_1024-weighted_True,5/5,171.57999999999998,192.3,111.2,217.6,43.54884613856032,0.063411084,0.05324293,0.04706445,0.09212693,0.018610619669704176,,,,,
8982f0cf1df89c0639f7b4f65dfdf9c92a26eb2e,2026-08-28 19:05:24,iron/operators/rms_norm/test.py::test_rms_norm,input_length_2048-num_aie_columns_2-num_channels_2-tile_size_512-weighted_False,5/5,153.96,162.0,108.3,175.7,27.465032313834985,0.054923968000000004,0.05056821,0.04663183,0.07567248,0.012017058095508234,,,,,
8982f0cf1df89c0639f7b4f65dfdf9c92a26eb2e,2026-08-28 19:05:24,iron/operators/rms_norm/test.py::test_rms_norm,input_length_2048-num_aie_columns_2-num_channels_2-tile_size_512-weighted_True,5/5,158.46,152.3,112.3,207.1,37.72701949531662,0.0609342,0.06049626,0.04450798,0.08204106,0.014831170334007696,,,,,
8982f0cf1df89c0639f7b4f65dfdf9c92a26eb2e,2026-08-28 19:05:24,iron/operators/rms_norm/test.py::test_rms_norm,input_length_2048-num_aie_columns_4-num_channels_1-tile_size_512-weighted_False,5/5,149.66,162.7,116.9,175.7,28.379094418250908,0.056462174,0.05035993,0.04661591,0.07005781,0.011405134734922247,,,,,
8982f0cf1df89c0639f7b4f65dfdf9c92a26eb2e,2026-08-28 19:05:24,iron/operators/rms_norm/test.py::test_rms_norm,input_length_2048-num_aie_columns_4-num_channels_1-tile_size_512-weighted_True,5/5,166.44,158.5,132.5,215.6,32.64847622784254,0.056991396,0.05814841,0.04274384,0.06955892,0.010455831076630397,,,,,
8982f0cf1df89c0639f7b4f65dfdf9c92a26eb2e,2026-08-28 19:05:24,iron/operators/rms_norm/test.py::test_rms_norm,input_length_2048-num_aie_columns_4-num_channels_2-tile_size_256-weighted_False,5/5,195.82,189.6,167.0,231.5,23.69719392670786,0.042314074,0.04319741,0.03538508,0.04906329,0.004983458395615439,,,,,
8982f0cf1df89c0639f7b4f65dfdf9c92a26eb2e,2026-08-28 19:05:24,iron/operators/rms_norm/test.py::test_rms_norm,input_length_2048-num_aie_columns_4-num_channels_2-tile_size_256-weighted_True,5/5,213.54000000000002,188.8,146.8,339.6,75.10544587445041,0.044181254,0.04610682,0.02562895,0.05928751,0.012552315061243881,,,,,
8982f0cf1df89c0639f7b4f65dfdf9c92a26eb2e,2026-08-28 19:05:24,iron/operators/rms_norm/test.py::test_rms_norm,input_length_2048-num_aie_columns_8-num_channels_1-tile_size_256-weighted_False,5/5,189.2,197.1,154.6,218.5,26.110151282595055,0.043998384,0.0415616,0.03749096,0.0530007,0.006373209136493168,,,,,
8982f0cf1df89c0639f7b4f65dfdf9c92a26eb2e,2026-08-28 19:05:24,iron/operators/rms_norm/test.py::test_rms_norm,input_length_2048-num_aie_columns_8-num_channels_1-tile_size_256-weighted_True,5/5,185.20000000000002,199.5,147.3,204.8,24.42764826994199,0.047744318,0.04363804,0.04251038,0.05909791,0.007021925042164006,,,,,
8982f0cf1df89c0639f7b4f65dfdf9c92a26eb2e,2026-08-28 19:05:24,iron/operators/rms_norm/test.py::test_rms_norm,input_length_2048-num_aie_columns_8-num_channels_2-tile_size_128-weighted_False,5/5,204.2,208.7,175.1,239.6,25.29535530487761,0.040612618,0.03925872,0.03419374,0.04678924,0.004973234790307011,,,,,
8982f0cf1df89c0639f7b4f65dfdf9c92a26eb2e,2026-08-28 19:05:24,iron/operators/rms_norm/test.py::test_rms_norm,input_length_4096-num_aie_columns_1-num_channels_1-tile_size_4096-weighted_False,5/5,160.62,159.9,137.6,184.0,16.497333117810285,0.102897728,0.1024871,0.08903864,0.1191113,0.010743354377470754,,,,,
8982f0cf1df89c0639f7b4f65dfdf9c92a26eb2e,2026-08-28 19:05:24,iron/operators/rms_norm/test.py::test_rms_norm,input_length_4096-num_aie_columns_1-num_channels_1-tile_size_4096-weighted_True,5/5,174.4,181.0,140.8,189.5,19.73030663725224,0.1425853,0.135746,0.1296887,0.1745975,0.01845070293742219,,,,,
8982f0cf1df89c0639f7b4f65dfdf9c92a26eb2e,2026-08-28 19:05:24,iron/operators/rms_norm/test.py::test_rms_norm,input_length_4096-num_aie_columns_1-num_channels_2-tile_size_2048-weighted_False,5/5,165.14,164.4,138.1,191.2,20.73542861867099,0.100499064,0.09968787,0.0856841,0.1186447,0.012873125047642086,,,,,
8982f0cf1df89c0639f7b4f65dfdf9c92a26eb2e,2026-08-28 19:05:24,iron/operators/rms_norm/test.py::test_rms_norm,input_length_4096-num_aie_columns_1-num_channels_2-tile_size_2048-weighted_True,5/5,197.52,222.2,146.3,238.2,46.620885877469114,0.108953514,0.09217627,0.08596265,0.1399882,0.027938483022288983,,,,,
8982f0cf1df89c0639f7b4f65dfdf9c92a26eb2e,2026-08-28 19:05:24,iron/operators/rms_norm/test.py::test_rms_norm,input_length_4096-num_aie_columns_2-num_channels_1-tile_size_2048-weighted_False,5/5,165.7,168.4,134.2,188.0,20.549209230527588,0.10019458,0.09730372,0.08713132,0.1220446,0.013515117298033341,,,,,
8982f0cf1df89c0639f7b4f65dfdf9c92a26eb2e,2026-08-28 19:05:24,iron/operators/rms_norm/test.py::test_rms_norm,input_length_4096-num_aie_columns_2-num_channels_1-tile_size_2048-weighted_True,5/5,185.8,190.0,134.2,243.3,47.13698123554372,0.116303694,0.1077883,0.08416796,0.152591,0.030234717995011626,,,,,
8982f0cf1df89c0639f7b4f65dfdf9c92a26eb2e,2026-08-28 19:05:24,iron/operators/rms_norm/test.py::test_rms_norm,input_length_4096-num_aie_columns_2-num_channels_2-tile_size_1024-weighted_False,5/5,159.84,147.8,118.1,222.9,38.92843433789754,0.106968168,0.1108368,0.07351899,0.1386888,0.02353012410459983,,,,,
8982f0cf1df89c0639f7b4f65dfdf9c92a26eb2e,2026-08-28 19:05:24,iron/operators/rms_norm/test.py::test_rms_norm,input_length_4096-num_aie_columns_2-num_channels_2-tile_size_1024-weighted_True,5/5,176.78,169.3,129.0,223.9,39.15491029232477,0.108558006,0.1088898,0.08230556,0.1428339,0.024557254555509257,,,,,
8982f0cf1df89c0639f7b4f65dfdf9c92a26eb2e,2026-08-28 19:05:24,iron/operators/rms_norm/test.py::test_rms_norm,input_length_4096-num_aie_columns_4-num_channels_1-tile_size_1024-weighted_False,5/5,155.32,165.3,112.6,180.7,29.06848809277841,0.108918518,0.09911436,0.09067263,0.1454881,0.023146758249941182,,,,,
8982f0cf1df89c0639f7b4f65dfdf9c92a26eb2e,2026-08-28 19:05:24,iron/operators/rms_norm/test.py::test_rms_norm,input_length_4096-num_aie_columns_4-num_channels_1-tile_size_1024-weighted_True,5/5,188.52,189.7,149.9,226.1,35.21210019297343,0.10062286399999999,0.09718392,0.08151388,0.1229825,0.01912934816659156,,,,,
8982f0cf1df89c0639f7b4f65dfdf9c92a26eb2e,2026-08-28 19:05:24,iron/operators/rms_norm/test.py::test_rms_norm,input_length_4096-num_aie_columns_4-num_channels_2-tile_size_512-weighted_False,5/5,179.9,188.9,130.5,216.7,32.40216042179904,0.09381806399999999,0.08672959,0.07559915,0.1255681,0.019297664496821364,,,,,
8982f0cf1df89c0639f7b4f65dfdf9c92a26eb2e,2026-08-28 19:05:24,iron/operators/rms_norm/test.py::test_rms_norm,input_length_4096-num_aie_columns_4-num_channels_2-tile_size_512-weighted_True,5/5,191.14,193.5,160.6,215.9,22.45112469343129,0.09213087,0.08997405,0.08064075,0.1083692,0.011240049972466758,,,,,
8982f0cf1df89c0639f7b4f65dfdf9c92a26eb2e,2026-08-28 19:05:24,iron/operators/rms_norm/test.py::test_rms_norm,input_length_4096-num_aie_columns_8-num_channels_1-tile_size_512-weighted_False,5/5,194.76,163.9,155.6,300.1,61.10591624384664,0.08943036,0.09998657,0.05459495,0.1053254,0.021311740599337492,,,,,
8982f0cf1df89c0639f7b4f65dfdf9c92a26eb2e,2026-08-28 19:05:24,iron/operators/rms_norm/test.py::test_rms_norm,input_length_4096-num_aie_columns_8-num_channels_1-tile_size_512-weighted_True,5/5,209.2,207.2,158.2,247.3,33.69072572682281,0.085154142,0.08400166,0.0703948,0.1100303,0.015248847780738057,,,,,
8982f0cf1df89c0639f7b4f65dfdf9c92a26eb2e,2026-08-28 19:05:24,iron/operators/rms_norm/test.py::test_rms_norm,input_length_4096-num_aie_columns_8-num_channels_2-tile_size_256-weighted_False,5/5,207.04,191.6,173.7,265.2,37.88182941728132,0.081105628,0.08550479,0.06176954,0.09435071,0.013493091886162344,,,,,
8982f0cf1df89c0639f7b4f65dfdf9c92a26eb2e,2026-08-28 19:05:24,iron/operators/rms_norm/test.py::test_rms_norm,input_length_8192-num_aie_columns_1-num_channels_1-tile_size_8192-weighted_False,5/5,194.44,190.2,145.2,231.7,34.207499177811876,0.17313061999999999,0.1722438,0.1414114,0.225619,0.033258456806232,,,,,
8982f0cf1df89c0639f7b4f65dfdf9c92a26eb2e,2026-08-28 19:05:24,iron/operators/rms_norm/test.py::test_rms_norm,input_length_8192-num_aie_columns_1-num_channels_2-tile_size_4096-weighted_False,5/5,196.72,172.3,119.9,358.6,93.12997369268393,0.189945714,0.1902164,0.09137707,0.2732534,0.06515514538397163,,,,,
8982f0cf1df89c0639f7b4f65dfdf9c92a26eb2e,2026-08-28 19:05:24,iron/operators/rms_norm/test.py::test_rms_norm,input_length_8192-num_aie_columns_1-num_channels_2-tile_size_4096-weighted_True,5/5,188.82,190.0,158.5,211.9,19.65291327004727,0.2189385,0.2155426,0.1933234,0.2583543,0.024324682718177424,,,,,
8982f0cf1df89c0639f7b4f65dfdf9c92a26eb2e,2026-08-28 19:05:24,iron/operators/rms_norm/test.py::test_rms_norm,input_length_8192-num_aie_columns_2-num_channels_1-tile_size_4096-weighted_False,5/5,149.32,164.7,112.9,181.6,30.63457197350731,0.22758148,0.1989508,0.1804246,0.2902777,0.049857153382207864,,,,,
8982f0cf1df89c0639f7b4f65dfdf9c92a26eb2e,2026-08-28 19:05:24,iron/operators/rms_norm/test.py::test_rms_norm,input_length_8192-num_aie_columns_2-num_channels_1-tile_size_4096-weighted_True,5/5,183.76,169.2,151.2,221.1,33.84099584823118,0.2288146,0.2420775,0.1852631,0.270869,0.04036814718673624,,,,,
8982f0cf1df89c0639f7b4f65dfdf9c92a26eb2e,2026-08-28 19:05:24,iron/operators/rms_norm/test.py::test_rms_norm,input_length_8192-num_aie_columns_2-num_channels_2-tile_size_2048-weighted_False,5/5,161.52,157.5,146.6,186.4,15.876618027779092,0.20434152,0.2079861,0.1757704,0.2235061,0.01896922893338051,,,,,
8982f0cf1df89c0639f7b4f65dfdf9c92a26eb2e,2026-08-28 19:05:24,iron/operators/rms_norm/test.py::test_rms_norm,input_length_8192-num_aie_columns_2-num_channels_2-tile_size_2048-weighted_True,5/5,180.18,182.5,122.6,253.0,57.76557798550967,0.22293698,0.2019414,0.1457357,0.3006042,0.07264656219937045,,,,,
8982f0cf1df89c0639f7b4f65dfdf9c92a26eb2e,2026-08-28 19:05:24,iron/operators/rms_norm/test.py::test_rms_norm,input_length_8192-num_aie_columns_4-num_channels_1-tile_size_2048-weighted_False,5/5,187.18,188.5,164.2,215.8,22.12446609525302,0.17702708,0.1738651,0.1518506,0.1995955,0.020799456311331795,,,,,
8982f0cf1df89c0639f7b4f65dfdf9c92a26eb2e,2026-08-28 19:05:24,iron/operators/rms_norm/test.py::test_rms_norm,input_length_8192-num_aie_columns_4-num_channels_1-tile_size_2048-weighted_True,5/5,184.78,199.7,131.0,217.1,33.38033852434693,0.20585972,0.1846154,0.1697683,0.2813616,0.04450160134620999,,,,,
8982f0cf1df89c0639f7b4f65dfdf9c92a26eb2e,2026-08-28 19:05:24,iron/operators/rms_norm/test.py::test_rms_norm,input_length_8192-num_aie_columns_4-num_channels_2-tile_size_1024-weighted_False,5/5,188.14,182.2,161.0,235.0,28.93212747103123,0.17720348,0.1798305,0.1394223,0.2035823,0.024771847075500845,,,,,
8982f0cf1df89c0639f7b4f65dfdf9c92a26eb2e,2026-08-28 19:05:24,iron/operators/rms_norm/test.py::test_rms_norm,input_length_8192-num_aie_columns_4-num_channels_2-tile_size_1024-weighted_True,5/5,211.5,210.0,199.4,226.4,12.451505933018707,0.16506682,0.1657597,0.1537734,0.1746038,0.009649061952697791,,,,,
8982f0cf1df89c0639f7b4f65dfdf9c92a26eb2e,2026-08-28 19:05:24,iron/operators/rms_norm/test.py::test_rms_norm,input_length_8192-num_aie_columns_8-num_channels_1-tile_size_1024-weighted_False,5/5,215.42,203.2,144.1,321.0,67.17824796762714,0.16338162,0.1612313,0.1020807,0.2273598,0.04681181038367348,,,,,
8982f0cf1df89c0639f7b4f65dfdf9c92a26eb2e,2026-08-28 19:05:24,iron/operators/rms_norm/test.py::test_rms_norm,input_length_8192-num_aie_columns_8-num_channels_1-tile_size_1024-weighted_True,5/5,198.0,197.6,172.6,232.2,21.83128489118311,0.177477,0.1761622,0.149919,0.201729,0.018759825051556316,,,,,
8982f0cf1df89c0639f7b4f65dfdf9c92a26eb2e,2026-08-28 19:05:24,iron/operators/rms_norm/test.py::test_rms_norm,input_length_8192-num_aie_columns_8-num_channels_2-tile_size_512-weighted_False,5/5,226.26,223.7,190.7,265.3,26.65376146062691,0.14644926,0.1464983,0.1235298,0.1718283,0.0172594216233627,,,,,
8982f0cf1df89c0639f7b4f65dfdf9c92a26eb2e,2026-08-28 19:05:24,iron/operators/rope/test.py::test_rope,rows_32-cols_128-angle_rows_16-aie_columns_1-method_type_0,5/5,191.6,199.3,150.5,217.3,29.08934512841429,0.10906835,0.1027808,0.09425452,0.1360834,0.017930412854399086,,,,,
8982f0cf1df89c0639f7b4f65dfdf9c92a26eb2e,2026-08-28 19:05:24,iron/operators/rope/test.py::test_rope,rows_32-cols_128-angle_rows_16-aie_columns_1-method_type_1,5/5,173.85999999999999,178.2,146.5,204.9,22.99006307081388,0.11944445199999999,0.1149277,0.09993656,0.139758,0.01580338731571558,,,,,
8982f0cf1df89c0639f7b4f65dfdf9c92a26eb2e,2026-08-28 19:05:24,iron/operators/rope/test.py::test_rope,rows_32-cols_128-angle_rows_16-aie_columns_2-method_type_0,5/5,162.44,177.8,117.8,185.1,29.505304607815862,0.13001986,0.1152063,0.1106417,0.1738038,0.027241231372186543,,,,,
8982f0cf1df89c0639f7b4f65dfdf9c92a26eb2e,2026-08-28 19:05:24,iron/operators/rope/test.py::test_rope,rows_32-cols_128-angle_rows_16-aie_columns_2-method_type_1,5/5,172.12,180.1,135.8,192.2,23.80728879986126,0.12103364,0.113726,0.1065801,0.1508233,0.01856587825415216,,,,,
8982f0cf1df89c0639f7b4f65dfdf9c92a26eb2e,2026-08-28 19:05:24,iron/operators/rope/test.py::test_rope,rows_32-cols_128-angle_rows_16-aie_columns_4-method_type_0,5/5,219.32,226.0,176.1,278.5,43.53380295816115,0.096371156,0.09063551,0.07353971,0.1163273,0.018956970660578394,,,,,
8982f0cf1df89c0639f7b4f65dfdf9c92a26eb2e,2026-08-28 19:05:24,iron/operators/rope/test.py::test_rope,rows_32-cols_128-angle_rows_16-aie_columns_4-method_type_1,5/5,169.56,174.1,149.1,189.5,15.740965662881043,0.12161620000000001,0.1176531,0.1080562,0.1373271,0.011468725775560249,,,,,
8982f0cf1df89c0639f7b4f65dfdf9c92a26eb2e,2026-08-28 19:05:24,iron/operators/rope/test.py::test_rope,rows_32-cols_128-angle_rows_16-aie_columns_8-method_type_0,5/5,197.29999999999998,179.3,138.2,328.2,75.5594467952221,0.11341626199999999,0.1142405,0.06239451,0.1482414,0.03223431203894725,,,,,
8982f0cf1df89c0639f7b4f65dfdf9c92a26eb2e,2026-08-28 19:05:24,iron/operators/rope/test.py::test_rope,rows_32-cols_128-angle_rows_16-aie_columns_8-method_type_1,5/5,186.57999999999998,194.2,157.5,214.2,26.27749988107696,0.111595088,0.1054371,0.0956214,0.1300317,0.016216281899952282,,,,,
8982f0cf1df89c0639f7b4f65dfdf9c92a26eb2e,2026-08-28 19:05:24,iron/operators/rope/test.py::test_rope,rows_32-cols_128-angle_rows_32-aie_columns_1-method_type_0,5/5,180.72,178.3,127.8,264.5,52.183254018890004,0.144374036,0.1378436,0.09289948,0.1923712,0.03735194768641228,,,,,
8982f0cf1df89c0639f7b4f65dfdf9c92a26eb2e,2026-08-28 19:05:24,iron/operators/rope/test.py::test_rope,rows_32-cols_128-angle_rows_32-aie_columns_1-method_type_1,5/5,166.98,174.4,132.2,193.9,23.786908163945988,0.1498007,0.1409481,0.1267726,0.1858847,0.023096525213871462,,,,,
8982f0cf1df89c0639f7b4f65dfdf9c92a26eb2e,2026-08-28 19:05:24,iron/operators/rope/test.py::test_rope,rows_32-cols_128-angle_rows_32-aie_columns_2-method_type_0,5/5,171.62,178.3,150.3,195.1,19.96977716450536,0.1447921,0.1378591,0.125952,0.1634738,0.01714057740757294,,,,,
8982f0cf1df89c0639f7b4f65dfdf9c92a26eb2e,2026-08-28 19:05:24,iron/operators/rope/test.py::test_rope,rows_32-cols_128-angle_rows_32-aie_columns_2-method_type_1,5/5,169.6,188.3,111.0,233.4,50.107733933994666,0.15626328,0.1304888,0.1052848,0.2214234,0.048957164058051804,,,,,
8982f0cf1df89c0639f7b4f65dfdf9c92a26eb2e,2026-08-28 19:05:24,iron/operators/rope/test.py::test_rope,rows_32-cols_128-angle_rows_32-aie_columns_4-method_type_0,5/5,205.73999999999998,206.2,149.0,287.9,58.2086162006966,0.127231914,0.119213,0.08536357,0.1649584,0.03488679961413744,,,,,
8982f0cf1df89c0639f7b4f65dfdf9c92a26eb2e,2026-08-28 19:05:24,iron/operators/rope/test.py::test_rope,rows_32-cols_128-angle_rows_32-aie_columns_4-method_type_1,5/5,144.8,147.6,112.4,172.1,23.793801713891785,0.17364954,0.1664578,0.14277,0.2186594,0.03032544012422573,,,,,
8982f0cf1df89c0639f7b4f65dfdf9c92a26eb2e,2026-08-28 19:05:24,iron/operators/rope/test.py::test_rope,rows_32-cols_128-angle_rows_32-aie_columns_8-method_type_0,5/5,182.28,189.5,161.5,199.5,17.396608864948362,0.13584872,0.1297023,0.1231701,0.1521385,0.013339408459973029,,,,,
8982f0cf1df89c0639f7b4f65dfdf9c92a26eb2e,2026-08-28 19:05:24,iron/operators/rope/test.py::test_rope,rows_32-cols_128-angle_rows_32-aie_columns_8-method_type_1,5/5,174.20000000000002,167.9,148.4,206.4,21.849599538664318,0.14280258,0.146338,0.119068,0.1655585,0.017380424735373993,,,,,
8982f0cf1df89c0639f7b4f65dfdf9c92a26eb2e,2026-08-28 19:05:24,iron/operators/rope/test.py::test_rope,rows_32-cols_128-angle_rows_8-aie_columns_1-method_type_0,5/5,188.57999999999998,181.0,165.1,208.5,18.939561768953368,0.09854035,0.1018095,0.08842154,0.1116387,0.009908365451364816,,,,,
8982f0cf1df89c0639f7b4f65dfdf9c92a26eb2e,2026-08-28 19:05:24,iron/operators/rope/test.py::test_rope,rows_32-cols_128-angle_rows_8-aie_columns_1-method_type_1,5/5,198.62,205.8,176.4,216.0,18.694170214267334,0.093475512,0.0895666,0.08532504,0.1044809,0.009047085044107853,,,,,
8982f0cf1df89c0639f7b4f65dfdf9c92a26eb2e,2026-08-28 19:05:24,iron/operators/rope/test.py::test_rope,rows_32-cols_128-angle_rows_8-aie_columns_2-method_type_0,5/5,170.46,172.1,117.1,250.5,52.3888633203661,0.116081586,0.1070775,0.07359083,0.1573999,0.03331378936019558,,,,,
8982f0cf1df89c0639f7b4f65dfdf9c92a26eb2e,2026-08-28 19:05:24,iron/operators/rope/test.py::test_rope,rows_32-cols_128-angle_rows_8-aie_columns_2-method_type_1,5/5,192.24,166.6,158.0,302.1,61.54399239568393,0.10173754,0.1106051,0.0610119,0.1166582,0.022937021823528005,,,,,
8982f0cf1df89c0639f7b4f65dfdf9c92a26eb2e,2026-08-28 19:05:24,iron/operators/rope/test.py::test_rope,rows_32-cols_128-angle_rows_8-aie_columns_4-method_type_0,5/5,180.35999999999999,184.6,125.1,206.6,32.60924715475658,0.105632926,0.09985806,0.08922322,0.147364,0.023882355304634003,,,,,
8982f0cf1df89c0639f7b4f65dfdf9c92a26eb2e,2026-08-28 19:05:24,iron/operators/rope/test.py::test_rope,rows_32-cols_128-angle_rows_8-aie_columns_4-method_type_1,5/5,176.06,185.5,129.7,204.6,29.189261724134106,0.107422404,0.09936763,0.09006641,0.1421378,0.02073040451511572,,,,,
8982f0cf1df89c0639f7b4f65dfdf9c92a26eb2e,2026-08-28 19:05:24,iron/operators/rope/test.py::test_rope,rows_32-cols_128-angle_rows_8-aie_columns_8-method_type_0,5/5,208.88,211.1,144.9,294.8,57.799108989672156,0.093667504,0.08730084,0.06253435,0.127226,0.025100216123426708,,,,,
8982f0cf1df89c0639f7b4f65dfdf9c92a26eb2e,2026-08-28 19:05:24,iron/operators/rope/test.py::test_rope,rows_32-cols_128-angle_rows_8-aie_columns_8-method_type_1,5/5,188.9,175.5,134.0,250.0,47.33518775710095,0.10263961,0.1050418,0.07373537,0.1375676,0.025610619890598124,,,,,
8982f0cf1df89c0639f7b4f65dfdf9c92a26eb2e,2026-08-28 19:05:24,iron/operators/rope/test.py::test_rope,rows_32-cols_512-angle_rows_32-aie_columns_1-method_type_0,5/5,189.98,183.0,175.8,214.9,15.390646510137254,0.5199727199999999,0.5370395,0.4574428,0.559165,0.03967222583542547,,,,,
8982f0cf1df89c0639f7b4f65dfdf9c92a26eb2e,2026-08-28 19:05:24,iron/operators/rope/test.py::test_rope,rows_32-cols_512-angle_rows_32-aie_columns_2-method_type_0,5/5,189.0,175.6,167.1,215.6,23.93104678028105,0.52661294,0.5597094,0.4558709,0.5884423,0.06424245801355205,,,,,
8982f0cf1df89c0639f7b4f65dfdf9c92a26eb2e,2026-08-28 19:05:24,iron/operators/rope/test.py::test_rope,rows_32-cols_512-angle_rows_32-aie_columns_4-method_type_0,5/5,173.24,179.1,113.2,204.8,37.44733635387169,0.59474644,0.548939,0.4799766,0.8682948,0.1601549529318029,,,,,
8982f0cf1df89c0639f7b4f65dfdf9c92a26eb2e,2026-08-28 19:05:24,iron/operators/rope/test.py::test_rope,rows_32-cols_512-angle_rows_32-aie_columns_8-method_type_0,5/5,192.8,207.5,140.1,213.1,30.232267529909166,0.52258508,0.4738136,0.4613803,0.701485,0.10130894206656686,,,,,
8982f0cf1df89c0639f7b4f65dfdf9c92a26eb2e,2026-08-28 19:05:24,iron/operators/rope/test.py::test_rope,rows_32-cols_512-angle_rows_8-aie_columns_1-method_type_0,5/5,167.02,182.9,119.7,212.0,42.484903201019534,0.4673037,0.403154,0.3477834,0.6158987,0.1274968202640364,,,,,
8982f0cf1df89c0639f7b4f65dfdf9c92a26eb2e,2026-08-28 19:05:24,iron/operators/rope/test.py::test_rope,rows_32-cols_512-angle_rows_8-aie_columns_2-method_type_0,5/5,185.2,184.9,104.3,260.5,55.449346254036215,0.43458688,0.3986763,0.2830076,0.706762,0.1598608875026565,,,,,
8982f0cf1df89c0639f7b4f65dfdf9c92a26eb2e,2026-08-28 19:05:24,iron/operators/rope/test.py::test_rope,rows_32-cols_512-angle_rows_8-aie_columns_4-method_type_0,5/5,192.68,207.5,106.4,238.6,51.16470463122014,0.41562274,0.3552557,0.3089455,0.6929779,0.15746956831081046,,,,,
8982f0cf1df89c0639f7b4f65dfdf9c92a26eb2e,2026-08-28 19:05:24,iron/operators/rope/test.py::test_rope,rows_32-cols_512-angle_rows_8-aie_columns_8-method_type_0,5/5,166.62,155.2,116.8,248.6,49.64435516753138,0.47056066,0.474972,0.2965334,0.6313302,0.12151451790785328,,,,,
8982f0cf1df89c0639f7b4f65dfdf9c92a26eb2e,2026-08-28 19:05:24,iron/operators/rope/test.py::test_rope,rows_64-cols_128-angle_rows_16-aie_columns_1-method_type_0,5/5,182.64,186.9,137.1,217.1,29.53401428861305,0.20664608,0.1972656,0.1698387,0.2688036,0.03757173868184701,,,,,
8982f0cf1df89c0639f7b4f65dfdf9c92a26eb2e,2026-08-28 19:05:24,iron/operators/rope/test.py::test_rope,rows_64-cols_128-angle_rows_16-aie_columns_1-method_type_1,5/5,157.56,151.4,125.0,198.1,28.979527256323554,0.2402235,0.2434103,0.1860916,0.2949167,0.0429260167920924,,,,,
8982f0cf1df89c0639f7b4f65dfdf9c92a26eb2e,2026-08-28 19:05:24,iron/operators/rope/test.py::test_rope,rows_64-cols_128-angle_rows_16-aie_columns_2-method_type_0,5/5,176.98,166.7,124.6,239.8,54.25801323307002,0.22471582,0.2211172,0.1537371,0.2957947,0.06759966361230654,,,,,
8982f0cf1df89c0639f7b4f65dfdf9c92a26eb2e,2026-08-28 19:05:24,iron/operators/rope/test.py::test_rope,rows_64-cols_128-angle_rows_16-aie_columns_2-method_type_1,5/5,182.02,194.6,129.1,230.8,39.90134082960121,0.2111857,0.1894639,0.1597234,0.2854886,0.050093528439659744,,,,,
8982f0cf1df89c0639f7b4f65dfdf9c92a26eb2e,2026-08-28 19:05:24,iron/operators/rope/test.py::test_rope,rows_64-cols_128-angle_rows_16-aie_columns_4-method_type_0,5/5,161.88,171.9,119.6,179.9,25.110694932637767,0.23311392,0.214479,0.2049116,0.3083099,0.043443619239158716,,,,,
8982f0cf1df89c0639f7b4f65dfdf9c92a26eb2e,2026-08-28 19:05:24,iron/operators/rope/test.py::test_rope,rows_64-cols_128-angle_rows_16-aie_columns_4-method_type_1,5/5,204.8,204.4,171.0,236.7,24.740957944267233,0.18216542,0.1803178,0.1557151,0.2155588,0.02263431788903743,,,,,
8982f0cf1df89c0639f7b4f65dfdf9c92a26eb2e,2026-08-28 19:05:24,iron/operators/rope/test.py::test_rope,rows_64-cols_128-angle_rows_16-aie_columns_8-method_type_0,5/5,223.02,219.6,182.6,265.6,33.15406460752589,0.1682579,0.1678398,0.1387821,0.2019082,0.025134584979664976,,,,,
8982f0cf1df89c0639f7b4f65dfdf9c92a26eb2e,2026-08-28 19:05:24,iron/operators/rope/test.py::test_rope,rows_64-cols_128-angle_rows_16-aie_columns_8-method_type_1,5/5,231.62,205.7,162.8,324.4,64.13678351772873,0.1687071,0.179229,0.1136385,0.2263678,0.043989789022681164,,,,,
8982f0cf1df89c0639f7b4f65dfdf9c92a26eb2e,2026-08-28 19:05:24,iron/operators/rope/test.py::test_rope,rows_64-cols_128-angle_rows_32-aie_columns_1-method_type_0,5/5,162.14000000000001,160.2,116.1,208.3,34.139317509288325,0.262312,0.2557363,0.1966621,0.3529179,0.05853824937201317,,,,,
8982f0cf1df89c0639f7b4f65dfdf9c92a26eb2e,2026-08-28 19:05:24,iron/operators/rope/test.py::test_rope,rows_64-cols_128-angle_rows_32-aie_columns_1-method_type_1,5/5,182.3,185.5,159.3,207.4,18.326892808111253,0.22650151999999998,0.2207932,0.1974594,0.2571362,0.022805582489316068,,,,,
8982f0cf1df89c0639f7b4f65dfdf9c92a26eb2e,2026-08-28 19:05:24,iron/operators/rope/test.py::test_rope,rows_64-cols_128-angle_rows_32-aie_columns_2-method_type_0,5/5,171.32,178.1,132.4,202.9,28.248309683943923,0.24478454,0.2300374,0.2018669,0.3094076,0.04333209217304192,,,,,
8982f0cf1df89c0639f7b4f65dfdf9c92a26eb2e,2026-08-28 19:05:24,iron/operators/rope/test.py::test_rope,rows_64-cols_128-angle_rows_32-aie_columns_2-method_type_1,5/5,159.68,168.4,97.2,210.5,46.11785988096152,0.27747592,0.2432015,0.1945751,0.4214642,0.09267456146533416,,,,,
8982f0cf1df89c0639f7b4f65dfdf9c92a26eb2e,2026-08-28 19:05:24,iron/operators/rope/test.py::test_rope,rows_64-cols_128-angle_rows_32-aie_columns_4-method_type_0,5/5,164.12,154.9,146.9,185.5,17.934380390746703,0.25191488,0.2644543,0.2208527,0.2787931,0.026667916935748843,,,,,
8982f0cf1df89c0639f7b4f65dfdf9c92a26eb2e,2026-08-28 19:05:24,iron/operators/rope/test.py::test_rope,rows_64-cols_128-angle_rows_32-aie_columns_4-method_type_1,5/5,168.16,171.5,135.9,193.9,21.05060569199851,0.24687541999999998,0.2387698,0.211244,0.3013338,0.03341347641269911,,,,,
8982f0cf1df89c0639f7b4f65dfdf9c92a26eb2e,2026-08-28 19:05:24,iron/operators/rope/test.py::test_rope,rows_64-cols_128-angle_rows_32-aie_columns_8-method_type_0,5/5,218.98,206.2,147.5,363.8,86.91646564374325,0.20729372,0.1986874,0.1125825,0.2776761,0.06623784623689088,,,,,
8982f0cf1df89c0639f7b4f65dfdf9c92a26eb2e,2026-08-28 19:05:24,iron/operators/rope/test.py::test_rope,rows_64-cols_128-angle_rows_32-aie_columns_8-method_type_1,5/5,213.22,212.9,146.8,278.9,46.78618385805791,0.20032372,0.1923863,0.1468732,0.279021,0.048184582714256234,,,,,
8982f0cf1df89c0639f7b4f65dfdf9c92a26eb2e,2026-08-28 19:05:24,iron/operators/rope/test.py::test_rope,rows_64-cols_128-angle_rows_8-aie_columns_1-method_type_0,5/5,161.36,142.4,130.9,213.3,34.984325061375706,0.22332348,0.2445785,0.1632523,0.266037,0.04367360767828782,,,,,
8982f0cf1df89c0639f7b4f65dfdf9c92a26eb2e,2026-08-28 19:05:24,iron/operators/rope/test.py::test_rope,rows_64-cols_128-angle_rows_8-aie_columns_1-method_type_1,5/5,189.2,181.2,152.3,249.6,36.93270908016361,0.1890861,0.1921678,0.13949,0.2285264,0.032960642659996785,,,,,
8982f0cf1df89c0639f7b4f65dfdf9c92a26eb2e,2026-08-28 19:05:24,iron/operators/rope/test.py::test_rope,rows_64-cols_128-angle_rows_8-aie_columns_2-method_type_0,5/5,165.06,154.6,125.5,213.2,34.03840478048288,0.21805626,0.2252238,0.1632898,0.2773542,0.04383981379326331,,,,,
8982f0cf1df89c0639f7b4f65dfdf9c92a26eb2e,2026-08-28 19:05:24,iron/operators/rope/test.py::test_rope,rows_64-cols_128-angle_rows_8-aie_columns_2-method_type_1,5/5,180.64000000000001,173.3,153.6,217.4,23.733794471175486,0.19530534,0.200877,0.1601811,0.2267375,0.024440230306463976,,,,,
8982f0cf1df89c0639f7b4f65dfdf9c92a26eb2e,2026-08-28 19:05:24,iron/operators/rope/test.py::test_rope,rows_64-cols_128-angle_rows_8-aie_columns_4-method_type_0,5/5,174.94,151.2,135.2,240.0,43.70912948115074,0.20825072,0.2302996,0.1450691,0.2575015,0.04657544963048666,,,,,
8982f0cf1df89c0639f7b4f65dfdf9c92a26eb2e,2026-08-28 19:05:24,iron/operators/rope/test.py::test_rope,rows_64-cols_128-angle_rows_8-aie_columns_4-method_type_1,5/5,169.28,167.9,150.1,205.8,22.361395305302402,0.20829454,0.2073381,0.1691485,0.2319582,0.02516537463883659,,,,,
8982f0cf1df89c0639f7b4f65dfdf9c92a26eb2e,2026-08-28 19:05:24,iron/operators/rope/test.py::test_rope,rows_64-cols_128-angle_rows_8-aie_columns_8-method_type_0,5/5,189.14,182.0,153.7,221.0,26.039930875484295,0.1869959,0.1913104,0.1575527,0.226531,0.026629111752835475,,,,,
8982f0cf1df89c0639f7b4f65dfdf9c92a26eb2e,2026-08-28 19:05:24,iron/operators/rope/test.py::test_rope,rows_64-cols_128-angle_rows_8-aie_columns_8-method_type_1,5/5,186.76,198.5,105.5,279.7,70.78656652218696,0.21166316000000002,0.1754061,0.1244571,0.3300064,0.08588531790817333,,,,,
8982f0cf1df89c0639f7b4f65dfdf9c92a26eb2e,2026-08-28 19:05:24,iron/operators/sigmoid/test.py::test_sigmoid,input_length_1024-num_aie_columns_1-num_channels_1-tile_size_1024,5/5,170.20000000000002,171.0,159.5,180.4,10.36026061448263,0.024138418000000002,0.02395798,0.02270221,0.02567333,0.0014747717851823717,,,,,
8982f0cf1df89c0639f7b4f65dfdf9c92a26eb2e,2026-08-28 19:05:24,iron/operators/sigmoid/test.py::test_sigmoid,input_length_1024-num_aie_columns_1-num_channels_2-tile_size_512,5/5,164.02,167.5,108.6,199.1,36.869594519061366,0.02620999,0.02445694,0.02057485,0.0377282,0.006986259729239962,,,,,
8982f0cf1df89c0639f7b4f65dfdf9c92a26eb2e,2026-08-28 19:05:24,iron/operators/sigmoid/test.py::test_sigmoid,input_length_1024-num_aie_columns_2-num_channels_1-tile_size_512,5/5,175.8,173.1,151.1,212.8,23.7998949577514,0.02362634,0.02366823,0.01925038,0.02711003,0.0030113644520881225,,,,,
8982f0cf1df89c0639f7b4f65dfdf9c92a26eb2e,2026-08-28 19:05:24,iron/operators/sigmoid/test.py::test_sigmoid,input_length_1024-num_aie_columns_2-num_channels_2-tile_size_256,5/5,186.96,179.1,155.6,244.8,33.813059607199115,0.022410992,0.02287489,0.01673305,0.02632797,0.0034925745145408136,,,,,
8982f0cf1df89c0639f7b4f65dfdf9c92a26eb2e,2026-08-28 19:05:24,iron/operators/sigmoid/test.py::test_sigmoid,input_length_1024-num_aie_columns_4-num_channels_1-tile_size_256,5/5,172.66,174.6,117.8,237.9,47.02938443143819,0.025203014,0.02345369,0.01721934,0.03476667,0.006945488561262627,,,,,
8982f0cf1df89c0639f7b4f65dfdf9c92a26eb2e,2026-08-28 19:05:24,iron/operators/sigmoid/test.py::test_sigmoid,input_length_1024-num_aie_columns_4-num_channels_2-tile_size_128,5/5,195.0,198.9,125.7,235.4,43.08375563945186,0.022074833999999998,0.02059658,0.01740187,0.03259097,0.006128721025404076,,,,,
8982f0cf1df89c0639f7b4f65dfdf9c92a26eb2e,2026-08-28 19:05:24,iron/operators/sigmoid/test.py::test_sigmoid,input_length_1024-num_aie_columns_8-num_channels_1-tile_size_128,5/5,179.6,178.5,151.5,204.4,20.522304938773328,0.023053353999999998,0.02294421,0.0200412,0.02704202,0.002717241323057266,,,,,
8982f0cf1df89c0639f7b4f65dfdf9c92a26eb2e,2026-08-28 19:05:24,iron/operators/sigmoid/test.py::test_sigmoid,input_length_1024-num_aie_columns_8-num_channels_2-tile_size_64,5/5,220.64,234.1,167.8,240.1,30.189203368091707,0.018903856,0.01749941,0.01705842,0.02440434,0.0031120367757675998,,,,,
8982f0cf1df89c0639f7b4f65dfdf9c92a26eb2e,2026-08-28 19:05:24,iron/operators/sigmoid/test.py::test_sigmoid,input_length_2048-num_aie_columns_1-num_channels_1-tile_size_2048,5/5,164.42,175.9,130.6,185.7,22.74636234653796,0.050672294,0.04657059,0.04412295,0.06270236,0.007692097349665434,,,,,
8982f0cf1df89c0639f7b4f65dfdf9c92a26eb2e,2026-08-28 19:05:24,iron/operators/sigmoid/test.py::test_sigmoid,input_length_2048-num_aie_columns_1-num_channels_2-tile_size_1024,5/5,188.70000000000002,186.7,156.8,235.8,30.446756805939117,0.044271128,0.04386965,0.0347416,0.0522419,0.006705811156763216,,,,,
8982f0cf1df89c0639f7b4f65dfdf9c92a26eb2e,2026-08-28 19:05:24,iron/operators/sigmoid/test.py::test_sigmoid,input_length_2048-num_aie_columns_2-num_channels_1-tile_size_1024,5/5,189.94,186.4,167.6,216.1,20.586840456952103,0.043534732,0.04395911,0.03790995,0.04886691,0.004651303881248784,,,,,
8982f0cf1df89c0639f7b4f65dfdf9c92a26eb2e,2026-08-28 19:05:24,iron/operators/sigmoid/test.py::test_sigmoid,input_length_2048-num_aie_columns_2-num_channels_2-tile_size_512,5/5,195.84,183.3,172.1,227.5,26.660232557125227,0.042435422,0.04470176,0.03601307,0.04760106,0.005547816186047443,,,,,
8982f0cf1df89c0639f7b4f65dfdf9c92a26eb2e,2026-08-28 19:05:24,iron/operators/sigmoid/test.py::test_sigmoid,input_length_2048-num_aie_columns_4-num_channels_1-tile_size_512,5/5,182.66,169.9,156.6,226.2,29.48911663648133,0.0457219,0.0482044,0.03622375,0.05229893,0.006838985568156288,,,,,
8982f0cf1df89c0639f7b4f65dfdf9c92a26eb2e,2026-08-28 19:05:24,iron/operators/sigmoid/test.py::test_sigmoid,input_length_2048-num_aie_columns_4-num_channels_2-tile_size_256,5/5,174.86,176.0,115.0,213.9,38.73522944297607,0.049132235999999996,0.0465362,0.03829702,0.07120444,0.013131038544674595,,,,,
8982f0cf1df89c0639f7b4f65dfdf9c92a26eb2e,2026-08-28 19:05:24,iron/operators/sigmoid/test.py::test_sigmoid,input_length_2048-num_aie_columns_8-num_channels_1-tile_size_256,5/5,178.08,182.1,116.0,214.8,37.65962028486214,0.0481695,0.04498973,0.03814153,0.07063896,0.01294772525520796,,,,,
8982f0cf1df89c0639f7b4f65dfdf9c92a26eb2e,2026-08-28 19:05:24,iron/operators/sigmoid/test.py::test_sigmoid,input_length_2048-num_aie_columns_8-num_channels_2-tile_size_128,5/5,243.48,223.2,187.6,340.5,58.018160949826736,0.034983020000000004,0.03670169,0.02405605,0.04366342,0.007154226778730181,,,,,
8982f0cf1df89c0639f7b4f65dfdf9c92a26eb2e,2026-08-28 19:05:24,iron/operators/sigmoid/test.py::test_sigmoid,input_length_4096-num_aie_columns_1-num_channels_1-tile_size_4096,5/5,164.12,177.8,130.1,184.5,23.60099574170548,0.10167667999999999,0.09216455,0.08881131,0.1259465,0.01599763802148773,,,,,
8982f0cf1df89c0639f7b4f65dfdf9c92a26eb2e,2026-08-28 19:05:24,iron/operators/sigmoid/test.py::test_sigmoid,input_length_4096-num_aie_columns_1-num_channels_2-tile_size_2048,5/5,166.06,153.8,112.1,211.9,41.46676982838186,0.104107898,0.1064982,0.07732204,0.1461774,0.027788755708613878,,,,,
8982f0cf1df89c0639f7b4f65dfdf9c92a26eb2e,2026-08-28 19:05:24,iron/operators/sigmoid/test.py::test_sigmoid,input_length_4096-num_aie_columns_2-num_channels_1-tile_size_2048,5/5,194.9,180.3,160.7,277.0,47.004946548209155,0.087251634,0.09089447,0.05914438,0.1019311,0.016651526176156645,,,,,
8982f0cf1df89c0639f7b4f65dfdf9c92a26eb2e,2026-08-28 19:05:24,iron/operators/sigmoid/test.py::test_sigmoid,input_length_4096-num_aie_columns_2-num_channels_2-tile_size_1024,5/5,217.1,212.0,146.1,318.6,66.38196291162232,0.080991282,0.07727464,0.05142724,0.1121286,0.02330333312156482,,,,,
8982f0cf1df89c0639f7b4f65dfdf9c92a26eb2e,2026-08-28 19:05:24,iron/operators/sigmoid/test.py::test_sigmoid,input_length_4096-num_aie_columns_4-num_channels_1-tile_size_1024,5/5,184.66,190.2,136.3,232.6,34.73194494985847,0.091426116,0.08614906,0.070447,0.1201622,0.01825100972892541,,,,,
8982f0cf1df89c0639f7b4f65dfdf9c92a26eb2e,2026-08-28 19:05:24,iron/operators/sigmoid/test.py::test_sigmoid,input_length_4096-num_aie_columns_4-num_channels_2-tile_size_512,5/5,180.56,177.4,149.4,208.4,25.78270738305037,0.0922526,0.09236823,0.07860069,0.1096771,0.013329805317064838,,,,,
8982f0cf1df89c0639f7b4f65dfdf9c92a26eb2e,2026-08-28 19:05:24,iron/operators/sigmoid/test.py::test_sigmoid,input_length_4096-num_aie_columns_8-num_channels_1-tile_size_512,5/5,193.4,188.5,109.6,267.1,56.852088791881705,0.092321772,0.08692792,0.06134308,0.149545,0.03367873656548699,,,,,
8982f0cf1df89c0639f7b4f65dfdf9c92a26eb2e,2026-08-28 19:05:24,iron/operators/sigmoid/test.py::test_sigmoid,input_length_4096-num_aie_columns_8-num_channels_2-tile_size_256,5/5,246.28,233.6,205.4,344.9,57.06590050108733,0.068901036,0.07013879,0.04750969,0.07976592,0.012934720344968035,,,,,
8982f0cf1df89c0639f7b4f65dfdf9c92a26eb2e,2026-08-28 19:05:24,iron/operators/sigmoid/test.py::test_sigmoid,input_length_8192-num_aie_columns_1-num_channels_2-tile_size_4096,5/5,185.76,182.9,142.6,262.5,48.31240006457969,0.18517178,0.1791698,0.1248447,0.2298364,0.04290394330731151,,,,,
8982f0cf1df89c0639f7b4f65dfdf9c92a26eb2e,2026-08-28 19:05:24,iron/operators/sigmoid/test.py::test_sigmoid,input_length_8192-num_aie_columns_2-num_channels_1-tile_size_4096,5/5,168.76,174.2,108.2,197.8,35.681549854231385,0.2036386,0.1880722,0.165674,0.3027738,0.05648285646738309,,,,,
8982f0cf1df89c0639f7b4f65dfdf9c92a26eb2e,2026-08-28 19:05:24,iron/operators/sigmoid/test.py::test_sigmoid,input_length_8192-num_aie_columns_2-num_channels_2-tile_size_2048,5/5,174.32,155.2,116.4,269.7,59.481652633396116,0.20392396000000002,0.2111408,0.1214831,0.2814854,0.06046645477711588,,,,,
8982f0cf1df89c0639f7b4f65dfdf9c92a26eb2e,2026-08-28 19:05:24,iron/operators/sigmoid/test.py::test_sigmoid,input_length_8192-num_aie_columns_4-num_channels_1-tile_size_2048,5/5,229.0,176.3,145.3,356.6,91.81127381754379,0.161036916,0.1859125,0.09188518,0.2255103,0.05688871428261743,,,,,
8982f0cf1df89c0639f7b4f65dfdf9c92a26eb2e,2026-08-28 19:05:24,iron/operators/sigmoid/test.py::test_sigmoid,input_length_8192-num_aie_columns_4-num_channels_2-tile_size_1024,5/5,168.42,186.4,101.1,216.2,50.144511165231236,0.21191158,0.1757997,0.1515557,0.3240442,0.07396966151961898,,,,,
8982f0cf1df89c0639f7b4f65dfdf9c92a26eb2e,2026-08-28 19:05:24,iron/operators/sigmoid/test.py::test_sigmoid,input_length_8192-num_aie_columns_8-num_channels_1-tile_size_1024,5/5,198.62,204.2,175.1,220.7,18.019628187063127,0.16609388,0.1605031,0.1484663,0.1871463,0.015374531364305055,,,,,
8982f0cf1df89c0639f7b4f65dfdf9c92a26eb2e,2026-08-28 19:05:24,iron/operators/sigmoid/test.py::test_sigmoid,input_length_8192-num_aie_columns_8-num_channels_2-tile_size_512,5/5,242.1,236.4,220.1,282.5,23.626997270072216,0.13629316,0.1385949,0.1160061,0.1488582,0.0121526961616754,,,,,
8982f0cf1df89c0639f7b4f65dfdf9c92a26eb2e,2026-08-28 19:05:24,iron/operators/silu/test.py::test_silu,input_length_1024-num_aie_columns_1-num_channels_1-tile_size_1024,5/5,145.3,147.2,123.2,171.3,19.51179130679703,0.028595314,0.02782609,0.02390485,0.03323731,0.003825116397219828,,,,,
8982f0cf1df89c0639f7b4f65dfdf9c92a26eb2e,2026-08-28 19:05:24,iron/operators/silu/test.py::test_silu,input_length_1024-num_aie_columns_2-num_channels_1-tile_size_512,5/5,157.94,138.6,130.0,208.7,34.20194438917179,0.02683449,0.02956248,0.01962184,0.03151327,0.005220306497668504,,,,,
8982f0cf1df89c0639f7b4f65dfdf9c92a26eb2e,2026-08-28 19:05:24,iron/operators/silu/test.py::test_silu,input_length_1024-num_aie_columns_4-num_channels_1-tile_size_256,5/5,164.64000000000001,174.0,144.5,180.4,17.858135400987422,0.025125214,0.02353874,0.02270221,0.02834896,0.0028293704139048313,,,,,
8982f0cf1df89c0639f7b4f65dfdf9c92a26eb2e,2026-08-28 19:05:24,iron/operators/silu/test.py::test_silu,input_length_1024-num_aie_columns_8-num_channels_1-tile_size_128,5/5,163.54,164.9,152.3,173.6,8.121760892811354,0.02509406,0.02484472,0.02358903,0.0268927,0.001262799134363814,,,,,
8982f0cf1df89c0639f7b4f65dfdf9c92a26eb2e,2026-08-28 19:05:24,iron/operators/silu/test.py::test_silu,input_length_2048-num_aie_columns_1-num_channels_1-tile_size_2048,5/5,148.1,146.2,120.7,187.9,25.414857859134294,0.056543286,0.05602977,0.04359348,0.06786513,0.0090731961224218,,,,,
8982f0cf1df89c0639f7b4f65dfdf9c92a26eb2e,2026-08-28 19:05:24,iron/operators/silu/test.py::test_silu,input_length_2048-num_aie_columns_2-num_channels_1-tile_size_1024,5/5,156.24,152.6,124.8,209.8,34.963809861054905,0.054413282,0.05368635,0.03903927,0.06563209,0.011201496409271398,,,,,
8982f0cf1df89c0639f7b4f65dfdf9c92a26eb2e,2026-08-28 19:05:24,iron/operators/silu/test.py::test_silu,input_length_2048-num_aie_columns_4-num_channels_1-tile_size_512,5/5,156.70000000000002,171.3,95.1,194.5,38.05055847159146,0.055644088,0.04782365,0.04212258,0.08611283,0.017644420219995044,,,,,
8982f0cf1df89c0639f7b4f65dfdf9c92a26eb2e,2026-08-28 19:05:24,iron/operators/silu/test.py::test_silu,input_length_2048-num_aie_columns_8-num_channels_1-tile_size_256,5/5,184.18,167.8,160.5,218.7,27.424569276471775,0.04524219,0.04883196,0.0374601,0.05104495,0.006390230024971714,,,,,
8982f0cf1df89c0639f7b4f65dfdf9c92a26eb2e,2026-08-28 19:05:24,iron/operators/silu/test.py::test_silu,input_length_4096-num_aie_columns_1-num_channels_1-tile_size_4096,5/5,189.26,144.5,122.9,357.4,96.53524226933912,0.10004537399999999,0.1133723,0.04584348,0.1332856,0.03411271427133555,,,,,
8982f0cf1df89c0639f7b4f65dfdf9c92a26eb2e,2026-08-28 19:05:24,iron/operators/silu/test.py::test_silu,input_length_4096-num_aie_columns_2-num_channels_1-tile_size_2048,5/5,174.82,179.3,101.3,256.9,64.43831934493636,0.105568936,0.09139746,0.06376636,0.1617326,0.041280866149986245,,,,,
8982f0cf1df89c0639f7b4f65dfdf9c92a26eb2e,2026-08-28 19:05:24,iron/operators/silu/test.py::test_silu,input_length_4096-num_aie_columns_4-num_channels_1-tile_size_1024,5/5,167.18,189.2,122.0,202.2,38.4574050086586,0.102745122,0.08661451,0.08102668,0.1343479,0.025756054345456712,,,,,
8982f0cf1df89c0639f7b4f65dfdf9c92a26eb2e,2026-08-28 19:05:24,iron/operators/silu/test.py::test_silu,input_length_4096-num_aie_columns_8-num_channels_1-tile_size_512,5/5,162.9,166.1,137.3,175.2,15.108110404679989,0.101349134,0.09862987,0.09350851,0.1193291,0.010425475047225902,,,,,
8982f0cf1df89c0639f7b4f65dfdf9c92a26eb2e,2026-08-28 19:05:24,iron/operators/silu/test.py::test_silu,input_length_8192-num_aie_columns_2-num_channels_1-tile_size_4096,5/5,158.48,151.2,136.5,203.3,25.82638186041553,0.21057716,0.2166795,0.1612067,0.240078,0.02934302738859779,,,,,
8982f0cf1df89c0639f7b4f65dfdf9c92a26eb2e,2026-08-28 19:05:24,iron/operators/silu/test.py::test_silu,input_length_8192-num_aie_columns_4-num_channels_1-tile_size_2048,5/5,162.82,154.7,132.6,194.9,25.952013409367687,0.20535142,0.2117973,0.1681609,0.2470409,0.03236898706712955,,,,,
8982f0cf1df89c0639f7b4f65dfdf9c92a26eb2e,2026-08-28 19:05:24,iron/operators/silu/test.py::test_silu,input_length_8192-num_aie_columns_8-num_channels_1-tile_size_1024,5/5,166.98,161.1,146.1,192.8,18.01296755118379,0.1980354,0.203418,0.1699268,0.2242571,0.020816570272621758,,,,,
8982f0cf1df89c0639f7b4f65dfdf9c92a26eb2e,2026-08-28 19:05:24,iron/operators/softmax/test.py::test_softmax,input_length_32768-num_aie_columns_2-num_channels_2-tile_size_1024,5/5,192.34,183.6,178.2,231.7,22.402075796675625,0.6878766000000001,0.7137482,0.5656458,0.7353722,0.07026237852695426,,,,,
8982f0cf1df89c0639f7b4f65dfdf9c92a26eb2e,2026-08-28 19:05:24,iron/operators/softmax/test.py::test_softmax,input_length_32768-num_aie_columns_2-num_channels_2-tile_size_2048,5/5,177.6,174.8,123.9,236.3,40.327596010672394,0.77025136,0.7496983,0.5546613,1.057749,0.18288776006592952,,,,,
8982f0cf1df89c0639f7b4f65dfdf9c92a26eb2e,2026-08-28 19:05:24,iron/operators/softmax/test.py::test_softmax,input_length_32768-num_aie_columns_2-num_channels_2-tile_size_512,5/5,179.34,171.4,167.1,203.2,14.75510081293923,0.73450474,0.7646874,0.6449854,0.7841673,0.0566952564326417,,,,,
8982f0cf1df89c0639f7b4f65dfdf9c92a26eb2e,2026-08-28 19:05:24,iron/operators/swiglu_decode/test.py::test_swiglu_decode,embedding_dim_1024-hidden_dim_3584,5/5,954.744,959.94,938.73,974.43,15.48706815378559,0.00432,0.0043,0.0042,0.0044,8.366600265340778e-05,,,,,
8982f0cf1df89c0639f7b4f65dfdf9c92a26eb2e,2026-08-28 19:05:24,iron/operators/swiglu_decode/test.py::test_swiglu_decode,embedding_dim_2048-hidden_dim_2048,5/5,1046.24,1030.46,1025.16,1104.19,33.52432922520598,0.00782,0.0079,0.0074,0.008,0.0002489979919597746,,,,,
8982f0cf1df89c0639f7b4f65dfdf9c92a26eb2e,2026-08-28 19:05:24,iron/operators/swiglu_prefill/test.py::test_swiglu_prefill,seq_len_256-embedding_dim_2048-hidden_dim_2048-prio_accuracy_False,5/5,2177.352,2179.93,2147.63,2213.17,25.625928666099075,0.96326,0.962,0.9476,0.9765,0.011300575206599016,,,,,
8982f0cf1df89c0639f7b4f65dfdf9c92a26eb2e,2026-08-28 19:05:24,iron/operators/swiglu_prefill_stream/test.py::test_swiglu_prefill_stream,k_1,5/5,1312.276,1317.52,1246.23,1361.9,44.93252418905489,0.3999,0.3979,0.385,0.4207,0.013886864296881431,,,,,
8982f0cf1df89c0639f7b4f65dfdf9c92a26eb2e,2026-08-28 19:05:24,iron/operators/swiglu_prefill_stream/test.py::test_swiglu_prefill_stream,k_2,5/5,2030.898,1998.53,1914.65,2156.0,103.53785766568666,0.25868,0.2623,0.2432,0.2738,0.013083080676965958,,,,,
8982f0cf1df89c0639f7b4f65dfdf9c92a26eb2e,2026-08-28 19:05:24,iron/operators/swiglu_prefill_stream/test.py::test_swiglu_prefill_stream,k_5,5/5,1413.48,1408.65,1391.83,1452.13,23.268968606279124,0.371,0.3722,0.361,0.3767,0.006048553546096785,,,,,
8982f0cf1df89c0639f7b4f65dfdf9c92a26eb2e,2026-08-28 19:05:24,iron/operators/tanh/test.py::test_tanh,input_length_1024-num_aie_columns_1-num_channels_1-tile_size_1024,5/5,163.44,170.7,126.0,193.6,28.729479633296524,0.025736756,0.02400023,0.02115386,0.03250278,0.004815397640676209,,,,,
8982f0cf1df89c0639f7b4f65dfdf9c92a26eb2e,2026-08-28 19:05:24,iron/operators/tanh/test.py::test_tanh,input_length_1024-num_aie_columns_1-num_channels_2-tile_size_512,5/5,171.84,167.3,133.3,226.3,34.70386145661603,0.02457418,0.02447594,0.01810211,0.03072676,0.004639702498862399,,,,,
8982f0cf1df89c0639f7b4f65dfdf9c92a26eb2e,2026-08-28 19:05:24,iron/operators/tanh/test.py::test_tanh,input_length_1024-num_aie_columns_2-num_channels_1-tile_size_512,5/5,159.44,150.3,130.8,224.6,37.61838646194171,0.026636962,0.02724908,0.01823451,0.03132456,0.00507021633206316,,,,,
8982f0cf1df89c0639f7b4f65dfdf9c92a26eb2e,2026-08-28 19:05:24,iron/operators/tanh/test.py::test_tanh,input_length_1024-num_aie_columns_2-num_channels_2-tile_size_256,5/5,151.56,150.5,142.4,168.6,10.446195479694982,0.027123498,0.02722192,0.02428814,0.02876364,0.0017784248669876384,,,,,
8982f0cf1df89c0639f7b4f65dfdf9c92a26eb2e,2026-08-28 19:05:24,iron/operators/tanh/test.py::test_tanh,input_length_1024-num_aie_columns_4-num_channels_1-tile_size_256,5/5,160.54,155.9,118.7,205.1,32.06763165561186,0.026363987999999998,0.0262687,0.0199726,0.03451414,0.005420652708269549,,,,,
8982f0cf1df89c0639f7b4f65dfdf9c92a26eb2e,2026-08-28 19:05:24,iron/operators/tanh/test.py::test_tanh,input_length_1024-num_aie_columns_4-num_channels_2-tile_size_128,5/5,175.5,156.3,133.5,248.3,45.66251197645614,0.024474782,0.0262097,0.01649657,0.03067131,0.005535830976336796,,,,,
8982f0cf1df89c0639f7b4f65dfdf9c92a26eb2e,2026-08-28 19:05:24,iron/operators/tanh/test.py::test_tanh,input_length_1024-num_aie_columns_8-num_channels_1-tile_size_128,5/5,169.14,153.9,144.6,217.6,30.19450281094226,0.024775116,0.02661244,0.01881955,0.02833328,0.003920989866912435,,,,,
8982f0cf1df89c0639f7b4f65dfdf9c92a26eb2e,2026-08-28 19:05:24,iron/operators/tanh/test.py::test_tanh,input_length_1024-num_aie_columns_8-num_channels_2-tile_size_64,5/5,203.02,199.6,194.7,216.3,9.04029866763262,0.02020462,0.02052207,0.0189329,0.02103404,0.000880673097494184,,,,,
8982f0cf1df89c0639f7b4f65dfdf9c92a26eb2e,2026-08-28 19:05:24,iron/operators/tanh/test.py::test_tanh,input_length_2048-num_aie_columns_1-num_channels_1-tile_size_2048,5/5,177.62,189.5,115.2,214.2,39.75439598333748,0.048497385999999996,0.04324073,0.03824499,0.07113581,0.013425236439177894,,,,,
8982f0cf1df89c0639f7b4f65dfdf9c92a26eb2e,2026-08-28 19:05:24,iron/operators/tanh/test.py::test_tanh,input_length_2048-num_aie_columns_1-num_channels_2-tile_size_1024,5/5,189.98,183.5,127.8,279.7,55.2589992670877,0.045870958,0.04465035,0.02928706,0.0640781,0.01235248103470999,,,,,
8982f0cf1df89c0639f7b4f65dfdf9c92a26eb2e,2026-08-28 19:05:24,iron/operators/tanh/test.py::test_tanh,input_length_2048-num_aie_columns_2-num_channels_1-tile_size_1024,5/5,197.0,196.3,151.3,275.9,48.88895580803499,0.043444576,0.04172928,0.02969235,0.05414802,0.009540395894302814,,,,,
8982f0cf1df89c0639f7b4f65dfdf9c92a26eb2e,2026-08-28 19:05:24,iron/operators/tanh/test.py::test_tanh,input_length_2048-num_aie_columns_2-num_channels_2-tile_size_512,5/5,200.52,194.0,154.2,269.0,42.25218337553694,0.042203524,0.04223334,0.03045432,0.05314166,0.008138823900074876,,,,,
8982f0cf1df89c0639f7b4f65dfdf9c92a26eb2e,2026-08-28 19:05:24,iron/operators/tanh/test.py::test_tanh,input_length_2048-num_aie_columns_4-num_channels_1-tile_size_512,5/5,156.44,152.9,131.5,211.1,32.5617567093669,0.05394542,0.05358416,0.03879835,0.06230558,0.009609740177728532,,,,,
8982f0cf1df89c0639f7b4f65dfdf9c92a26eb2e,2026-08-28 19:05:24,iron/operators/tanh/test.py::test_tanh,input_length_2048-num_aie_columns_4-num_channels_2-tile_size_256,5/5,198.38,196.8,134.6,273.9,50.948621178595204,0.043555132,0.04162496,0.02990512,0.06084102,0.011374897490734587,,,,,
8982f0cf1df89c0639f7b4f65dfdf9c92a26eb2e,2026-08-28 19:05:24,iron/operators/tanh/test.py::test_tanh,input_length_2048-num_aie_columns_8-num_channels_1-tile_size_256,5/5,177.14000000000001,180.3,138.9,217.3,29.094724607736023,0.04727514,0.04543438,0.03769487,0.05896282,0.007949778482363517,,,,,
8982f0cf1df89c0639f7b4f65dfdf9c92a26eb2e,2026-08-28 19:05:24,iron/operators/tanh/test.py::test_tanh,input_length_2048-num_aie_columns_8-num_channels_2-tile_size_128,5/5,238.70000000000002,221.3,170.7,331.1,58.94488951554665,0.035933480000000004,0.0370106,0.02474468,0.04800019,0.008409349922190773,,,,,
8982f0cf1df89c0639f7b4f65dfdf9c92a26eb2e,2026-08-28 19:05:24,iron/operators/tanh/test.py::test_tanh,input_length_4096-num_aie_columns_1-num_channels_1-tile_size_4096,5/5,157.88,164.0,123.8,179.4,21.167593155576288,0.10547221400000001,0.09988843,0.09130985,0.1323361,0.01598694994151887,,,,,
8982f0cf1df89c0639f7b4f65dfdf9c92a26eb2e,2026-08-28 19:05:24,iron/operators/tanh/test.py::test_tanh,input_length_4096-num_aie_columns_1-num_channels_2-tile_size_2048,5/5,176.48,182.1,147.2,190.9,16.956621125684215,0.093620412,0.08997402,0.08583223,0.1113187,0.010116439471902654,,,,,
8982f0cf1df89c0639f7b4f65dfdf9c92a26eb2e,2026-08-28 19:05:24,iron/operators/tanh/test.py::test_tanh,input_length_4096-num_aie_columns_2-num_channels_1-tile_size_2048,5/5,173.82,177.3,159.3,188.8,11.518984330226344,0.094588992,0.09238334,0.08677047,0.1028538,0.006310563472224169,,,,,
8982f0cf1df89c0639f7b4f65dfdf9c92a26eb2e,2026-08-28 19:05:24,iron/operators/tanh/test.py::test_tanh,input_length_4096-num_aie_columns_2-num_channels_2-tile_size_1024,5/5,204.4,180.0,174.2,309.5,58.80403897692743,0.08418536,0.09104094,0.05293528,0.09404579,0.017516215861753646,,,,,
8982f0cf1df89c0639f7b4f65dfdf9c92a26eb2e,2026-08-28 19:05:24,iron/operators/tanh/test.py::test_tanh,input_length_4096-num_aie_columns_4-num_channels_1-tile_size_1024,5/5,215.88,214.7,183.0,265.9,33.01457254001632,0.077247566,0.07631113,0.06160603,0.08953054,0.011183845372144145,,,,,
8982f0cf1df89c0639f7b4f65dfdf9c92a26eb2e,2026-08-28 19:05:24,iron/operators/tanh/test.py::test_tanh,input_length_4096-num_aie_columns_4-num_channels_2-tile_size_512,5/5,195.82,198.0,155.5,222.5,27.888474321841272,0.08515226399999999,0.08276085,0.07363794,0.1053857,0.013075297414431154,,,,,
8982f0cf1df89c0639f7b4f65dfdf9c92a26eb2e,2026-08-28 19:05:24,iron/operators/tanh/test.py::test_tanh,input_length_4096-num_aie_columns_8-num_channels_1-tile_size_512,5/5,195.6,188.0,174.0,219.7,18.366137318445592,0.08434765600000001,0.08714476,0.07457136,0.09414902,0.007811252425355998,,,,,
8982f0cf1df89c0639f7b4f65dfdf9c92a26eb2e,2026-08-28 19:05:24,iron/operators/tanh/test.py::test_tanh,input_length_4096-num_aie_columns_8-num_channels_2-tile_size_256,5/5,230.76,221.4,211.2,283.7,30.275617252171752,0.07185706,0.07400749,0.05775277,0.07758568,0.008187216626351105,,,,,
8982f0cf1df89c0639f7b4f65dfdf9c92a26eb2e,2026-08-28 19:05:24,iron/operators/tanh/test.py::test_tanh,input_length_8192-num_aie_columns_1-num_channels_2-tile_size_4096,5/5,164.94,173.6,129.1,177.5,20.25075307241684,0.20153502,0.1887873,0.1845887,0.2537873,0.029386685388063077,,,,,
8982f0cf1df89c0639f7b4f65dfdf9c92a26eb2e,2026-08-28 19:05:24,iron/operators/tanh/test.py::test_tanh,input_length_8192-num_aie_columns_2-num_channels_1-tile_size_4096,5/5,167.46,168.6,127.2,195.5,26.44556673622254,0.2001099,0.1943281,0.1676516,0.2577073,0.03530875591259198,,,,,
8982f0cf1df89c0639f7b4f65dfdf9c92a26eb2e,2026-08-28 19:05:24,iron/operators/tanh/test.py::test_tanh,input_length_8192-num_aie_columns_2-num_channels_2-tile_size_2048,5/5,170.4,166.6,129.2,206.0,30.091527046662158,0.1974656,0.1967256,0.1590656,0.2536301,0.036986249764270514,,,,,
8982f0cf1df89c0639f7b4f65dfdf9c92a26eb2e,2026-08-28 19:05:24,iron/operators/tanh/test.py::test_tanh,input_length_8192-num_aie_columns_4-num_channels_1-tile_size_2048,5/5,160.42,151.0,141.8,192.7,20.437392201550562,0.20673972,0.2170382,0.170022,0.2310534,0.02432681517938589,,,,,
8982f0cf1df89c0639f7b4f65dfdf9c92a26eb2e,2026-08-28 19:05:24,iron/operators/tanh/test.py::test_tanh,input_length_8192-num_aie_columns_4-num_channels_2-tile_size_1024,5/5,190.74,176.3,120.5,333.3,84.33755391283293,0.194308722,0.1858903,0.09832091,0.2720036,0.06677634208537422,,,,,
8982f0cf1df89c0639f7b4f65dfdf9c92a26eb2e,2026-08-28 19:05:24,iron/operators/tanh/test.py::test_tanh,input_length_8192-num_aie_columns_8-num_channels_1-tile_size_1024,5/5,201.2,195.4,147.2,264.4,42.0739824594725,0.16867262,0.1677382,0.1239409,0.2226374,0.03548520461082337,,,,,
8982f0cf1df89c0639f7b4f65dfdf9c92a26eb2e,2026-08-28 19:05:24,iron/operators/tanh/test.py::test_tanh,input_length_8192-num_aie_columns_8-num_channels_2-tile_size_512,5/5,235.48,213.4,176.1,372.1,77.88955000511945,0.14863181,0.153583,0.08806235,0.1860592,0.036393102214265824,,,,,
8982f0cf1df89c0639f7b4f65dfdf9c92a26eb2e,2026-08-28 19:05:24,iron/operators/transpose/test.py::test_transpose,M_2048-N_128-aie_columns_1-channels_1-m_64-n_64-s_8-num_batches_1,5/5,221.62,213.7,200.7,246.6,21.72802337995797,4.7672274,4.906376,4.252823,5.225063,0.4570256783740928,,,,,
8982f0cf1df89c0639f7b4f65dfdf9c92a26eb2e,2026-08-28 19:05:24,iron/operators/transpose/test.py::test_transpose,M_2048-N_128-aie_columns_1-channels_2-m_64-n_64-s_8-num_batches_1,5/5,223.7,236.5,174.8,246.2,29.174732218136974,4.7624198,4.434456,4.259405,5.998959,0.719260533641114,,,,,
8982f0cf1df89c0639f7b4f65dfdf9c92a26eb2e,2026-08-28 19:05:24,iron/operators/transpose/test.py::test_transpose,M_2048-N_128-aie_columns_2-channels_1-m_64-n_64-s_8-num_batches_1,5/5,222.62,228.9,172.9,273.5,36.87976409902861,4.8179954,4.581796,3.833748,6.063586,0.825572810589593,,,,,
8982f0cf1df89c0639f7b4f65dfdf9c92a26eb2e,2026-08-28 19:05:24,iron/operators/transpose/test.py::test_transpose,M_2048-N_128-aie_columns_2-channels_2-m_64-n_64-s_8-num_batches_1,5/5,232.44,207.0,154.3,370.9,82.77401766254914,4.9064246,5.064728,2.826907,6.79464,1.446828850512147,,,,,
8982f0cf1df89c0639f7b4f65dfdf9c92a26eb2e,2026-08-28 19:05:24,iron/operators/transpose/test.py::test_transpose,M_2048-N_256-aie_columns_1-channels_1-m_64-n_64-s_8-num_batches_1,5/5,253.2,255.0,234.1,267.6,13.315592363841729,8.3016652,8.225545,7.838355,8.956982,0.4446736325488616,,,,,
8982f0cf1df89c0639f7b4f65dfdf9c92a26eb2e,2026-08-28 19:05:24,iron/operators/transpose/test.py::test_transpose,M_2048-N_256-aie_columns_1-channels_2-m_64-n_64-s_8-num_batches_1,5/5,268.58,265.7,234.3,316.3,34.66514099206867,7.9106966000000005,7.891536,6.62999,8.951591,0.9949585316319971,,,,,
8982f0cf1df89c0639f7b4f65dfdf9c92a26eb2e,2026-08-28 19:05:24,iron/operators/transpose/test.py::test_transpose,M_2048-N_256-aie_columns_2-channels_1-m_64-n_64-s_8-num_batches_1,5/5,276.32,274.6,260.8,295.0,12.461821696686242,7.6018376,7.63731,7.107978,8.041011,0.33873296905423866,,,,,
8982f0cf1df89c0639f7b4f65dfdf9c92a26eb2e,2026-08-28 19:05:24,iron/operators/transpose/test.py::test_transpose,M_2048-N_256-aie_columns_2-channels_2-m_64-n_64-s_8-num_batches_1,5/5,243.9,247.6,205.5,281.1,27.791455521436806,8.6899706,8.470193,7.460626,10.20353,1.015368758693018,,,,,
8982f0cf1df89c0639f7b4f65dfdf9c92a26eb2e,2026-08-28 19:05:24,iron/operators/transpose/test.py::test_transpose,M_2048-N_256-aie_columns_4-channels_1-m_64-n_64-s_8-num_batches_1,5/5,257.74,266.2,235.0,274.6,17.40453963769223,8.1676314,7.876982,7.637867,8.924127,0.5663905792677876,,,,,
8982f0cf1df89c0639f7b4f65dfdf9c92a26eb2e,2026-08-28 19:05:24,iron/operators/transpose/test.py::test_transpose,M_2048-N_256-aie_columns_4-channels_2-m_64-n_64-s_8-num_batches_1,5/5,245.16,247.1,219.0,262.4,15.967247727770738,8.5843654,8.487367,7.990977,9.574812,0.5913769419332308,,,,,
8982f0cf1df89c0639f7b4f65dfdf9c92a26eb2e,2026-08-28 19:05:24,iron/operators/transpose/test.py::test_transpose,M_2048-N_512-aie_columns_1-channels_1-m_64-n_64-s_8-num_batches_1,5/5,372.82,368.8,360.7,395.2,13.119717984773905,11.260769999999999,11.37244,10.61357,11.62894,0.3826551137774069,,,,,
8982f0cf1df89c0639f7b4f65dfdf9c92a26eb2e,2026-08-28 19:05:24,iron/operators/transpose/test.py::test_transpose,M_2048-N_512-aie_columns_1-channels_2-m_64-n_64-s_8-num_batches_1,5/5,338.22,348.9,285.1,359.5,30.579846304388113,12.49221,12.02306,11.66556,14.71097,1.2652300787998996,,,,,
8982f0cf1df89c0639f7b4f65dfdf9c92a26eb2e,2026-08-28 19:05:24,iron/operators/transpose/test.py::test_transpose,M_2048-N_512-aie_columns_2-channels_1-m_64-n_64-s_8-num_batches_1,5/5,345.6,352.4,314.6,364.5,19.167811560008605,12.167474,11.90106,11.50811,13.33091,0.7063588791329799,,,,,
8982f0cf1df89c0639f7b4f65dfdf9c92a26eb2e,2026-08-28 19:05:24,iron/operators/transpose/test.py::test_transpose,M_2048-N_512-aie_columns_2-channels_2-m_64-n_64-s_8-num_batches_1,5/5,321.78000000000003,335.6,252.9,349.6,38.99367897493131,13.21807,12.49606,11.99826,16.5847,1.8947634344160231,,,,,
8982f0cf1df89c0639f7b4f65dfdf9c92a26eb2e,2026-08-28 19:05:24,iron/operators/transpose/test.py::test_transpose,M_2048-N_512-aie_columns_4-channels_1-m_64-n_64-s_8-num_batches_1,5/5,319.7,309.3,297.0,348.8,21.188322255431174,13.163974,13.55888,12.02582,14.1219,0.8537073693485376,,,,,
8982f0cf1df89c0639f7b4f65dfdf9c92a26eb2e,2026-08-28 19:05:24,iron/operators/transpose/test.py::test_transpose,M_2048-N_512-aie_columns_4-channels_2-m_64-n_64-s_8-num_batches_1,5/5,312.26,314.6,284.4,346.2,26.875788360530002,13.512922,13.3343,12.11666,14.75039,1.1600932447523342,,,,,
8982f0cf1df89c0639f7b4f65dfdf9c92a26eb2e,2026-08-28 19:05:24,iron/operators/transpose/test.py::test_transpose,M_2048-N_512-aie_columns_8-channels_1-m_64-n_64-s_8-num_batches_1,5/5,339.06,330.6,290.4,429.1,54.6665162599557,12.6030958,12.68694,9.774699,14.44101,1.8174049414558662,,,,,
8982f0cf1df89c0639f7b4f65dfdf9c92a26eb2e,2026-08-28 19:05:24,iron/operators/transpose/test.py::test_transpose,M_2048-N_512-aie_columns_8-channels_2-m_64-n_64-s_8-num_batches_1,5/5,348.88,325.0,281.1,424.0,59.41428279462775,12.3005332,12.90638,9.893206,14.91966,2.0536944913329247,,,,,
8982f0cf1df89c0639f7b4f65dfdf9c92a26eb2e,2026-08-28 19:05:24,iron/operators/transpose/test.py::test_transpose,M_2048-N_64-aie_columns_1-channels_1-m_64-n_64-s_8-num_batches_1,5/5,170.8,159.4,145.3,200.9,25.99961538177055,3.1254551999999998,3.289258,2.609917,3.60814,0.45857207779660986,,,,,
8982f0cf1df89c0639f7b4f65dfdf9c92a26eb2e,2026-08-28 19:05:24,iron/operators/transpose/test.py::test_transpose,M_2048-N_64-aie_columns_1-channels_1-m_64-n_64-s_8-num_batches_2,5/5,273.32,282.7,215.8,347.0,53.32885710382325,3.9547124,3.709029,3.022251,4.859445,0.7640616951848849,,,,,
8982f0cf1df89c0639f7b4f65dfdf9c92a26eb2e,2026-08-28 19:05:24,iron/operators/transpose/test.py::test_transpose,M_2048-N_64-aie_columns_1-channels_1-m_64-n_64-s_8-num_batches_4,5/5,282.62,284.7,238.9,313.0,28.961647052610804,7.4874102,7.367398,6.700894,8.778551,0.8161028218605179,,,,,
8982f0cf1df89c0639f7b4f65dfdf9c92a26eb2e,2026-08-28 19:05:24,iron/operators/transpose/test.py::test_transpose,M_2048-N_64-aie_columns_1-channels_2-m_64-n_64-s_8-num_batches_1,5/5,188.60000000000002,169.8,157.8,243.3,35.00821332201917,2.8500692,3.087789,2.154877,3.322463,0.47490517560898404,,,,,
8982f0cf1df89c0639f7b4f65dfdf9c92a26eb2e,2026-08-28 19:05:24,iron/operators/transpose/test.py::test_transpose,M_64-N_128-aie_columns_1-channels_1-m_64-n_64-s_8-num_batches_1,5/5,171.98,139.2,116.4,333.6,91.05252330386018,0.220393192,0.2354615,0.09821776,0.2814588,0.07170865039988773,,,,,
8982f0cf1df89c0639f7b4f65dfdf9c92a26eb2e,2026-08-28 19:05:24,iron/operators/transpose/test.py::test_transpose,M_64-N_128-aie_columns_2-channels_1-m_64-n_64-s_8-num_batches_1,5/5,174.28,181.9,128.9,210.6,30.722906763520925,0.19328394000000002,0.1801657,0.1555625,0.2541416,0.037881445399073684,,,,,
8982f0cf1df89c0639f7b4f65dfdf9c92a26eb2e,2026-08-28 19:05:24,iron/operators/transpose/test.py::test_transpose,M_64-N_256-aie_columns_1-channels_1-m_64-n_64-s_8-num_batches_1,5/5,165.0,169.9,132.9,186.1,19.946428251694584,0.40236616,0.3856783,0.3521831,0.4929631,0.054051482295197045,,,,,
8982f0cf1df89c0639f7b4f65dfdf9c92a26eb2e,2026-08-28 19:05:24,iron/operators/transpose/test.py::test_transpose,M_64-N_256-aie_columns_2-channels_1-m_64-n_64-s_8-num_batches_1,5/5,150.3,150.2,131.4,175.4,16.30245380303223,0.44001776,0.4362494,0.373712,0.4988658,0.04597859748397074,,,,,
8982f0cf1df89c0639f7b4f65dfdf9c92a26eb2e,2026-08-28 19:05:24,iron/operators/transpose/test.py::test_transpose,M_64-N_256-aie_columns_4-channels_1-m_64-n_64-s_8-num_batches_1,5/5,171.2,174.6,140.7,200.5,27.535431719876847,0.39105036,0.3754289,0.3267928,0.4658582,0.06435185112926435,,,,,
8982f0cf1df89c0639f7b4f65dfdf9c92a26eb2e,2026-08-28 19:05:24,iron/operators/transpose/test.py::test_transpose,M_64-N_512-aie_columns_1-channels_1-m_64-n_64-s_8-num_batches_1,5/5,199.22,175.6,140.7,329.3,77.25035275000369,0.72358258,0.7466193,0.3980237,0.931584,0.21765471328158048,,,,,
8982f0cf1df89c0639f7b4f65dfdf9c92a26eb2e,2026-08-28 19:05:24,iron/operators/transpose/test.py::test_transpose,M_64-N_512-aie_columns_2-channels_1-m_64-n_64-s_8-num_batches_1,5/5,174.24,162.2,149.6,205.3,24.676567832662634,0.76407676,0.8079393,0.6385626,0.8762962,0.10408090039975153,,,,,
8982f0cf1df89c0639f7b4f65dfdf9c92a26eb2e,2026-08-28 19:05:24,iron/operators/transpose/test.py::test_transpose,M_64-N_512-aie_columns_4-channels_1-m_64-n_64-s_8-num_batches_1,5/5,169.38,155.1,130.9,242.0,43.63068874083928,0.80939176,0.8450534,0.5415281,1.00139,0.17541017068358097,,,,,
8982f0cf1df89c0639f7b4f65dfdf9c92a26eb2e,2026-08-28 19:05:24,iron/operators/transpose/test.py::test_transpose,M_64-N_512-aie_columns_8-channels_1-m_64-n_64-s_8-num_batches_1,5/5,174.52,171.5,153.4,205.2,18.867617761657133,0.75764382,0.7641925,0.638656,0.8543178,0.07713112286549445,,,,,
8982f0cf1df89c0639f7b4f65dfdf9c92a26eb2e,2026-08-28 19:05:24,iron/operators/transpose/test.py::test_transpose,M_64-N_64-aie_columns_1-channels_1-m_64-n_64-s_8-num_batches_1,5/5,171.3,171.8,132.1,197.8,24.385138916971545,0.097425292,0.09536282,0.08281984,0.124016,0.015745294710616566,,,,,
